[0m21:34:17.820961 [debug] [MainThread]: Sending event: {'category': 'dbt', 'action': 'invocation', 'label': 'start', 'context': [<snowplow_tracker.self_describing_json.SelfDescribingJson object at 0x1093d6690>, <snowplow_tracker.self_describing_json.SelfDescribingJson object at 0x109317f10>, <snowplow_tracker.self_describing_json.SelfDescribingJson object at 0x109462ed0>]}


============================== 21:34:17.823358 | 4a029c42-000d-4fc4-a6e8-e082a55906a0 ==============================
[0m21:34:17.823358 [info ] [MainThread]: Running with dbt=1.11.11
[0m21:34:17.823605 [debug] [MainThread]: running dbt with arguments {'empty': 'None', 'no_print': 'None', 'log_format': 'default', 'log_cache_events': 'False', 'quiet': 'False', 'warn_error_options': 'WarnErrorOptionsV2(error=[], warn=[], silence=[])', 'fail_fast': 'False', 'warn_error': 'None', 'debug': 'False', 'version_check': 'True', 'target_path': 'None', 'profiles_dir': '/Users/perrikwong/.dbt', 'use_experimental_parser': 'False', 'indirect_selection': 'eager', 'static_parser': 'True', 'introspect': 'True', 'use_colors': 'True', 'send_anonymous_usage_stats': 'True', 'invocation_command': 'dbt debug', 'partial_parse': 'True', 'write_json': 'True', 'cache_selected_only': 'False', 'log_path': 'logs', 'printer_width': '80'}
[0m21:34:17.849117 [info ] [MainThread]: dbt version: 1.11.11
[0m21:34:17.849281 [info ] [MainThread]: python version: 3.11.15
[0m21:34:17.849408 [info ] [MainThread]: python path: /Users/perrikwong/Desktop/github_pulse/.venv/bin/python
[0m21:34:17.849513 [info ] [MainThread]: os info: macOS-15.7.3-arm64-arm-64bit
[0m21:34:18.628342 [info ] [MainThread]: Using profiles dir at /Users/perrikwong/.dbt
[0m21:34:18.628560 [info ] [MainThread]: Using profiles.yml file at /Users/perrikwong/.dbt/profiles.yml
[0m21:34:18.628676 [info ] [MainThread]: Using dbt_project.yml file at /Users/perrikwong/Desktop/github_pulse/dbt_project.yml
[0m21:34:18.628778 [info ] [MainThread]: adapter type: bigquery
[0m21:34:18.628878 [info ] [MainThread]: adapter version: 1.11.1
[0m21:34:18.628982 [info ] [MainThread]: Configuration:
[0m21:34:18.629077 [info ] [MainThread]:   profiles.yml file [[32mOK found and valid[0m]
[0m21:34:18.629169 [info ] [MainThread]:   dbt_project.yml file [[31mERROR not found[0m]
[0m21:34:18.629265 [info ] [MainThread]: Required dependencies:
[0m21:34:18.629385 [debug] [MainThread]: Executing "git --help"
[0m21:34:18.650631 [debug] [MainThread]: STDOUT: "b"usage: git [-v | --version] [-h | --help] [-C <path>] [-c <name>=<value>]\n           [--exec-path[=<path>]] [--html-path] [--man-path] [--info-path]\n           [-p | --paginate | -P | --no-pager] [--no-replace-objects] [--bare]\n           [--git-dir=<path>] [--work-tree=<path>] [--namespace=<name>]\n           [--super-prefix=<path>] [--config-env=<name>=<envvar>]\n           <command> [<args>]\n\nThese are common Git commands used in various situations:\n\nstart a working area (see also: git help tutorial)\n   clone     Clone a repository into a new directory\n   init      Create an empty Git repository or reinitialize an existing one\n\nwork on the current change (see also: git help everyday)\n   add       Add file contents to the index\n   mv        Move or rename a file, a directory, or a symlink\n   restore   Restore working tree files\n   rm        Remove files from the working tree and from the index\n\nexamine the history and state (see also: git help revisions)\n   bisect    Use binary search to find the commit that introduced a bug\n   diff      Show changes between commits, commit and working tree, etc\n   grep      Print lines matching a pattern\n   log       Show commit logs\n   show      Show various types of objects\n   status    Show the working tree status\n\ngrow, mark and tweak your common history\n   branch    List, create, or delete branches\n   commit    Record changes to the repository\n   merge     Join two or more development histories together\n   rebase    Reapply commits on top of another base tip\n   reset     Reset current HEAD to the specified state\n   switch    Switch branches\n   tag       Create, list, delete or verify a tag object signed with GPG\n\ncollaborate (see also: git help workflows)\n   fetch     Download objects and refs from another repository\n   pull      Fetch from and integrate with another repository or a local branch\n   push      Update remote refs along with associated objects\n\n'git help -a' and 'git help -g' list available subcommands and some\nconcept guides. See 'git help <command>' or 'git help <concept>'\nto read about a specific subcommand or concept.\nSee 'git help git' for an overview of the system.\n""
[0m21:34:18.651007 [debug] [MainThread]: STDERR: "b''"
[0m21:34:18.651138 [info ] [MainThread]:  - git [[32mOK found[0m]

[0m21:34:18.651261 [info ] [MainThread]: Connection:
[0m21:34:18.651426 [info ] [MainThread]:   method: service-account
[0m21:34:18.651526 [info ] [MainThread]:   database: github-pulse-jumpy
[0m21:34:18.651616 [info ] [MainThread]:   execution_project: github-pulse-jumpy
[0m21:34:18.651707 [info ] [MainThread]:   schema: github_pulse_analytics_dev
[0m21:34:18.651797 [info ] [MainThread]:   location: US
[0m21:34:18.651884 [info ] [MainThread]:   priority: interactive
[0m21:34:18.651971 [info ] [MainThread]:   maximum_bytes_billed: None
[0m21:34:18.652060 [info ] [MainThread]:   impersonate_service_account: None
[0m21:34:18.652147 [info ] [MainThread]:   job_retry_deadline_seconds: None
[0m21:34:18.652232 [info ] [MainThread]:   job_retries: 1
[0m21:34:18.652321 [info ] [MainThread]:   job_creation_timeout_seconds: None
[0m21:34:18.652405 [info ] [MainThread]:   job_execution_timeout_seconds: 300
[0m21:34:18.652490 [info ] [MainThread]:   timeout_seconds: 300
[0m21:34:18.652579 [info ] [MainThread]:   client_id: None
[0m21:34:18.652661 [info ] [MainThread]:   token_uri: None
[0m21:34:18.652745 [info ] [MainThread]:   compute_region: None
[0m21:34:18.652824 [info ] [MainThread]:   dataproc_cluster_name: None
[0m21:34:18.652905 [info ] [MainThread]:   gcs_bucket: None
[0m21:34:18.652984 [info ] [MainThread]:   dataproc_batch: None
[0m21:34:18.653236 [info ] [MainThread]: Registered adapter: bigquery=1.11.1
[0m21:34:18.714453 [debug] [MainThread]: Acquiring new bigquery connection 'debug'
[0m21:34:18.714705 [debug] [MainThread]: On debug: select 1 as id
[0m21:34:18.714853 [debug] [MainThread]: Opening a new connection, currently in state init
[0m21:34:18.714994 [debug] [MainThread]: BigQuery adapter: Got an error when attempting to create a bigquery " "client: '[Errno 2] No such file or directory: '/Users/perrikwong/.gcp/github-pulse-dbt.json''
[0m21:34:18.715113 [debug] [MainThread]: BigQuery adapter: Unhandled error while running:
select 1 as id
[0m21:34:18.715205 [debug] [MainThread]: BigQuery adapter: Database Error
  [Errno 2] No such file or directory: '/Users/perrikwong/.gcp/github-pulse-dbt.json'
[0m21:34:18.715309 [info ] [MainThread]:   Connection test: [[31mERROR[0m]

[0m21:34:18.715452 [info ] [MainThread]: [31m2 checks failed:[0m
[0m21:34:18.715548 [info ] [MainThread]: Project loading failed for the following reason:
 project path </Users/perrikwong/Desktop/github_pulse/dbt_project.yml> not found

[0m21:34:18.715641 [info ] [MainThread]: dbt was unable to connect to the specified database.
The database returned the following error:

  >'NoneType' object has no attribute 'close'

Check your database credentials and try again. For more information, visit:
https://docs.getdbt.com/docs/configure-your-profile


[0m21:34:18.715906 [debug] [MainThread]: Resource report: {"command_name": "debug", "command_success": false, "command_wall_clock_time": 0.9295388, "process_in_blocks": "0", "process_kernel_time": 0.223526, "process_mem_max_rss": "210059264", "process_out_blocks": "0", "process_user_time": 0.785786}
[0m21:34:18.716221 [debug] [MainThread]: Command `dbt debug` failed at 21:34:18.716185 after 0.93 seconds
[0m21:34:18.716370 [debug] [MainThread]: Sending event: {'category': 'dbt', 'action': 'invocation', 'label': 'end', 'context': [<snowplow_tracker.self_describing_json.SelfDescribingJson object at 0x10590a010>, <snowplow_tracker.self_describing_json.SelfDescribingJson object at 0x1093e8910>, <snowplow_tracker.self_describing_json.SelfDescribingJson object at 0x10582b390>]}
[0m21:34:18.716514 [debug] [MainThread]: Flushing usage events
[0m21:34:19.121213 [debug] [MainThread]: An error was encountered while trying to flush usage events
[0m21:53:49.433597 [debug] [MainThread]: Sending event: {'category': 'dbt', 'action': 'invocation', 'label': 'start', 'context': [<snowplow_tracker.self_describing_json.SelfDescribingJson object at 0x1052bc9d0>, <snowplow_tracker.self_describing_json.SelfDescribingJson object at 0x10533dad0>, <snowplow_tracker.self_describing_json.SelfDescribingJson object at 0x10533e650>]}


============================== 21:53:49.436080 | a1ddf6fc-4752-4760-a453-b0dc89ed60c5 ==============================
[0m21:53:49.436080 [info ] [MainThread]: Running with dbt=1.11.11
[0m21:53:49.436350 [debug] [MainThread]: running dbt with arguments {'introspect': 'True', 'fail_fast': 'False', 'log_path': '/Users/perrikwong/Desktop/github_pulse/logs', 'empty': 'None', 'profiles_dir': '/Users/perrikwong/.dbt', 'static_parser': 'True', 'use_colors': 'True', 'partial_parse': 'True', 'warn_error_options': 'WarnErrorOptionsV2(error=[], warn=[], silence=[])', 'indirect_selection': 'eager', 'no_print': 'None', 'log_format': 'default', 'quiet': 'False', 'send_anonymous_usage_stats': 'True', 'printer_width': '80', 'cache_selected_only': 'False', 'invocation_command': 'dbt debug', 'use_experimental_parser': 'False', 'warn_error': 'None', 'debug': 'False', 'log_cache_events': 'False', 'version_check': 'True', 'target_path': 'None', 'write_json': 'True'}
[0m21:53:49.443980 [info ] [MainThread]: dbt version: 1.11.11
[0m21:53:49.444128 [info ] [MainThread]: python version: 3.11.15
[0m21:53:49.444248 [info ] [MainThread]: python path: /Users/perrikwong/Desktop/github_pulse/.venv/bin/python
[0m21:53:49.444353 [info ] [MainThread]: os info: macOS-15.7.3-arm64-arm-64bit
[0m21:53:50.032365 [info ] [MainThread]: Using profiles dir at /Users/perrikwong/.dbt
[0m21:53:50.032583 [info ] [MainThread]: Using profiles.yml file at /Users/perrikwong/.dbt/profiles.yml
[0m21:53:50.032698 [info ] [MainThread]: Using dbt_project.yml file at /Users/perrikwong/Desktop/github_pulse/dbt_project.yml
[0m21:53:50.032804 [info ] [MainThread]: adapter type: bigquery
[0m21:53:50.032904 [info ] [MainThread]: adapter version: 1.11.1
[0m21:53:50.065800 [info ] [MainThread]: Configuration:
[0m21:53:50.065947 [info ] [MainThread]:   profiles.yml file [[32mOK found and valid[0m]
[0m21:53:50.066052 [info ] [MainThread]:   dbt_project.yml file [[32mOK found and valid[0m]
[0m21:53:50.066150 [info ] [MainThread]: Required dependencies:
[0m21:53:50.066277 [debug] [MainThread]: Executing "git --help"
[0m21:53:50.085040 [debug] [MainThread]: STDOUT: "b"usage: git [-v | --version] [-h | --help] [-C <path>] [-c <name>=<value>]\n           [--exec-path[=<path>]] [--html-path] [--man-path] [--info-path]\n           [-p | --paginate | -P | --no-pager] [--no-replace-objects] [--bare]\n           [--git-dir=<path>] [--work-tree=<path>] [--namespace=<name>]\n           [--super-prefix=<path>] [--config-env=<name>=<envvar>]\n           <command> [<args>]\n\nThese are common Git commands used in various situations:\n\nstart a working area (see also: git help tutorial)\n   clone     Clone a repository into a new directory\n   init      Create an empty Git repository or reinitialize an existing one\n\nwork on the current change (see also: git help everyday)\n   add       Add file contents to the index\n   mv        Move or rename a file, a directory, or a symlink\n   restore   Restore working tree files\n   rm        Remove files from the working tree and from the index\n\nexamine the history and state (see also: git help revisions)\n   bisect    Use binary search to find the commit that introduced a bug\n   diff      Show changes between commits, commit and working tree, etc\n   grep      Print lines matching a pattern\n   log       Show commit logs\n   show      Show various types of objects\n   status    Show the working tree status\n\ngrow, mark and tweak your common history\n   branch    List, create, or delete branches\n   commit    Record changes to the repository\n   merge     Join two or more development histories together\n   rebase    Reapply commits on top of another base tip\n   reset     Reset current HEAD to the specified state\n   switch    Switch branches\n   tag       Create, list, delete or verify a tag object signed with GPG\n\ncollaborate (see also: git help workflows)\n   fetch     Download objects and refs from another repository\n   pull      Fetch from and integrate with another repository or a local branch\n   push      Update remote refs along with associated objects\n\n'git help -a' and 'git help -g' list available subcommands and some\nconcept guides. See 'git help <command>' or 'git help <concept>'\nto read about a specific subcommand or concept.\nSee 'git help git' for an overview of the system.\n""
[0m21:53:50.085485 [debug] [MainThread]: STDERR: "b''"
[0m21:53:50.085623 [info ] [MainThread]:  - git [[32mOK found[0m]

[0m21:53:50.085753 [info ] [MainThread]: Connection:
[0m21:53:50.085927 [info ] [MainThread]:   method: service-account
[0m21:53:50.086026 [info ] [MainThread]:   database: github-pulse-jumpy
[0m21:53:50.086122 [info ] [MainThread]:   execution_project: github-pulse-jumpy
[0m21:53:50.086217 [info ] [MainThread]:   schema: github_pulse_analytics_dev
[0m21:53:50.086305 [info ] [MainThread]:   location: US
[0m21:53:50.086395 [info ] [MainThread]:   priority: interactive
[0m21:53:50.086483 [info ] [MainThread]:   maximum_bytes_billed: None
[0m21:53:50.086575 [info ] [MainThread]:   impersonate_service_account: None
[0m21:53:50.086661 [info ] [MainThread]:   job_retry_deadline_seconds: None
[0m21:53:50.086748 [info ] [MainThread]:   job_retries: 1
[0m21:53:50.086838 [info ] [MainThread]:   job_creation_timeout_seconds: None
[0m21:53:50.086924 [info ] [MainThread]:   job_execution_timeout_seconds: 300
[0m21:53:50.087012 [info ] [MainThread]:   timeout_seconds: 300
[0m21:53:50.087100 [info ] [MainThread]:   client_id: None
[0m21:53:50.087186 [info ] [MainThread]:   token_uri: None
[0m21:53:50.087270 [info ] [MainThread]:   compute_region: None
[0m21:53:50.087354 [info ] [MainThread]:   dataproc_cluster_name: None
[0m21:53:50.087439 [info ] [MainThread]:   gcs_bucket: None
[0m21:53:50.087521 [info ] [MainThread]:   dataproc_batch: None
[0m21:53:50.087759 [info ] [MainThread]: Registered adapter: bigquery=1.11.1
[0m21:53:50.149147 [debug] [MainThread]: Acquiring new bigquery connection 'debug'
[0m21:53:50.149426 [debug] [MainThread]: On debug: select 1 as id
[0m21:53:50.149589 [debug] [MainThread]: Opening a new connection, currently in state init
[0m21:53:51.297429 [debug] [MainThread]: BigQuery adapter: https://console.cloud.google.com/bigquery?project=github-pulse-jumpy&j=bq:US:89a7efbb-6956-466c-8cef-273d8d56318a&page=queryresults
[0m21:53:51.566750 [debug] [MainThread]: SQL status: OK in 0.268 seconds
[0m21:53:51.839486 [info ] [MainThread]:   Connection test: [[32mOK connection ok[0m]

[0m21:53:51.840449 [info ] [MainThread]: [32mAll checks passed![0m
[0m21:53:51.841558 [debug] [MainThread]: Resource report: {"command_name": "debug", "command_success": true, "command_wall_clock_time": 2.4374373, "process_in_blocks": "0", "process_kernel_time": 0.225827, "process_mem_max_rss": "226213888", "process_out_blocks": "0", "process_user_time": 0.92452}
[0m21:53:51.842405 [debug] [MainThread]: Command `dbt debug` succeeded at 21:53:51.842229 after 2.44 seconds
[0m21:53:51.842958 [debug] [MainThread]: Connection 'debug' was properly closed.
[0m21:53:51.843510 [debug] [MainThread]: Sending event: {'category': 'dbt', 'action': 'invocation', 'label': 'end', 'context': [<snowplow_tracker.self_describing_json.SelfDescribingJson object at 0x1051e95d0>, <snowplow_tracker.self_describing_json.SelfDescribingJson object at 0x10ff9d350>, <snowplow_tracker.self_describing_json.SelfDescribingJson object at 0x101abf0d0>]}
[0m21:53:51.844150 [debug] [MainThread]: Flushing usage events
[0m21:53:52.225341 [debug] [MainThread]: An error was encountered while trying to flush usage events
[0m14:46:46.588940 [debug] [MainThread]: Sending event: {'category': 'dbt', 'action': 'invocation', 'label': 'start', 'context': [<snowplow_tracker.self_describing_json.SelfDescribingJson object at 0x104f49710>, <snowplow_tracker.self_describing_json.SelfDescribingJson object at 0x104e34410>, <snowplow_tracker.self_describing_json.SelfDescribingJson object at 0x104f6f350>]}


============================== 14:46:46.591570 | f94c828f-3869-47b4-a197-89dc3abd43ad ==============================
[0m14:46:46.591570 [info ] [MainThread]: Running with dbt=1.11.11
[0m14:46:46.591842 [debug] [MainThread]: running dbt with arguments {'printer_width': '80', 'use_experimental_parser': 'False', 'introspect': 'True', 'static_parser': 'True', 'cache_selected_only': 'False', 'empty': 'None', 'warn_error': 'None', 'send_anonymous_usage_stats': 'True', 'log_path': '/Users/perrikwong/Desktop/github_pulse/logs', 'version_check': 'True', 'partial_parse': 'True', 'debug': 'False', 'invocation_command': 'dbt parse', 'quiet': 'False', 'profiles_dir': '/Users/perrikwong/.dbt', 'log_cache_events': 'False', 'no_print': 'None', 'target_path': 'None', 'indirect_selection': 'eager', 'fail_fast': 'False', 'log_format': 'default', 'use_colors': 'True', 'warn_error_options': 'WarnErrorOptionsV2(error=[], warn=[], silence=[])', 'write_json': 'True'}
[0m14:46:47.541244 [debug] [MainThread]: Sending event: {'category': 'dbt', 'action': 'project_id', 'label': 'f94c828f-3869-47b4-a197-89dc3abd43ad', 'context': [<snowplow_tracker.self_describing_json.SelfDescribingJson object at 0x104ef3350>]}
[0m14:46:47.562074 [debug] [MainThread]: Sending event: {'category': 'dbt', 'action': 'adapter_info', 'label': 'f94c828f-3869-47b4-a197-89dc3abd43ad', 'context': [<snowplow_tracker.self_describing_json.SelfDescribingJson object at 0x1025aa2d0>]}
[0m14:46:47.562315 [info ] [MainThread]: Registered adapter: bigquery=1.11.1
[0m14:46:47.631018 [debug] [MainThread]: checksum: 30a8cc8fdcbf66701b0944d4ccce3fa46dd04b61e5df68b9f16d57b2e0e3f0be, vars: {}, profile: , target: , version: 1.11.11
[0m14:46:47.631372 [info ] [MainThread]: Unable to do partial parsing because saved manifest not found. Starting full parse.
[0m14:46:47.631530 [debug] [MainThread]: Sending event: {'category': 'dbt', 'action': 'partial_parser', 'label': 'f94c828f-3869-47b4-a197-89dc3abd43ad', 'context': [<snowplow_tracker.self_describing_json.SelfDescribingJson object at 0x112c724d0>]}
[0m14:46:48.070308 [warn ] [MainThread]: [[33mWARNING[0m][MissingArgumentsPropertyInGenericTestDeprecation]: Deprecated
functionality
Found top-level arguments to test `accepted_values` defined on
'stg_github__pull_request_events' in package 'github_pulse'
(models/staging/_models.yml). Arguments to generic tests should be nested under
the `arguments` property.
[0m14:46:48.070573 [debug] [MainThread]: Sending event: {'category': 'dbt', 'action': 'deprecation', 'label': 'f94c828f-3869-47b4-a197-89dc3abd43ad', 'property_': 'warn', 'context': [<snowplow_tracker.self_describing_json.SelfDescribingJson object at 0x1040bbfd0>]}
[0m14:46:48.208072 [warn ] [MainThread]: [[33mWARNING[0m]: Configuration paths exist in your dbt_project.yml file which do not apply to any resources.
There are 7 unused configuration paths:
- models.github_pulse.marts.engagement
- models.github_pulse.marts.core
- models.github_pulse.intermediate
- models.github_pulse.marts.lifecycle
- models.github_pulse.marts
- models.github_pulse.marts.pull_requests
- snapshots.github_pulse
[0m14:46:48.211662 [debug] [MainThread]: Sending event: {'category': 'dbt', 'action': 'load_project', 'label': 'f94c828f-3869-47b4-a197-89dc3abd43ad', 'context': [<snowplow_tracker.self_describing_json.SelfDescribingJson object at 0x113dd6e50>]}
[0m14:46:48.213060 [info ] [MainThread]: Performance info: /Users/perrikwong/Desktop/github_pulse/target/perf_info.json
[0m14:46:48.250382 [debug] [MainThread]: Wrote artifact WritableManifest to /Users/perrikwong/Desktop/github_pulse/target/manifest.json
[0m14:46:48.251561 [debug] [MainThread]: Wrote artifact SemanticManifest to /Users/perrikwong/Desktop/github_pulse/target/semantic_manifest.json
[0m14:46:48.251806 [warn ] [MainThread]: [[33mWARNING[0m][DeprecationsSummary]: Deprecated functionality
Summary of encountered deprecations:
- MissingArgumentsPropertyInGenericTestDeprecation: 3 occurrences
To see all deprecation instances instead of just the first occurrence of each,
run command again with the `--show-all-deprecations` flag. You may also need to
run with `--no-partial-parse` as some deprecations are only encountered during
parsing.
[0m14:46:48.252057 [debug] [MainThread]: Resource report: {"command_name": "parse", "command_success": true, "command_wall_clock_time": 1.7004452, "process_in_blocks": "0", "process_kernel_time": 0.244146, "process_mem_max_rss": "227704832", "process_out_blocks": "0", "process_user_time": 1.418807}
[0m14:46:48.252226 [debug] [MainThread]: Command `dbt parse` succeeded at 14:46:48.252192 after 1.70 seconds
[0m14:46:48.252366 [debug] [MainThread]: Sending event: {'category': 'dbt', 'action': 'invocation', 'label': 'end', 'context': [<snowplow_tracker.self_describing_json.SelfDescribingJson object at 0x104c88650>, <snowplow_tracker.self_describing_json.SelfDescribingJson object at 0x1016570d0>, <snowplow_tracker.self_describing_json.SelfDescribingJson object at 0x1017032d0>]}
[0m14:46:48.252490 [debug] [MainThread]: Flushing usage events
[0m14:46:48.628706 [debug] [MainThread]: An error was encountered while trying to flush usage events
[0m14:48:06.192517 [debug] [MainThread]: Sending event: {'category': 'dbt', 'action': 'invocation', 'label': 'start', 'context': [<snowplow_tracker.self_describing_json.SelfDescribingJson object at 0x1099c4250>, <snowplow_tracker.self_describing_json.SelfDescribingJson object at 0x109a40510>, <snowplow_tracker.self_describing_json.SelfDescribingJson object at 0x109a92d10>]}


============================== 14:48:06.194122 | 84f13c60-05aa-4c64-8e4b-45c487d48dac ==============================
[0m14:48:06.194122 [info ] [MainThread]: Running with dbt=1.11.11
[0m14:48:06.194356 [debug] [MainThread]: running dbt with arguments {'write_json': 'True', 'log_path': '/Users/perrikwong/Desktop/github_pulse/logs', 'quiet': 'False', 'use_experimental_parser': 'False', 'fail_fast': 'False', 'cache_selected_only': 'False', 'empty': 'False', 'debug': 'False', 'use_colors': 'True', 'log_cache_events': 'False', 'version_check': 'True', 'introspect': 'True', 'partial_parse': 'True', 'no_print': 'None', 'invocation_command': 'dbt compile', 'static_parser': 'True', 'warn_error': 'None', 'log_format': 'default', 'warn_error_options': 'WarnErrorOptionsV2(error=[], warn=[], silence=[])', 'printer_width': '80', 'indirect_selection': 'eager', 'send_anonymous_usage_stats': 'True', 'profiles_dir': '/Users/perrikwong/.dbt', 'target_path': 'None'}
[0m14:48:06.545096 [debug] [MainThread]: Sending event: {'category': 'dbt', 'action': 'project_id', 'label': '84f13c60-05aa-4c64-8e4b-45c487d48dac', 'context': [<snowplow_tracker.self_describing_json.SelfDescribingJson object at 0x109a72b90>]}
[0m14:48:06.565878 [debug] [MainThread]: Sending event: {'category': 'dbt', 'action': 'adapter_info', 'label': '84f13c60-05aa-4c64-8e4b-45c487d48dac', 'context': [<snowplow_tracker.self_describing_json.SelfDescribingJson object at 0x107022410>]}
[0m14:48:06.566098 [info ] [MainThread]: Registered adapter: bigquery=1.11.1
[0m14:48:06.628600 [debug] [MainThread]: checksum: 30a8cc8fdcbf66701b0944d4ccce3fa46dd04b61e5df68b9f16d57b2e0e3f0be, vars: {}, profile: , target: , version: 1.11.11
[0m14:48:06.678351 [debug] [MainThread]: Partial parsing enabled: 0 files deleted, 0 files added, 0 files changed.
[0m14:48:06.678532 [debug] [MainThread]: Nothing changed, skipping partial parsing.
[0m14:48:06.678631 [debug] [MainThread]: Partial parsing enabled, no changes found, skipping parsing
[0m14:48:06.680704 [warn ] [MainThread]: [[33mWARNING[0m]: Configuration paths exist in your dbt_project.yml file which do not apply to any resources.
There are 7 unused configuration paths:
- models.github_pulse.marts.pull_requests
- models.github_pulse.marts
- models.github_pulse.marts.core
- models.github_pulse.intermediate
- models.github_pulse.marts.engagement
- models.github_pulse.marts.lifecycle
- snapshots.github_pulse
[0m14:48:06.696459 [debug] [MainThread]: Sending event: {'category': 'dbt', 'action': 'load_project', 'label': '84f13c60-05aa-4c64-8e4b-45c487d48dac', 'context': [<snowplow_tracker.self_describing_json.SelfDescribingJson object at 0x130ab04d0>]}
[0m14:48:06.734594 [debug] [MainThread]: Wrote artifact WritableManifest to /Users/perrikwong/Desktop/github_pulse/target/manifest.json
[0m14:48:06.735486 [debug] [MainThread]: Wrote artifact SemanticManifest to /Users/perrikwong/Desktop/github_pulse/target/semantic_manifest.json
[0m14:48:06.746374 [debug] [MainThread]: Sending event: {'category': 'dbt', 'action': 'resource_counts', 'label': '84f13c60-05aa-4c64-8e4b-45c487d48dac', 'context': [<snowplow_tracker.self_describing_json.SelfDescribingJson object at 0x130a5ba10>]}
[0m14:48:06.746560 [info ] [MainThread]: Found 4 models, 25 data tests, 1 source, 549 macros
[0m14:48:06.746680 [debug] [MainThread]: Sending event: {'category': 'dbt', 'action': 'runnable_timing', 'label': '84f13c60-05aa-4c64-8e4b-45c487d48dac', 'context': [<snowplow_tracker.self_describing_json.SelfDescribingJson object at 0x1305e2290>]}
[0m14:48:06.747673 [info ] [MainThread]: 
[0m14:48:06.747802 [info ] [MainThread]: Concurrency: 4 threads (target='dev')
[0m14:48:06.747905 [info ] [MainThread]: 
[0m14:48:06.748098 [debug] [MainThread]: Acquiring new bigquery connection 'master'
[0m14:48:06.749574 [debug] [ThreadPool]: Acquiring new bigquery connection 'list_github-pulse-jumpy_github_pulse_analytics_dev_staging'
[0m14:48:06.749727 [debug] [ThreadPool]: Opening a new connection, currently in state init
[0m14:48:07.395606 [debug] [MainThread]: Sending event: {'category': 'dbt', 'action': 'runnable_timing', 'label': '84f13c60-05aa-4c64-8e4b-45c487d48dac', 'context': [<snowplow_tracker.self_describing_json.SelfDescribingJson object at 0x130a5b990>]}
[0m14:48:07.396660 [debug] [MainThread]: Opening a new connection, currently in state init
[0m14:48:07.479463 [debug] [Thread-1 (]: Began running node model.github_pulse.stg_github__create_events
[0m14:48:07.479667 [debug] [Thread-2 (]: Began running node model.github_pulse.stg_github__delete_events
[0m14:48:07.479842 [debug] [Thread-1 (]: Re-using an available connection from the pool (formerly list_github-pulse-jumpy_github_pulse_analytics_dev_staging, now model.github_pulse.stg_github__create_events)
[0m14:48:07.479982 [debug] [Thread-3 (]: Began running node model.github_pulse.stg_github__pull_request_events
[0m14:48:07.480118 [debug] [Thread-4 (]: Began running node model.github_pulse.stg_github__watch_events
[0m14:48:07.480283 [debug] [Thread-2 (]: Acquiring new bigquery connection 'model.github_pulse.stg_github__delete_events'
[0m14:48:07.480411 [debug] [Thread-1 (]: Began compiling node model.github_pulse.stg_github__create_events
[0m14:48:07.480577 [debug] [Thread-3 (]: Acquiring new bigquery connection 'model.github_pulse.stg_github__pull_request_events'
[0m14:48:07.480731 [debug] [Thread-4 (]: Acquiring new bigquery connection 'model.github_pulse.stg_github__watch_events'
[0m14:48:07.480848 [debug] [Thread-2 (]: Began compiling node model.github_pulse.stg_github__delete_events
[0m14:48:07.483754 [debug] [Thread-3 (]: Began compiling node model.github_pulse.stg_github__pull_request_events
[0m14:48:07.485660 [debug] [Thread-1 (]: Writing injected SQL for node "model.github_pulse.stg_github__create_events"
[0m14:48:07.485791 [debug] [Thread-4 (]: Began compiling node model.github_pulse.stg_github__watch_events
[0m14:48:07.487011 [debug] [Thread-2 (]: Writing injected SQL for node "model.github_pulse.stg_github__delete_events"
[0m14:48:07.488198 [debug] [Thread-3 (]: Writing injected SQL for node "model.github_pulse.stg_github__pull_request_events"
[0m14:48:07.489322 [debug] [Thread-4 (]: Writing injected SQL for node "model.github_pulse.stg_github__watch_events"
[0m14:48:07.489776 [debug] [Thread-3 (]: Began executing node model.github_pulse.stg_github__pull_request_events
[0m14:48:07.489928 [debug] [Thread-1 (]: Began executing node model.github_pulse.stg_github__create_events
[0m14:48:07.490051 [debug] [Thread-2 (]: Began executing node model.github_pulse.stg_github__delete_events
[0m14:48:07.490196 [debug] [Thread-4 (]: Began executing node model.github_pulse.stg_github__watch_events
[0m14:48:07.490372 [debug] [Thread-3 (]: Opening a new connection, currently in state init
[0m14:48:07.490515 [debug] [Thread-1 (]: Opening a new connection, currently in state closed
[0m14:48:07.490655 [debug] [Thread-2 (]: Opening a new connection, currently in state init
[0m14:48:07.490808 [debug] [Thread-4 (]: Opening a new connection, currently in state init
[0m14:48:07.539218 [debug] [Thread-3 (]: Finished running node model.github_pulse.stg_github__pull_request_events
[0m14:48:07.587341 [debug] [Thread-1 (]: Finished running node model.github_pulse.stg_github__create_events
[0m14:48:07.636413 [debug] [Thread-2 (]: Finished running node model.github_pulse.stg_github__delete_events
[0m14:48:07.684698 [debug] [Thread-4 (]: Finished running node model.github_pulse.stg_github__watch_events
[0m14:48:07.684835 [debug] [Thread-3 (]: Began running node test.github_pulse.source_not_null_github_archive_20260428_created_at.611b92acc9
[0m14:48:07.685063 [debug] [Thread-1 (]: Began running node test.github_pulse.source_not_null_github_archive_20260428_id.12bd51dae5
[0m14:48:07.685208 [debug] [Thread-2 (]: Began running node test.github_pulse.source_not_null_github_archive_20260428_type.49bf88bb15
[0m14:48:07.685368 [debug] [Thread-4 (]: Began running node test.github_pulse.source_unique_github_archive_20260428_id.4eabfe8f4c
[0m14:48:07.685604 [debug] [Thread-3 (]: Re-using an available connection from the pool (formerly model.github_pulse.stg_github__pull_request_events, now test.github_pulse.source_not_null_github_archive_20260428_created_at.611b92acc9)
[0m14:48:07.685731 [debug] [Thread-1 (]: Re-using an available connection from the pool (formerly model.github_pulse.stg_github__create_events, now test.github_pulse.source_not_null_github_archive_20260428_id.12bd51dae5)
[0m14:48:07.685844 [debug] [Thread-2 (]: Re-using an available connection from the pool (formerly model.github_pulse.stg_github__delete_events, now test.github_pulse.source_not_null_github_archive_20260428_type.49bf88bb15)
[0m14:48:07.685961 [debug] [Thread-4 (]: Re-using an available connection from the pool (formerly model.github_pulse.stg_github__watch_events, now test.github_pulse.source_unique_github_archive_20260428_id.4eabfe8f4c)
[0m14:48:07.686071 [debug] [Thread-3 (]: Began compiling node test.github_pulse.source_not_null_github_archive_20260428_created_at.611b92acc9
[0m14:48:07.686177 [debug] [Thread-1 (]: Began compiling node test.github_pulse.source_not_null_github_archive_20260428_id.12bd51dae5
[0m14:48:07.686277 [debug] [Thread-2 (]: Began compiling node test.github_pulse.source_not_null_github_archive_20260428_type.49bf88bb15
[0m14:48:07.686381 [debug] [Thread-4 (]: Began compiling node test.github_pulse.source_unique_github_archive_20260428_id.4eabfe8f4c
[0m14:48:07.690327 [debug] [Thread-3 (]: Writing injected SQL for node "test.github_pulse.source_not_null_github_archive_20260428_created_at.611b92acc9"
[0m14:48:07.691636 [debug] [Thread-1 (]: Writing injected SQL for node "test.github_pulse.source_not_null_github_archive_20260428_id.12bd51dae5"
[0m14:48:07.692953 [debug] [Thread-2 (]: Writing injected SQL for node "test.github_pulse.source_not_null_github_archive_20260428_type.49bf88bb15"
[0m14:48:07.694983 [debug] [Thread-4 (]: Writing injected SQL for node "test.github_pulse.source_unique_github_archive_20260428_id.4eabfe8f4c"
[0m14:48:07.695326 [debug] [Thread-1 (]: Began executing node test.github_pulse.source_not_null_github_archive_20260428_id.12bd51dae5
[0m14:48:07.695463 [debug] [Thread-2 (]: Began executing node test.github_pulse.source_not_null_github_archive_20260428_type.49bf88bb15
[0m14:48:07.695594 [debug] [Thread-4 (]: Began executing node test.github_pulse.source_unique_github_archive_20260428_id.4eabfe8f4c
[0m14:48:07.695728 [debug] [Thread-1 (]: Opening a new connection, currently in state closed
[0m14:48:07.695856 [debug] [Thread-3 (]: Began executing node test.github_pulse.source_not_null_github_archive_20260428_created_at.611b92acc9
[0m14:48:07.695976 [debug] [Thread-2 (]: Opening a new connection, currently in state closed
[0m14:48:07.696095 [debug] [Thread-4 (]: Opening a new connection, currently in state closed
[0m14:48:07.696265 [debug] [Thread-3 (]: Opening a new connection, currently in state closed
[0m14:48:07.745294 [debug] [Thread-1 (]: Finished running node test.github_pulse.source_not_null_github_archive_20260428_id.12bd51dae5
[0m14:48:07.843378 [debug] [Thread-2 (]: Finished running node test.github_pulse.source_not_null_github_archive_20260428_type.49bf88bb15
[0m14:48:07.843608 [debug] [Thread-4 (]: Finished running node test.github_pulse.source_unique_github_archive_20260428_id.4eabfe8f4c
[0m14:48:07.843784 [debug] [Thread-1 (]: Began running node test.github_pulse.accepted_values_stg_github__pull_request_events_pr_action__opened__closed__merged__reopened__labeled__unlabeled__assigned__unassigned__review_requested__review_request_removed__synchronize__edited__ready_for_review__converted_to_draft__auto_merge_enabled__auto_merge_disabled.7ce35eee7f
[0m14:48:07.892910 [debug] [Thread-3 (]: Finished running node test.github_pulse.source_not_null_github_archive_20260428_created_at.611b92acc9
[0m14:48:07.893057 [debug] [Thread-2 (]: Began running node test.github_pulse.not_null_stg_github__pull_request_events_actor_id.eeebc1e1f3
[0m14:48:07.893211 [debug] [Thread-4 (]: Began running node test.github_pulse.not_null_stg_github__pull_request_events_event_at.fe48c5f77d
[0m14:48:07.893355 [debug] [Thread-1 (]: Re-using an available connection from the pool (formerly test.github_pulse.source_not_null_github_archive_20260428_id.12bd51dae5, now test.github_pulse.accepted_values_stg_github__pull_request_events_pr_action__opened__closed__merged__reopened__labeled__unlabeled__assigned__unassigned__review_requested__review_request_removed__synchronize__edited__ready_for_review__converted_to_draft__auto_merge_enabled__auto_merge_disabled.7ce35eee7f)
[0m14:48:07.893495 [debug] [Thread-3 (]: Began running node test.github_pulse.not_null_stg_github__pull_request_events_event_id.e1c51e4048
[0m14:48:07.893637 [debug] [Thread-2 (]: Re-using an available connection from the pool (formerly test.github_pulse.source_not_null_github_archive_20260428_type.49bf88bb15, now test.github_pulse.not_null_stg_github__pull_request_events_actor_id.eeebc1e1f3)
[0m14:48:07.893755 [debug] [Thread-4 (]: Re-using an available connection from the pool (formerly test.github_pulse.source_unique_github_archive_20260428_id.4eabfe8f4c, now test.github_pulse.not_null_stg_github__pull_request_events_event_at.fe48c5f77d)
[0m14:48:07.893882 [debug] [Thread-1 (]: Began compiling node test.github_pulse.accepted_values_stg_github__pull_request_events_pr_action__opened__closed__merged__reopened__labeled__unlabeled__assigned__unassigned__review_requested__review_request_removed__synchronize__edited__ready_for_review__converted_to_draft__auto_merge_enabled__auto_merge_disabled.7ce35eee7f
[0m14:48:07.893998 [debug] [Thread-3 (]: Re-using an available connection from the pool (formerly test.github_pulse.source_not_null_github_archive_20260428_created_at.611b92acc9, now test.github_pulse.not_null_stg_github__pull_request_events_event_id.e1c51e4048)
[0m14:48:07.894111 [debug] [Thread-2 (]: Began compiling node test.github_pulse.not_null_stg_github__pull_request_events_actor_id.eeebc1e1f3
[0m14:48:07.894214 [debug] [Thread-4 (]: Began compiling node test.github_pulse.not_null_stg_github__pull_request_events_event_at.fe48c5f77d
[0m14:48:07.899854 [debug] [Thread-1 (]: Writing injected SQL for node "test.github_pulse.accepted_values_stg_github__pull_request_events_pr_action__opened__closed__merged__reopened__labeled__unlabeled__assigned__unassigned__review_requested__review_request_removed__synchronize__edited__ready_for_review__converted_to_draft__auto_merge_enabled__auto_merge_disabled.7ce35eee7f"
[0m14:48:07.899988 [debug] [Thread-3 (]: Began compiling node test.github_pulse.not_null_stg_github__pull_request_events_event_id.e1c51e4048
[0m14:48:07.901220 [debug] [Thread-2 (]: Writing injected SQL for node "test.github_pulse.not_null_stg_github__pull_request_events_actor_id.eeebc1e1f3"
[0m14:48:07.902473 [debug] [Thread-4 (]: Writing injected SQL for node "test.github_pulse.not_null_stg_github__pull_request_events_event_at.fe48c5f77d"
[0m14:48:07.903844 [debug] [Thread-3 (]: Writing injected SQL for node "test.github_pulse.not_null_stg_github__pull_request_events_event_id.e1c51e4048"
[0m14:48:07.904102 [debug] [Thread-2 (]: Began executing node test.github_pulse.not_null_stg_github__pull_request_events_actor_id.eeebc1e1f3
[0m14:48:07.904235 [debug] [Thread-1 (]: Began executing node test.github_pulse.accepted_values_stg_github__pull_request_events_pr_action__opened__closed__merged__reopened__labeled__unlabeled__assigned__unassigned__review_requested__review_request_removed__synchronize__edited__ready_for_review__converted_to_draft__auto_merge_enabled__auto_merge_disabled.7ce35eee7f
[0m14:48:07.904379 [debug] [Thread-2 (]: Opening a new connection, currently in state closed
[0m14:48:07.904493 [debug] [Thread-4 (]: Began executing node test.github_pulse.not_null_stg_github__pull_request_events_event_at.fe48c5f77d
[0m14:48:07.904645 [debug] [Thread-1 (]: Opening a new connection, currently in state closed
[0m14:48:07.904740 [debug] [Thread-3 (]: Began executing node test.github_pulse.not_null_stg_github__pull_request_events_event_id.e1c51e4048
[0m14:48:07.904883 [debug] [Thread-4 (]: Opening a new connection, currently in state closed
[0m14:48:07.954730 [debug] [Thread-2 (]: Finished running node test.github_pulse.not_null_stg_github__pull_request_events_actor_id.eeebc1e1f3
[0m14:48:07.954874 [debug] [Thread-3 (]: Opening a new connection, currently in state closed
[0m14:48:08.005181 [debug] [Thread-1 (]: Finished running node test.github_pulse.accepted_values_stg_github__pull_request_events_pr_action__opened__closed__merged__reopened__labeled__unlabeled__assigned__unassigned__review_requested__review_request_removed__synchronize__edited__ready_for_review__converted_to_draft__auto_merge_enabled__auto_merge_disabled.7ce35eee7f
[0m14:48:08.005340 [debug] [Thread-2 (]: Began running node test.github_pulse.not_null_stg_github__pull_request_events_pr_action.82487d00ac
[0m14:48:08.056417 [debug] [Thread-4 (]: Finished running node test.github_pulse.not_null_stg_github__pull_request_events_event_at.fe48c5f77d
[0m14:48:08.106208 [debug] [Thread-3 (]: Finished running node test.github_pulse.not_null_stg_github__pull_request_events_event_id.e1c51e4048
[0m14:48:08.106332 [debug] [Thread-1 (]: Began running node test.github_pulse.not_null_stg_github__pull_request_events_pr_id.f7d631da0c
[0m14:48:08.106472 [debug] [Thread-2 (]: Re-using an available connection from the pool (formerly test.github_pulse.not_null_stg_github__pull_request_events_actor_id.eeebc1e1f3, now test.github_pulse.not_null_stg_github__pull_request_events_pr_action.82487d00ac)
[0m14:48:08.106604 [debug] [Thread-4 (]: Began running node test.github_pulse.not_null_stg_github__pull_request_events_repo_id.eeac25aacb
[0m14:48:08.106739 [debug] [Thread-3 (]: Began running node test.github_pulse.unique_stg_github__pull_request_events_event_id.42242c1e6d
[0m14:48:08.106944 [debug] [Thread-1 (]: Re-using an available connection from the pool (formerly test.github_pulse.accepted_values_stg_github__pull_request_events_pr_action__opened__closed__merged__reopened__labeled__unlabeled__assigned__unassigned__review_requested__review_request_removed__synchronize__edited__ready_for_review__converted_to_draft__auto_merge_enabled__auto_merge_disabled.7ce35eee7f, now test.github_pulse.not_null_stg_github__pull_request_events_pr_id.f7d631da0c)
[0m14:48:08.107069 [debug] [Thread-2 (]: Began compiling node test.github_pulse.not_null_stg_github__pull_request_events_pr_action.82487d00ac
[0m14:48:08.107182 [debug] [Thread-4 (]: Re-using an available connection from the pool (formerly test.github_pulse.not_null_stg_github__pull_request_events_event_at.fe48c5f77d, now test.github_pulse.not_null_stg_github__pull_request_events_repo_id.eeac25aacb)
[0m14:48:08.107293 [debug] [Thread-3 (]: Re-using an available connection from the pool (formerly test.github_pulse.not_null_stg_github__pull_request_events_event_id.e1c51e4048, now test.github_pulse.unique_stg_github__pull_request_events_event_id.42242c1e6d)
[0m14:48:08.107408 [debug] [Thread-1 (]: Began compiling node test.github_pulse.not_null_stg_github__pull_request_events_pr_id.f7d631da0c
[0m14:48:08.108700 [debug] [Thread-2 (]: Writing injected SQL for node "test.github_pulse.not_null_stg_github__pull_request_events_pr_action.82487d00ac"
[0m14:48:08.108817 [debug] [Thread-4 (]: Began compiling node test.github_pulse.not_null_stg_github__pull_request_events_repo_id.eeac25aacb
[0m14:48:08.108925 [debug] [Thread-3 (]: Began compiling node test.github_pulse.unique_stg_github__pull_request_events_event_id.42242c1e6d
[0m14:48:08.110160 [debug] [Thread-1 (]: Writing injected SQL for node "test.github_pulse.not_null_stg_github__pull_request_events_pr_id.f7d631da0c"
[0m14:48:08.111513 [debug] [Thread-4 (]: Writing injected SQL for node "test.github_pulse.not_null_stg_github__pull_request_events_repo_id.eeac25aacb"
[0m14:48:08.112741 [debug] [Thread-3 (]: Writing injected SQL for node "test.github_pulse.unique_stg_github__pull_request_events_event_id.42242c1e6d"
[0m14:48:08.112935 [debug] [Thread-2 (]: Began executing node test.github_pulse.not_null_stg_github__pull_request_events_pr_action.82487d00ac
[0m14:48:08.113130 [debug] [Thread-1 (]: Began executing node test.github_pulse.not_null_stg_github__pull_request_events_pr_id.f7d631da0c
[0m14:48:08.113244 [debug] [Thread-2 (]: Opening a new connection, currently in state closed
[0m14:48:08.113340 [debug] [Thread-4 (]: Began executing node test.github_pulse.not_null_stg_github__pull_request_events_repo_id.eeac25aacb
[0m14:48:08.113469 [debug] [Thread-1 (]: Opening a new connection, currently in state closed
[0m14:48:08.113595 [debug] [Thread-3 (]: Began executing node test.github_pulse.unique_stg_github__pull_request_events_event_id.42242c1e6d
[0m14:48:08.113729 [debug] [Thread-4 (]: Opening a new connection, currently in state closed
[0m14:48:08.162882 [debug] [Thread-2 (]: Finished running node test.github_pulse.not_null_stg_github__pull_request_events_pr_action.82487d00ac
[0m14:48:08.163034 [debug] [Thread-3 (]: Opening a new connection, currently in state closed
[0m14:48:08.212643 [debug] [Thread-1 (]: Finished running node test.github_pulse.not_null_stg_github__pull_request_events_pr_id.f7d631da0c
[0m14:48:08.212808 [debug] [Thread-2 (]: Began running node test.github_pulse.accepted_values_stg_github__create_events_ref_type__branch__tag__repository.1982fe09db
[0m14:48:08.262257 [debug] [Thread-4 (]: Finished running node test.github_pulse.not_null_stg_github__pull_request_events_repo_id.eeac25aacb
[0m14:48:08.262401 [debug] [Thread-1 (]: Began running node test.github_pulse.accepted_values_stg_github__delete_events_ref_type__branch__tag.22bcb6ac2b
[0m14:48:08.313169 [debug] [Thread-3 (]: Finished running node test.github_pulse.unique_stg_github__pull_request_events_event_id.42242c1e6d
[0m14:48:08.313291 [debug] [Thread-2 (]: Re-using an available connection from the pool (formerly test.github_pulse.not_null_stg_github__pull_request_events_pr_action.82487d00ac, now test.github_pulse.accepted_values_stg_github__create_events_ref_type__branch__tag__repository.1982fe09db)
[0m14:48:08.313425 [debug] [Thread-4 (]: Began running node test.github_pulse.not_null_stg_github__create_events_event_id.98da02dad5
[0m14:48:08.313566 [debug] [Thread-1 (]: Re-using an available connection from the pool (formerly test.github_pulse.not_null_stg_github__pull_request_events_pr_id.f7d631da0c, now test.github_pulse.accepted_values_stg_github__delete_events_ref_type__branch__tag.22bcb6ac2b)
[0m14:48:08.313690 [debug] [Thread-3 (]: Began running node test.github_pulse.not_null_stg_github__create_events_ref_type.4fe7dc2f80
[0m14:48:08.313817 [debug] [Thread-2 (]: Began compiling node test.github_pulse.accepted_values_stg_github__create_events_ref_type__branch__tag__repository.1982fe09db
[0m14:48:08.313938 [debug] [Thread-4 (]: Re-using an available connection from the pool (formerly test.github_pulse.not_null_stg_github__pull_request_events_repo_id.eeac25aacb, now test.github_pulse.not_null_stg_github__create_events_event_id.98da02dad5)
[0m14:48:08.314048 [debug] [Thread-1 (]: Began compiling node test.github_pulse.accepted_values_stg_github__delete_events_ref_type__branch__tag.22bcb6ac2b
[0m14:48:08.314157 [debug] [Thread-3 (]: Re-using an available connection from the pool (formerly test.github_pulse.unique_stg_github__pull_request_events_event_id.42242c1e6d, now test.github_pulse.not_null_stg_github__create_events_ref_type.4fe7dc2f80)
[0m14:48:08.316033 [debug] [Thread-2 (]: Writing injected SQL for node "test.github_pulse.accepted_values_stg_github__create_events_ref_type__branch__tag__repository.1982fe09db"
[0m14:48:08.316150 [debug] [Thread-4 (]: Began compiling node test.github_pulse.not_null_stg_github__create_events_event_id.98da02dad5
[0m14:48:08.318144 [debug] [Thread-1 (]: Writing injected SQL for node "test.github_pulse.accepted_values_stg_github__delete_events_ref_type__branch__tag.22bcb6ac2b"
[0m14:48:08.318263 [debug] [Thread-3 (]: Began compiling node test.github_pulse.not_null_stg_github__create_events_ref_type.4fe7dc2f80
[0m14:48:08.319494 [debug] [Thread-4 (]: Writing injected SQL for node "test.github_pulse.not_null_stg_github__create_events_event_id.98da02dad5"
[0m14:48:08.320738 [debug] [Thread-3 (]: Writing injected SQL for node "test.github_pulse.not_null_stg_github__create_events_ref_type.4fe7dc2f80"
[0m14:48:08.320913 [debug] [Thread-2 (]: Began executing node test.github_pulse.accepted_values_stg_github__create_events_ref_type__branch__tag__repository.1982fe09db
[0m14:48:08.321063 [debug] [Thread-1 (]: Began executing node test.github_pulse.accepted_values_stg_github__delete_events_ref_type__branch__tag.22bcb6ac2b
[0m14:48:08.321217 [debug] [Thread-4 (]: Began executing node test.github_pulse.not_null_stg_github__create_events_event_id.98da02dad5
[0m14:48:08.321351 [debug] [Thread-2 (]: Opening a new connection, currently in state closed
[0m14:48:08.321498 [debug] [Thread-1 (]: Opening a new connection, currently in state closed
[0m14:48:08.321618 [debug] [Thread-3 (]: Began executing node test.github_pulse.not_null_stg_github__create_events_ref_type.4fe7dc2f80
[0m14:48:08.321725 [debug] [Thread-4 (]: Opening a new connection, currently in state closed
[0m14:48:08.371746 [debug] [Thread-2 (]: Finished running node test.github_pulse.accepted_values_stg_github__create_events_ref_type__branch__tag__repository.1982fe09db
[0m14:48:08.422218 [debug] [Thread-1 (]: Finished running node test.github_pulse.accepted_values_stg_github__delete_events_ref_type__branch__tag.22bcb6ac2b
[0m14:48:08.422333 [debug] [Thread-3 (]: Opening a new connection, currently in state closed
[0m14:48:08.472206 [debug] [Thread-2 (]: Began running node test.github_pulse.not_null_stg_github__delete_events_event_id.51a6624446
[0m14:48:08.472440 [debug] [Thread-4 (]: Finished running node test.github_pulse.not_null_stg_github__create_events_event_id.98da02dad5
[0m14:48:08.472587 [debug] [Thread-1 (]: Began running node test.github_pulse.not_null_stg_github__delete_events_ref_type.60de9ed0fb
[0m14:48:08.472761 [debug] [Thread-2 (]: Re-using an available connection from the pool (formerly test.github_pulse.accepted_values_stg_github__create_events_ref_type__branch__tag__repository.1982fe09db, now test.github_pulse.not_null_stg_github__delete_events_event_id.51a6624446)
[0m14:48:08.523855 [debug] [Thread-4 (]: Began running node test.github_pulse.unique_stg_github__create_events_event_id.55084eef4b
[0m14:48:08.524171 [debug] [Thread-3 (]: Finished running node test.github_pulse.not_null_stg_github__create_events_ref_type.4fe7dc2f80
[0m14:48:08.524313 [debug] [Thread-1 (]: Re-using an available connection from the pool (formerly test.github_pulse.accepted_values_stg_github__delete_events_ref_type__branch__tag.22bcb6ac2b, now test.github_pulse.not_null_stg_github__delete_events_ref_type.60de9ed0fb)
[0m14:48:08.524442 [debug] [Thread-2 (]: Began compiling node test.github_pulse.not_null_stg_github__delete_events_event_id.51a6624446
[0m14:48:08.524562 [debug] [Thread-4 (]: Re-using an available connection from the pool (formerly test.github_pulse.not_null_stg_github__create_events_event_id.98da02dad5, now test.github_pulse.unique_stg_github__create_events_event_id.55084eef4b)
[0m14:48:08.524688 [debug] [Thread-3 (]: Began running node test.github_pulse.unique_stg_github__delete_events_event_id.0fb1e4b93a
[0m14:48:08.524815 [debug] [Thread-1 (]: Began compiling node test.github_pulse.not_null_stg_github__delete_events_ref_type.60de9ed0fb
[0m14:48:08.526043 [debug] [Thread-2 (]: Writing injected SQL for node "test.github_pulse.not_null_stg_github__delete_events_event_id.51a6624446"
[0m14:48:08.526158 [debug] [Thread-4 (]: Began compiling node test.github_pulse.unique_stg_github__create_events_event_id.55084eef4b
[0m14:48:08.526273 [debug] [Thread-3 (]: Re-using an available connection from the pool (formerly test.github_pulse.not_null_stg_github__create_events_ref_type.4fe7dc2f80, now test.github_pulse.unique_stg_github__delete_events_event_id.0fb1e4b93a)
[0m14:48:08.527443 [debug] [Thread-1 (]: Writing injected SQL for node "test.github_pulse.not_null_stg_github__delete_events_ref_type.60de9ed0fb"
[0m14:48:08.528670 [debug] [Thread-4 (]: Writing injected SQL for node "test.github_pulse.unique_stg_github__create_events_event_id.55084eef4b"
[0m14:48:08.528796 [debug] [Thread-3 (]: Began compiling node test.github_pulse.unique_stg_github__delete_events_event_id.0fb1e4b93a
[0m14:48:08.528971 [debug] [Thread-2 (]: Began executing node test.github_pulse.not_null_stg_github__delete_events_event_id.51a6624446
[0m14:48:08.530163 [debug] [Thread-3 (]: Writing injected SQL for node "test.github_pulse.unique_stg_github__delete_events_event_id.0fb1e4b93a"
[0m14:48:08.530294 [debug] [Thread-1 (]: Began executing node test.github_pulse.not_null_stg_github__delete_events_ref_type.60de9ed0fb
[0m14:48:08.530412 [debug] [Thread-2 (]: Opening a new connection, currently in state closed
[0m14:48:08.530558 [debug] [Thread-4 (]: Began executing node test.github_pulse.unique_stg_github__create_events_event_id.55084eef4b
[0m14:48:08.530681 [debug] [Thread-1 (]: Opening a new connection, currently in state closed
[0m14:48:08.530843 [debug] [Thread-4 (]: Opening a new connection, currently in state closed
[0m14:48:08.530957 [debug] [Thread-3 (]: Began executing node test.github_pulse.unique_stg_github__delete_events_event_id.0fb1e4b93a
[0m14:48:08.581941 [debug] [Thread-2 (]: Finished running node test.github_pulse.not_null_stg_github__delete_events_event_id.51a6624446
[0m14:48:08.582126 [debug] [Thread-3 (]: Opening a new connection, currently in state closed
[0m14:48:08.681962 [debug] [Thread-4 (]: Finished running node test.github_pulse.unique_stg_github__create_events_event_id.55084eef4b
[0m14:48:08.682202 [debug] [Thread-1 (]: Finished running node test.github_pulse.not_null_stg_github__delete_events_ref_type.60de9ed0fb
[0m14:48:08.682319 [debug] [Thread-2 (]: Began running node test.github_pulse.not_null_stg_github__watch_events_actor_id.e9d774ff71
[0m14:48:08.732975 [debug] [Thread-4 (]: Began running node test.github_pulse.not_null_stg_github__watch_events_event_at.18e544e679
[0m14:48:08.733204 [debug] [Thread-3 (]: Finished running node test.github_pulse.unique_stg_github__delete_events_event_id.0fb1e4b93a
[0m14:48:08.733342 [debug] [Thread-1 (]: Began running node test.github_pulse.not_null_stg_github__watch_events_event_id.13c6b0fc90
[0m14:48:08.733482 [debug] [Thread-2 (]: Re-using an available connection from the pool (formerly test.github_pulse.not_null_stg_github__delete_events_event_id.51a6624446, now test.github_pulse.not_null_stg_github__watch_events_actor_id.e9d774ff71)
[0m14:48:08.733602 [debug] [Thread-4 (]: Re-using an available connection from the pool (formerly test.github_pulse.unique_stg_github__create_events_event_id.55084eef4b, now test.github_pulse.not_null_stg_github__watch_events_event_at.18e544e679)
[0m14:48:08.733721 [debug] [Thread-3 (]: Began running node test.github_pulse.not_null_stg_github__watch_events_repo_id.6ed122893f
[0m14:48:08.733854 [debug] [Thread-1 (]: Re-using an available connection from the pool (formerly test.github_pulse.not_null_stg_github__delete_events_ref_type.60de9ed0fb, now test.github_pulse.not_null_stg_github__watch_events_event_id.13c6b0fc90)
[0m14:48:08.733978 [debug] [Thread-2 (]: Began compiling node test.github_pulse.not_null_stg_github__watch_events_actor_id.e9d774ff71
[0m14:48:08.734081 [debug] [Thread-4 (]: Began compiling node test.github_pulse.not_null_stg_github__watch_events_event_at.18e544e679
[0m14:48:08.734193 [debug] [Thread-3 (]: Re-using an available connection from the pool (formerly test.github_pulse.unique_stg_github__delete_events_event_id.0fb1e4b93a, now test.github_pulse.not_null_stg_github__watch_events_repo_id.6ed122893f)
[0m14:48:08.734301 [debug] [Thread-1 (]: Began compiling node test.github_pulse.not_null_stg_github__watch_events_event_id.13c6b0fc90
[0m14:48:08.735718 [debug] [Thread-2 (]: Writing injected SQL for node "test.github_pulse.not_null_stg_github__watch_events_actor_id.e9d774ff71"
[0m14:48:08.737762 [debug] [Thread-4 (]: Writing injected SQL for node "test.github_pulse.not_null_stg_github__watch_events_event_at.18e544e679"
[0m14:48:08.737884 [debug] [Thread-3 (]: Began compiling node test.github_pulse.not_null_stg_github__watch_events_repo_id.6ed122893f
[0m14:48:08.739097 [debug] [Thread-1 (]: Writing injected SQL for node "test.github_pulse.not_null_stg_github__watch_events_event_id.13c6b0fc90"
[0m14:48:08.740336 [debug] [Thread-3 (]: Writing injected SQL for node "test.github_pulse.not_null_stg_github__watch_events_repo_id.6ed122893f"
[0m14:48:08.740518 [debug] [Thread-2 (]: Began executing node test.github_pulse.not_null_stg_github__watch_events_actor_id.e9d774ff71
[0m14:48:08.740649 [debug] [Thread-4 (]: Began executing node test.github_pulse.not_null_stg_github__watch_events_event_at.18e544e679
[0m14:48:08.740792 [debug] [Thread-2 (]: Opening a new connection, currently in state closed
[0m14:48:08.740931 [debug] [Thread-4 (]: Opening a new connection, currently in state closed
[0m14:48:08.741047 [debug] [Thread-3 (]: Began executing node test.github_pulse.not_null_stg_github__watch_events_repo_id.6ed122893f
[0m14:48:08.741151 [debug] [Thread-1 (]: Began executing node test.github_pulse.not_null_stg_github__watch_events_event_id.13c6b0fc90
[0m14:48:08.866355 [debug] [Thread-4 (]: Finished running node test.github_pulse.not_null_stg_github__watch_events_event_at.18e544e679
[0m14:48:08.866615 [debug] [Thread-2 (]: Finished running node test.github_pulse.not_null_stg_github__watch_events_actor_id.e9d774ff71
[0m14:48:08.866763 [debug] [Thread-3 (]: Opening a new connection, currently in state closed
[0m14:48:08.866881 [debug] [Thread-1 (]: Opening a new connection, currently in state closed
[0m14:48:08.867004 [debug] [Thread-4 (]: Began running node test.github_pulse.unique_stg_github__watch_events_event_id.e938d7ebd7
[0m14:48:08.867276 [debug] [Thread-4 (]: Re-using an available connection from the pool (formerly test.github_pulse.not_null_stg_github__watch_events_event_at.18e544e679, now test.github_pulse.unique_stg_github__watch_events_event_id.e938d7ebd7)
[0m14:48:08.918309 [debug] [Thread-3 (]: Finished running node test.github_pulse.not_null_stg_github__watch_events_repo_id.6ed122893f
[0m14:48:08.969067 [debug] [Thread-4 (]: Began compiling node test.github_pulse.unique_stg_github__watch_events_event_id.e938d7ebd7
[0m14:48:08.969405 [debug] [Thread-1 (]: Finished running node test.github_pulse.not_null_stg_github__watch_events_event_id.13c6b0fc90
[0m14:48:08.971054 [debug] [Thread-4 (]: Writing injected SQL for node "test.github_pulse.unique_stg_github__watch_events_event_id.e938d7ebd7"
[0m14:48:08.971391 [debug] [Thread-4 (]: Began executing node test.github_pulse.unique_stg_github__watch_events_event_id.e938d7ebd7
[0m14:48:08.971504 [debug] [Thread-4 (]: Opening a new connection, currently in state closed
[0m14:48:09.022517 [debug] [Thread-4 (]: Finished running node test.github_pulse.unique_stg_github__watch_events_event_id.e938d7ebd7
[0m14:48:09.022967 [debug] [MainThread]: Connection 'master' was properly closed.
[0m14:48:09.023058 [debug] [MainThread]: Connection 'test.github_pulse.not_null_stg_github__watch_events_event_id.13c6b0fc90' was properly closed.
[0m14:48:09.023140 [debug] [MainThread]: Connection 'test.github_pulse.not_null_stg_github__watch_events_actor_id.e9d774ff71' was properly closed.
[0m14:48:09.023217 [debug] [MainThread]: Connection 'test.github_pulse.not_null_stg_github__watch_events_repo_id.6ed122893f' was properly closed.
[0m14:48:09.023290 [debug] [MainThread]: Connection 'test.github_pulse.unique_stg_github__watch_events_event_id.e938d7ebd7' was properly closed.
[0m14:48:09.024353 [debug] [MainThread]: Command end result
[0m14:48:09.039222 [debug] [MainThread]: Wrote artifact WritableManifest to /Users/perrikwong/Desktop/github_pulse/target/manifest.json
[0m14:48:09.039815 [debug] [MainThread]: Wrote artifact SemanticManifest to /Users/perrikwong/Desktop/github_pulse/target/semantic_manifest.json
[0m14:48:09.042574 [debug] [MainThread]: Wrote artifact RunExecutionResult to /Users/perrikwong/Desktop/github_pulse/target/run_results.json
[0m14:48:09.042826 [debug] [MainThread]: Resource report: {"command_name": "compile", "command_success": true, "command_wall_clock_time": 2.8761644, "process_in_blocks": "0", "process_kernel_time": 0.172657, "process_mem_max_rss": "227917824", "process_out_blocks": "0", "process_user_time": 2.625855}
[0m14:48:09.042990 [debug] [MainThread]: Command `dbt compile` succeeded at 14:48:09.042960 after 2.88 seconds
[0m14:48:09.043125 [debug] [MainThread]: Sending event: {'category': 'dbt', 'action': 'invocation', 'label': 'end', 'context': [<snowplow_tracker.self_describing_json.SelfDescribingJson object at 0x1061c7110>, <snowplow_tracker.self_describing_json.SelfDescribingJson object at 0x10634ad90>, <snowplow_tracker.self_describing_json.SelfDescribingJson object at 0x10634add0>]}
[0m14:48:09.043257 [debug] [MainThread]: Flushing usage events
[0m14:48:09.416170 [debug] [MainThread]: An error was encountered while trying to flush usage events
[0m17:34:05.484941 [debug] [MainThread]: Sending event: {'category': 'dbt', 'action': 'invocation', 'label': 'start', 'context': [<snowplow_tracker.self_describing_json.SelfDescribingJson object at 0x1070e89d0>, <snowplow_tracker.self_describing_json.SelfDescribingJson object at 0x1071b5650>, <snowplow_tracker.self_describing_json.SelfDescribingJson object at 0x1071b7910>]}


============================== 17:34:05.487473 | eecb1de0-ee17-4409-8896-cbab53a7fd77 ==============================
[0m17:34:05.487473 [info ] [MainThread]: Running with dbt=1.11.11
[0m17:34:05.487735 [debug] [MainThread]: running dbt with arguments {'warn_error': 'None', 'static_parser': 'True', 'profiles_dir': '/Users/perrikwong/.dbt', 'indirect_selection': 'eager', 'use_colors': 'True', 'debug': 'False', 'warn_error_options': 'WarnErrorOptionsV2(error=[], warn=[], silence=[])', 'log_cache_events': 'False', 'target_path': 'None', 'fail_fast': 'False', 'no_print': 'None', 'quiet': 'False', 'partial_parse': 'True', 'log_path': '/Users/perrikwong/Desktop/github_pulse/logs', 'send_anonymous_usage_stats': 'True', 'use_experimental_parser': 'False', 'cache_selected_only': 'False', 'introspect': 'True', 'log_format': 'default', 'printer_width': '80', 'invocation_command': 'dbt run --select staging', 'write_json': 'True', 'version_check': 'True', 'empty': 'False'}
[0m17:34:06.163451 [debug] [MainThread]: Sending event: {'category': 'dbt', 'action': 'project_id', 'label': 'eecb1de0-ee17-4409-8896-cbab53a7fd77', 'context': [<snowplow_tracker.self_describing_json.SelfDescribingJson object at 0x119dc0690>]}
[0m17:34:06.183199 [debug] [MainThread]: Sending event: {'category': 'dbt', 'action': 'adapter_info', 'label': 'eecb1de0-ee17-4409-8896-cbab53a7fd77', 'context': [<snowplow_tracker.self_describing_json.SelfDescribingJson object at 0x1047a2c50>]}
[0m17:34:06.183441 [info ] [MainThread]: Registered adapter: bigquery=1.11.1
[0m17:34:06.251863 [debug] [MainThread]: checksum: 30a8cc8fdcbf66701b0944d4ccce3fa46dd04b61e5df68b9f16d57b2e0e3f0be, vars: {}, profile: , target: , version: 1.11.11
[0m17:34:06.328579 [debug] [MainThread]: Partial parsing enabled: 0 files deleted, 0 files added, 1 files changed.
[0m17:34:06.329013 [debug] [MainThread]: Partial parsing: updated file: github_pulse://models/staging/_models.yml
[0m17:34:06.485482 [warn ] [MainThread]: [[33mWARNING[0m]: Configuration paths exist in your dbt_project.yml file which do not apply to any resources.
There are 7 unused configuration paths:
- models.github_pulse.marts.core
- models.github_pulse.marts
- models.github_pulse.marts.pull_requests
- models.github_pulse.marts.lifecycle
- models.github_pulse.intermediate
- models.github_pulse.marts.engagement
- snapshots.github_pulse
[0m17:34:06.490352 [debug] [MainThread]: Sending event: {'category': 'dbt', 'action': 'load_project', 'label': 'eecb1de0-ee17-4409-8896-cbab53a7fd77', 'context': [<snowplow_tracker.self_describing_json.SelfDescribingJson object at 0x11cf3afd0>]}
[0m17:34:06.566022 [debug] [MainThread]: Wrote artifact WritableManifest to /Users/perrikwong/Desktop/github_pulse/target/manifest.json
[0m17:34:06.567086 [debug] [MainThread]: Wrote artifact SemanticManifest to /Users/perrikwong/Desktop/github_pulse/target/semantic_manifest.json
[0m17:34:06.575970 [debug] [MainThread]: Sending event: {'category': 'dbt', 'action': 'resource_counts', 'label': 'eecb1de0-ee17-4409-8896-cbab53a7fd77', 'context': [<snowplow_tracker.self_describing_json.SelfDescribingJson object at 0x104a76190>]}
[0m17:34:06.576165 [info ] [MainThread]: Found 4 models, 25 data tests, 1 source, 549 macros
[0m17:34:06.576288 [debug] [MainThread]: Sending event: {'category': 'dbt', 'action': 'runnable_timing', 'label': 'eecb1de0-ee17-4409-8896-cbab53a7fd77', 'context': [<snowplow_tracker.self_describing_json.SelfDescribingJson object at 0x11d5963d0>]}
[0m17:34:06.577029 [info ] [MainThread]: 
[0m17:34:06.577149 [info ] [MainThread]: Concurrency: 4 threads (target='dev')
[0m17:34:06.577244 [info ] [MainThread]: 
[0m17:34:06.577414 [debug] [MainThread]: Acquiring new bigquery connection 'master'
[0m17:34:06.578856 [debug] [ThreadPool]: Acquiring new bigquery connection 'list_github-pulse-jumpy'
[0m17:34:06.578994 [debug] [ThreadPool]: Opening a new connection, currently in state init
[0m17:34:07.068724 [debug] [ThreadPool]: Re-using an available connection from the pool (formerly list_github-pulse-jumpy, now create_github-pulse-jumpy_github_pulse_analytics_dev_staging)
[0m17:34:07.069698 [debug] [ThreadPool]: Creating schema "database: "github-pulse-jumpy"
schema: "github_pulse_analytics_dev_staging"
"
[0m17:34:07.081168 [debug] [ThreadPool]: On create_github-pulse-jumpy_github_pulse_analytics_dev_staging: /* {"app": "dbt", "dbt_version": "1.11.11", "profile_name": "github_pulse", "target_name": "dev", "connection_name": "create_github-pulse-jumpy_github_pulse_analytics_dev_staging"} */
create schema if not exists `github-pulse-jumpy`.`github_pulse_analytics_dev_staging`
  
[0m17:34:07.081640 [debug] [ThreadPool]: Opening a new connection, currently in state closed
[0m17:34:08.105707 [debug] [ThreadPool]: BigQuery adapter: https://console.cloud.google.com/bigquery?project=github-pulse-jumpy&j=bq:US:519ec72b-7267-46d6-b646-0fbf9d5e39be&page=queryresults
[0m17:34:09.108492 [debug] [ThreadPool]: SQL status: OK in 1.001 seconds
[0m17:34:09.167883 [debug] [ThreadPool]: Re-using an available connection from the pool (formerly create_github-pulse-jumpy_github_pulse_analytics_dev_staging, now list_github-pulse-jumpy_github_pulse_analytics_dev_staging)
[0m17:34:09.168179 [debug] [ThreadPool]: Opening a new connection, currently in state closed
[0m17:34:09.624499 [debug] [MainThread]: Sending event: {'category': 'dbt', 'action': 'runnable_timing', 'label': 'eecb1de0-ee17-4409-8896-cbab53a7fd77', 'context': [<snowplow_tracker.self_describing_json.SelfDescribingJson object at 0x11d5daf50>]}
[0m17:34:09.625576 [debug] [MainThread]: Opening a new connection, currently in state init
[0m17:34:09.705143 [debug] [Thread-1 (]: Began running node model.github_pulse.stg_github__create_events
[0m17:34:09.705357 [debug] [Thread-2 (]: Began running node model.github_pulse.stg_github__delete_events
[0m17:34:09.705510 [debug] [Thread-3 (]: Began running node model.github_pulse.stg_github__pull_request_events
[0m17:34:09.705662 [debug] [Thread-4 (]: Began running node model.github_pulse.stg_github__watch_events
[0m17:34:09.705858 [info ] [Thread-1 (]: 1 of 4 START sql view model github_pulse_analytics_dev_staging.stg_github__create_events  [RUN]
[0m17:34:09.706083 [info ] [Thread-2 (]: 2 of 4 START sql view model github_pulse_analytics_dev_staging.stg_github__delete_events  [RUN]
[0m17:34:09.706271 [info ] [Thread-3 (]: 3 of 4 START sql view model github_pulse_analytics_dev_staging.stg_github__pull_request_events  [RUN]
[0m17:34:09.706620 [info ] [Thread-4 (]: 4 of 4 START sql view model github_pulse_analytics_dev_staging.stg_github__watch_events  [RUN]
[0m17:34:09.706804 [debug] [Thread-1 (]: Re-using an available connection from the pool (formerly list_github-pulse-jumpy_github_pulse_analytics_dev_staging, now model.github_pulse.stg_github__create_events)
[0m17:34:09.706987 [debug] [Thread-2 (]: Acquiring new bigquery connection 'model.github_pulse.stg_github__delete_events'
[0m17:34:09.707152 [debug] [Thread-3 (]: Acquiring new bigquery connection 'model.github_pulse.stg_github__pull_request_events'
[0m17:34:09.707306 [debug] [Thread-4 (]: Acquiring new bigquery connection 'model.github_pulse.stg_github__watch_events'
[0m17:34:09.707433 [debug] [Thread-1 (]: Began compiling node model.github_pulse.stg_github__create_events
[0m17:34:09.707577 [debug] [Thread-2 (]: Began compiling node model.github_pulse.stg_github__delete_events
[0m17:34:09.707703 [debug] [Thread-3 (]: Began compiling node model.github_pulse.stg_github__pull_request_events
[0m17:34:09.707821 [debug] [Thread-4 (]: Began compiling node model.github_pulse.stg_github__watch_events
[0m17:34:09.711014 [debug] [Thread-1 (]: Writing injected SQL for node "model.github_pulse.stg_github__create_events"
[0m17:34:09.712532 [debug] [Thread-2 (]: Writing injected SQL for node "model.github_pulse.stg_github__delete_events"
[0m17:34:09.713711 [debug] [Thread-3 (]: Writing injected SQL for node "model.github_pulse.stg_github__pull_request_events"
[0m17:34:09.714811 [debug] [Thread-4 (]: Writing injected SQL for node "model.github_pulse.stg_github__watch_events"
[0m17:34:09.715163 [debug] [Thread-1 (]: Began executing node model.github_pulse.stg_github__create_events
[0m17:34:09.715304 [debug] [Thread-2 (]: Began executing node model.github_pulse.stg_github__delete_events
[0m17:34:09.724347 [debug] [Thread-1 (]: Writing runtime sql for node "model.github_pulse.stg_github__create_events"
[0m17:34:09.724493 [debug] [Thread-3 (]: Began executing node model.github_pulse.stg_github__pull_request_events
[0m17:34:09.725464 [debug] [Thread-2 (]: Writing runtime sql for node "model.github_pulse.stg_github__delete_events"
[0m17:34:09.725590 [debug] [Thread-4 (]: Began executing node model.github_pulse.stg_github__watch_events
[0m17:34:09.726587 [debug] [Thread-3 (]: Writing runtime sql for node "model.github_pulse.stg_github__pull_request_events"
[0m17:34:09.727609 [debug] [Thread-4 (]: Writing runtime sql for node "model.github_pulse.stg_github__watch_events"
[0m17:34:09.727957 [debug] [Thread-3 (]: On model.github_pulse.stg_github__pull_request_events: /* {"app": "dbt", "dbt_version": "1.11.11", "profile_name": "github_pulse", "target_name": "dev", "node_id": "model.github_pulse.stg_github__pull_request_events"} */


  create or replace view `github-pulse-jumpy`.`github_pulse_analytics_dev_staging`.`stg_github__pull_request_events`
  OPTIONS()
  as 

with source as (

    select *
    from `githubarchive`.`day`.`20260428`
    where type = 'PullRequestEvent'

),

renamed as (

    select
        -- identifiers
        id                                                                  as event_id,
        cast(json_value(payload, '$.pull_request.id') as int64)             as pr_id,
        cast(json_value(payload, '$.number') as int64)                      as pr_number,

        -- actor (the user performing the action)
        actor.id                                                            as actor_id,
        actor.login                                                         as actor_login,

        -- repo
        repo.id                                                             as repo_id,
        repo.name                                                           as repo_name,

        -- org (nullable — only set when repo is in an org)
        org.id                                                              as org_id,
        org.login                                                           as org_login,

        -- action: what happened to the PR
        -- (opened / closed / merged / reopened / labeled / assigned / etc.)
        json_value(payload, '$.action')                                     as pr_action,

        -- convenience flags derived from action
        case when json_value(payload, '$.action') = 'opened'   then true else false end as is_opened,
        case when json_value(payload, '$.action') = 'closed'   then true else false end as is_closed,
        case when json_value(payload, '$.action') = 'merged'   then true else false end as is_merged,
        case when json_value(payload, '$.action') = 'reopened' then true else false end as is_reopened,
        case when json_value(payload, '$.action') = 'labeled'  then true else false end as is_labeled,

        -- timestamp
        created_at                                                          as event_at

    from source

)

select * from renamed;


[0m17:34:09.728215 [debug] [Thread-2 (]: On model.github_pulse.stg_github__delete_events: /* {"app": "dbt", "dbt_version": "1.11.11", "profile_name": "github_pulse", "target_name": "dev", "node_id": "model.github_pulse.stg_github__delete_events"} */


  create or replace view `github-pulse-jumpy`.`github_pulse_analytics_dev_staging`.`stg_github__delete_events`
  OPTIONS()
  as 

with source as (

    select *
    from `githubarchive`.`day`.`20260428`
    where type = 'DeleteEvent'

),

renamed as (

    select
        id                                              as event_id,

        actor.id                                        as actor_id,
        actor.login                                     as actor_login,

        repo.id                                         as repo_id,
        repo.name                                       as repo_name,

        org.id                                          as org_id,
        org.login                                       as org_login,

        -- what was deleted: 'branch' or 'tag' (repos don't generate DeleteEvent)
        json_value(payload, '$.ref_type')               as ref_type,
        json_value(payload, '$.ref')                    as ref_name,

        created_at                                      as event_at

    from source

)

select * from renamed;


[0m17:34:09.728418 [debug] [Thread-1 (]: On model.github_pulse.stg_github__create_events: /* {"app": "dbt", "dbt_version": "1.11.11", "profile_name": "github_pulse", "target_name": "dev", "node_id": "model.github_pulse.stg_github__create_events"} */


  create or replace view `github-pulse-jumpy`.`github_pulse_analytics_dev_staging`.`stg_github__create_events`
  OPTIONS()
  as 

with source as (

    select *
    from `githubarchive`.`day`.`20260428`
    where type = 'CreateEvent'

),

renamed as (

    select
        id                                              as event_id,

        actor.id                                        as actor_id,
        actor.login                                     as actor_login,

        repo.id                                         as repo_id,
        repo.name                                       as repo_name,

        org.id                                          as org_id,
        org.login                                       as org_login,

        -- what was created: 'branch', 'tag', or 'repository'
        json_value(payload, '$.ref_type')               as ref_type,
        -- the name of the branch / tag (null for repository creation)
        json_value(payload, '$.ref')                    as ref_name,
        -- description of the repo when ref_type = 'repository'
        json_value(payload, '$.description')            as description,
        -- master_branch — typically only set for repo creation
        json_value(payload, '$.master_branch')          as master_branch,

        created_at                                      as event_at

    from source

)

select * from renamed;


[0m17:34:09.728640 [debug] [Thread-4 (]: On model.github_pulse.stg_github__watch_events: /* {"app": "dbt", "dbt_version": "1.11.11", "profile_name": "github_pulse", "target_name": "dev", "node_id": "model.github_pulse.stg_github__watch_events"} */


  create or replace view `github-pulse-jumpy`.`github_pulse_analytics_dev_staging`.`stg_github__watch_events`
  OPTIONS()
  as 

with source as (

    select *
    from `githubarchive`.`day`.`20260428`
    where type = 'WatchEvent'

),

renamed as (

    select
        id                  as event_id,

        actor.id            as actor_id,
        actor.login         as actor_login,

        repo.id             as repo_id,
        repo.name           as repo_name,

        org.id              as org_id,
        org.login           as org_login,

        -- WatchEvent always means "started watching" (= starred)
        -- The `action` field exists but is always 'started'
        json_value(payload, '$.action')   as engagement_action,

        created_at          as event_at

    from source

)

select * from renamed;


[0m17:34:09.728828 [debug] [Thread-3 (]: Opening a new connection, currently in state init
[0m17:34:09.728978 [debug] [Thread-2 (]: Opening a new connection, currently in state init
[0m17:34:09.729106 [debug] [Thread-1 (]: Opening a new connection, currently in state closed
[0m17:34:09.729234 [debug] [Thread-4 (]: Opening a new connection, currently in state init
[0m17:34:10.669963 [debug] [Thread-4 (]: BigQuery adapter: https://console.cloud.google.com/bigquery?project=github-pulse-jumpy&j=bq:US:3349b199-ea67-48e5-8765-4116f3cf3475&page=queryresults
[0m17:34:10.671150 [debug] [Thread-3 (]: BigQuery adapter: https://console.cloud.google.com/bigquery?project=github-pulse-jumpy&j=bq:US:760518dc-8603-4599-ad71-af8739a79f1f&page=queryresults
[0m17:34:10.671742 [debug] [Thread-1 (]: BigQuery adapter: https://console.cloud.google.com/bigquery?project=github-pulse-jumpy&j=bq:US:761669ba-142c-43e9-bfe2-3a532181a3d2&page=queryresults
[0m17:34:10.672622 [debug] [Thread-2 (]: BigQuery adapter: https://console.cloud.google.com/bigquery?project=github-pulse-jumpy&j=bq:US:b47e6ad2-a82f-43c4-92e7-b61788047442&page=queryresults
[0m17:34:11.101671 [debug] [Thread-4 (]: SQL status: OK in 0.429 seconds
[0m17:34:11.123308 [debug] [Thread-2 (]: SQL status: OK in 0.447 seconds
[0m17:34:11.126566 [debug] [Thread-3 (]: SQL status: OK in 0.453 seconds
[0m17:34:11.127025 [debug] [Thread-1 (]: SQL status: OK in 0.452 seconds
[0m17:34:11.135008 [debug] [Thread-4 (]: Sending event: {'category': 'dbt', 'action': 'run_model', 'label': 'eecb1de0-ee17-4409-8896-cbab53a7fd77', 'context': [<snowplow_tracker.self_describing_json.SelfDescribingJson object at 0x11d5555d0>]}
[0m17:34:11.135689 [debug] [Thread-2 (]: Sending event: {'category': 'dbt', 'action': 'run_model', 'label': 'eecb1de0-ee17-4409-8896-cbab53a7fd77', 'context': [<snowplow_tracker.self_describing_json.SelfDescribingJson object at 0x11ed423d0>]}
[0m17:34:11.135512 [info ] [Thread-4 (]: 4 of 4 OK created sql view model github_pulse_analytics_dev_staging.stg_github__watch_events  [[32mCREATE VIEW (0 processed)[0m in 1.42s]
[0m17:34:11.136137 [info ] [Thread-2 (]: 2 of 4 OK created sql view model github_pulse_analytics_dev_staging.stg_github__delete_events  [[32mCREATE VIEW (0 processed)[0m in 1.42s]
[0m17:34:11.136334 [debug] [Thread-3 (]: Sending event: {'category': 'dbt', 'action': 'run_model', 'label': 'eecb1de0-ee17-4409-8896-cbab53a7fd77', 'context': [<snowplow_tracker.self_describing_json.SelfDescribingJson object at 0x11ed3cb50>]}
[0m17:34:11.136513 [debug] [Thread-1 (]: Sending event: {'category': 'dbt', 'action': 'run_model', 'label': 'eecb1de0-ee17-4409-8896-cbab53a7fd77', 'context': [<snowplow_tracker.self_describing_json.SelfDescribingJson object at 0x11ed16290>]}
[0m17:34:11.136873 [debug] [Thread-4 (]: Finished running node model.github_pulse.stg_github__watch_events
[0m17:34:11.137168 [debug] [Thread-2 (]: Finished running node model.github_pulse.stg_github__delete_events
[0m17:34:11.137503 [info ] [Thread-3 (]: 3 of 4 OK created sql view model github_pulse_analytics_dev_staging.stg_github__pull_request_events  [[32mCREATE VIEW (0 processed)[0m in 1.43s]
[0m17:34:11.137847 [info ] [Thread-1 (]: 1 of 4 OK created sql view model github_pulse_analytics_dev_staging.stg_github__create_events  [[32mCREATE VIEW (0 processed)[0m in 1.43s]
[0m17:34:11.138341 [debug] [Thread-3 (]: Finished running node model.github_pulse.stg_github__pull_request_events
[0m17:34:11.138650 [debug] [Thread-1 (]: Finished running node model.github_pulse.stg_github__create_events
[0m17:34:11.139463 [debug] [MainThread]: Opening a new connection, currently in state closed
[0m17:34:11.200028 [debug] [MainThread]: Connection 'master' was properly closed.
[0m17:34:11.200145 [debug] [MainThread]: Connection 'model.github_pulse.stg_github__create_events' was properly closed.
[0m17:34:11.200229 [debug] [MainThread]: Connection 'model.github_pulse.stg_github__delete_events' was properly closed.
[0m17:34:11.200314 [debug] [MainThread]: Connection 'model.github_pulse.stg_github__pull_request_events' was properly closed.
[0m17:34:11.200392 [debug] [MainThread]: Connection 'model.github_pulse.stg_github__watch_events' was properly closed.
[0m17:34:11.200515 [info ] [MainThread]: 
[0m17:34:11.200626 [info ] [MainThread]: Finished running 4 view models in 0 hours 0 minutes and 4.62 seconds (4.62s).
[0m17:34:11.200979 [debug] [MainThread]: Command end result
[0m17:34:11.214544 [debug] [MainThread]: Wrote artifact WritableManifest to /Users/perrikwong/Desktop/github_pulse/target/manifest.json
[0m17:34:11.215150 [debug] [MainThread]: Wrote artifact SemanticManifest to /Users/perrikwong/Desktop/github_pulse/target/semantic_manifest.json
[0m17:34:11.217692 [debug] [MainThread]: Wrote artifact RunExecutionResult to /Users/perrikwong/Desktop/github_pulse/target/run_results.json
[0m17:34:11.217792 [info ] [MainThread]: 
[0m17:34:11.217916 [info ] [MainThread]: [32mCompleted successfully[0m
[0m17:34:11.218014 [info ] [MainThread]: 
[0m17:34:11.218118 [info ] [MainThread]: Done. PASS=4 WARN=0 ERROR=0 SKIP=0 NO-OP=0 TOTAL=4
[0m17:34:11.218340 [debug] [MainThread]: Resource report: {"command_name": "run", "command_success": true, "command_wall_clock_time": 5.7675447, "process_in_blocks": "0", "process_kernel_time": 0.273952, "process_mem_max_rss": "244858880", "process_out_blocks": "0", "process_user_time": 1.861929}
[0m17:34:11.218497 [debug] [MainThread]: Command `dbt run` succeeded at 17:34:11.218469 after 5.77 seconds
[0m17:34:11.218639 [debug] [MainThread]: Sending event: {'category': 'dbt', 'action': 'invocation', 'label': 'end', 'context': [<snowplow_tracker.self_describing_json.SelfDescribingJson object at 0x1071f7b90>, <snowplow_tracker.self_describing_json.SelfDescribingJson object at 0x1039720d0>, <snowplow_tracker.self_describing_json.SelfDescribingJson object at 0x1037e71d0>]}
[0m17:34:11.218767 [debug] [MainThread]: Flushing usage events
[0m17:34:11.713670 [debug] [MainThread]: An error was encountered while trying to flush usage events
[0m17:41:09.142446 [debug] [MainThread]: Sending event: {'category': 'dbt', 'action': 'invocation', 'label': 'start', 'context': [<snowplow_tracker.self_describing_json.SelfDescribingJson object at 0x107388d10>, <snowplow_tracker.self_describing_json.SelfDescribingJson object at 0x10732b290>, <snowplow_tracker.self_describing_json.SelfDescribingJson object at 0x107278350>]}


============================== 17:41:09.144927 | d8e94cae-987f-459c-967c-cbf74ba42e6f ==============================
[0m17:41:09.144927 [info ] [MainThread]: Running with dbt=1.11.11
[0m17:41:09.145231 [debug] [MainThread]: running dbt with arguments {'version_check': 'True', 'use_colors': 'True', 'target_path': 'None', 'invocation_command': 'dbt test --select staging', 'profiles_dir': '/Users/perrikwong/.dbt', 'static_parser': 'True', 'cache_selected_only': 'False', 'partial_parse': 'True', 'warn_error': 'None', 'fail_fast': 'False', 'log_format': 'default', 'debug': 'False', 'write_json': 'True', 'quiet': 'False', 'use_experimental_parser': 'False', 'empty': 'None', 'printer_width': '80', 'introspect': 'True', 'indirect_selection': 'eager', 'warn_error_options': 'WarnErrorOptionsV2(error=[], warn=[], silence=[])', 'no_print': 'None', 'log_cache_events': 'False', 'send_anonymous_usage_stats': 'True', 'log_path': '/Users/perrikwong/Desktop/github_pulse/logs'}
[0m17:41:09.763473 [debug] [MainThread]: Sending event: {'category': 'dbt', 'action': 'project_id', 'label': 'd8e94cae-987f-459c-967c-cbf74ba42e6f', 'context': [<snowplow_tracker.self_describing_json.SelfDescribingJson object at 0x110b54450>]}
[0m17:41:09.783258 [debug] [MainThread]: Sending event: {'category': 'dbt', 'action': 'adapter_info', 'label': 'd8e94cae-987f-459c-967c-cbf74ba42e6f', 'context': [<snowplow_tracker.self_describing_json.SelfDescribingJson object at 0x1049ea210>]}
[0m17:41:09.783502 [info ] [MainThread]: Registered adapter: bigquery=1.11.1
[0m17:41:09.848804 [debug] [MainThread]: checksum: 30a8cc8fdcbf66701b0944d4ccce3fa46dd04b61e5df68b9f16d57b2e0e3f0be, vars: {}, profile: , target: , version: 1.11.11
[0m17:41:09.925202 [debug] [MainThread]: Partial parsing enabled: 0 files deleted, 0 files added, 0 files changed.
[0m17:41:09.925382 [debug] [MainThread]: Nothing changed, skipping partial parsing.
[0m17:41:09.925477 [debug] [MainThread]: Partial parsing enabled, no changes found, skipping parsing
[0m17:41:09.927845 [warn ] [MainThread]: [[33mWARNING[0m]: Configuration paths exist in your dbt_project.yml file which do not apply to any resources.
There are 7 unused configuration paths:
- models.github_pulse.intermediate
- models.github_pulse.marts.engagement
- models.github_pulse.marts.core
- models.github_pulse.marts.pull_requests
- models.github_pulse.marts.lifecycle
- models.github_pulse.marts
- snapshots.github_pulse
[0m17:41:09.942620 [debug] [MainThread]: Sending event: {'category': 'dbt', 'action': 'load_project', 'label': 'd8e94cae-987f-459c-967c-cbf74ba42e6f', 'context': [<snowplow_tracker.self_describing_json.SelfDescribingJson object at 0x1118ae510>]}
[0m17:41:09.979183 [debug] [MainThread]: Wrote artifact WritableManifest to /Users/perrikwong/Desktop/github_pulse/target/manifest.json
[0m17:41:09.980216 [debug] [MainThread]: Wrote artifact SemanticManifest to /Users/perrikwong/Desktop/github_pulse/target/semantic_manifest.json
[0m17:41:10.028148 [debug] [MainThread]: Sending event: {'category': 'dbt', 'action': 'resource_counts', 'label': 'd8e94cae-987f-459c-967c-cbf74ba42e6f', 'context': [<snowplow_tracker.self_describing_json.SelfDescribingJson object at 0x1150a3e90>]}
[0m17:41:10.028375 [info ] [MainThread]: Found 4 models, 25 data tests, 1 source, 549 macros
[0m17:41:10.028496 [debug] [MainThread]: Sending event: {'category': 'dbt', 'action': 'runnable_timing', 'label': 'd8e94cae-987f-459c-967c-cbf74ba42e6f', 'context': [<snowplow_tracker.self_describing_json.SelfDescribingJson object at 0x111c39c90>]}
[0m17:41:10.029483 [info ] [MainThread]: 
[0m17:41:10.029604 [info ] [MainThread]: Concurrency: 4 threads (target='dev')
[0m17:41:10.029700 [info ] [MainThread]: 
[0m17:41:10.029886 [debug] [MainThread]: Acquiring new bigquery connection 'master'
[0m17:41:10.031453 [debug] [ThreadPool]: Acquiring new bigquery connection 'list_github-pulse-jumpy_github_pulse_analytics_dev_staging'
[0m17:41:10.031590 [debug] [ThreadPool]: Opening a new connection, currently in state init
[0m17:41:10.723173 [debug] [MainThread]: Sending event: {'category': 'dbt', 'action': 'runnable_timing', 'label': 'd8e94cae-987f-459c-967c-cbf74ba42e6f', 'context': [<snowplow_tracker.self_describing_json.SelfDescribingJson object at 0x111c38550>]}
[0m17:41:10.724096 [debug] [MainThread]: Opening a new connection, currently in state init
[0m17:41:10.804236 [debug] [Thread-1 (]: Began running node test.github_pulse.accepted_values_stg_github__create_events_ref_type__branch__tag__repository.1982fe09db
[0m17:41:10.804456 [debug] [Thread-2 (]: Began running node test.github_pulse.accepted_values_stg_github__delete_events_ref_type__branch__tag.22bcb6ac2b
[0m17:41:10.804605 [debug] [Thread-3 (]: Began running node test.github_pulse.accepted_values_stg_github__pull_request_events_pr_action__opened__closed__merged__reopened__labeled__unlabeled__assigned__unassigned__review_requested__review_request_removed__synchronize__edited__ready_for_review__converted_to_draft__auto_merge_enabled__auto_merge_disabled.7ce35eee7f
[0m17:41:10.804978 [debug] [Thread-4 (]: Began running node test.github_pulse.not_null_stg_github__create_events_event_id.98da02dad5
[0m17:41:10.804752 [info ] [Thread-1 (]: 1 of 25 START test accepted_values_stg_github__create_events_ref_type__branch__tag__repository  [RUN]
[0m17:41:10.805195 [info ] [Thread-2 (]: 2 of 25 START test accepted_values_stg_github__delete_events_ref_type__branch__tag  [RUN]
[0m17:41:10.805360 [info ] [Thread-3 (]: 3 of 25 START test accepted_values_stg_github__pull_request_events_pr_action__opened__closed__merged__reopened__labeled__unlabeled__assigned__unassigned__review_requested__review_request_removed__synchronize__edited__ready_for_review__converted_to_draft__auto_merge_enabled__auto_merge_disabled  [RUN]
[0m17:41:10.805504 [info ] [Thread-4 (]: 4 of 25 START test not_null_stg_github__create_events_event_id ................. [RUN]
[0m17:41:10.805664 [debug] [Thread-1 (]: Re-using an available connection from the pool (formerly list_github-pulse-jumpy_github_pulse_analytics_dev_staging, now test.github_pulse.accepted_values_stg_github__create_events_ref_type__branch__tag__repository.1982fe09db)
[0m17:41:10.805828 [debug] [Thread-2 (]: Acquiring new bigquery connection 'test.github_pulse.accepted_values_stg_github__delete_events_ref_type__branch__tag.22bcb6ac2b'
[0m17:41:10.806003 [debug] [Thread-3 (]: Acquiring new bigquery connection 'test.github_pulse.accepted_values_stg_github__pull_request_events_pr_action__opened__closed__merged__reopened__labeled__unlabeled__assigned__unassigned__review_requested__review_request_removed__synchronize__edited__ready_for_review__converted_to_draft__auto_merge_enabled__auto_merge_disabled.7ce35eee7f'
[0m17:41:10.806153 [debug] [Thread-4 (]: Acquiring new bigquery connection 'test.github_pulse.not_null_stg_github__create_events_event_id.98da02dad5'
[0m17:41:10.806283 [debug] [Thread-1 (]: Began compiling node test.github_pulse.accepted_values_stg_github__create_events_ref_type__branch__tag__repository.1982fe09db
[0m17:41:10.806396 [debug] [Thread-2 (]: Began compiling node test.github_pulse.accepted_values_stg_github__delete_events_ref_type__branch__tag.22bcb6ac2b
[0m17:41:10.806513 [debug] [Thread-3 (]: Began compiling node test.github_pulse.accepted_values_stg_github__pull_request_events_pr_action__opened__closed__merged__reopened__labeled__unlabeled__assigned__unassigned__review_requested__review_request_removed__synchronize__edited__ready_for_review__converted_to_draft__auto_merge_enabled__auto_merge_disabled.7ce35eee7f
[0m17:41:10.806622 [debug] [Thread-4 (]: Began compiling node test.github_pulse.not_null_stg_github__create_events_event_id.98da02dad5
[0m17:41:10.813752 [debug] [Thread-1 (]: Writing injected SQL for node "test.github_pulse.accepted_values_stg_github__create_events_ref_type__branch__tag__repository.1982fe09db"
[0m17:41:10.815261 [debug] [Thread-2 (]: Writing injected SQL for node "test.github_pulse.accepted_values_stg_github__delete_events_ref_type__branch__tag.22bcb6ac2b"
[0m17:41:10.819238 [debug] [Thread-3 (]: Writing injected SQL for node "test.github_pulse.accepted_values_stg_github__pull_request_events_pr_action__opened__closed__merged__reopened__labeled__unlabeled__assigned__unassigned__review_requested__review_request_removed__synchronize__edited__ready_for_review__converted_to_draft__auto_merge_enabled__auto_merge_disabled.7ce35eee7f"
[0m17:41:10.821957 [debug] [Thread-4 (]: Writing injected SQL for node "test.github_pulse.not_null_stg_github__create_events_event_id.98da02dad5"
[0m17:41:10.822633 [debug] [Thread-2 (]: Began executing node test.github_pulse.accepted_values_stg_github__delete_events_ref_type__branch__tag.22bcb6ac2b
[0m17:41:10.822813 [debug] [Thread-4 (]: Began executing node test.github_pulse.not_null_stg_github__create_events_event_id.98da02dad5
[0m17:41:10.822947 [debug] [Thread-1 (]: Began executing node test.github_pulse.accepted_values_stg_github__create_events_ref_type__branch__tag__repository.1982fe09db
[0m17:41:10.823063 [debug] [Thread-3 (]: Began executing node test.github_pulse.accepted_values_stg_github__pull_request_events_pr_action__opened__closed__merged__reopened__labeled__unlabeled__assigned__unassigned__review_requested__review_request_removed__synchronize__edited__ready_for_review__converted_to_draft__auto_merge_enabled__auto_merge_disabled.7ce35eee7f
[0m17:41:10.879792 [debug] [Thread-1 (]: Writing runtime sql for node "test.github_pulse.accepted_values_stg_github__create_events_ref_type__branch__tag__repository.1982fe09db"
[0m17:41:10.880595 [debug] [Thread-2 (]: Writing runtime sql for node "test.github_pulse.accepted_values_stg_github__delete_events_ref_type__branch__tag.22bcb6ac2b"
[0m17:41:10.881205 [debug] [Thread-4 (]: Writing runtime sql for node "test.github_pulse.not_null_stg_github__create_events_event_id.98da02dad5"
[0m17:41:10.882333 [debug] [Thread-3 (]: Writing runtime sql for node "test.github_pulse.accepted_values_stg_github__pull_request_events_pr_action__opened__closed__merged__reopened__labeled__unlabeled__assigned__unassigned__review_requested__review_request_removed__synchronize__edited__ready_for_review__converted_to_draft__auto_merge_enabled__auto_merge_disabled.7ce35eee7f"
[0m17:41:10.883041 [debug] [Thread-2 (]: On test.github_pulse.accepted_values_stg_github__delete_events_ref_type__branch__tag.22bcb6ac2b: /* {"app": "dbt", "dbt_version": "1.11.11", "profile_name": "github_pulse", "target_name": "dev", "node_id": "test.github_pulse.accepted_values_stg_github__delete_events_ref_type__branch__tag.22bcb6ac2b"} */

    
    select
      count(*) as failures,
      count(*) != 0 as should_warn,
      count(*) != 0 as should_error
    from (
      
    
  
    
    

with all_values as (

    select
        ref_type as value_field,
        count(*) as n_records

    from `github-pulse-jumpy`.`github_pulse_analytics_dev_staging`.`stg_github__delete_events`
    group by ref_type

)

select *
from all_values
where value_field not in (
    'branch','tag'
)



  
  
      
    ) dbt_internal_test
[0m17:41:10.883333 [debug] [Thread-1 (]: On test.github_pulse.accepted_values_stg_github__create_events_ref_type__branch__tag__repository.1982fe09db: /* {"app": "dbt", "dbt_version": "1.11.11", "profile_name": "github_pulse", "target_name": "dev", "node_id": "test.github_pulse.accepted_values_stg_github__create_events_ref_type__branch__tag__repository.1982fe09db"} */

    
    select
      count(*) as failures,
      count(*) != 0 as should_warn,
      count(*) != 0 as should_error
    from (
      
    
  
    
    

with all_values as (

    select
        ref_type as value_field,
        count(*) as n_records

    from `github-pulse-jumpy`.`github_pulse_analytics_dev_staging`.`stg_github__create_events`
    group by ref_type

)

select *
from all_values
where value_field not in (
    'branch','tag','repository'
)



  
  
      
    ) dbt_internal_test
[0m17:41:10.883516 [debug] [Thread-4 (]: On test.github_pulse.not_null_stg_github__create_events_event_id.98da02dad5: /* {"app": "dbt", "dbt_version": "1.11.11", "profile_name": "github_pulse", "target_name": "dev", "node_id": "test.github_pulse.not_null_stg_github__create_events_event_id.98da02dad5"} */

    
    select
      count(*) as failures,
      count(*) != 0 as should_warn,
      count(*) != 0 as should_error
    from (
      
    
  
    
    



select event_id
from `github-pulse-jumpy`.`github_pulse_analytics_dev_staging`.`stg_github__create_events`
where event_id is null



  
  
      
    ) dbt_internal_test
[0m17:41:10.883724 [debug] [Thread-3 (]: On test.github_pulse.accepted_values_stg_github__pull_request_events_pr_action__opened__closed__merged__reopened__labeled__unlabeled__assigned__unassigned__review_requested__review_request_removed__synchronize__edited__ready_for_review__converted_to_draft__auto_merge_enabled__auto_merge_disabled.7ce35eee7f: /* {"app": "dbt", "dbt_version": "1.11.11", "profile_name": "github_pulse", "target_name": "dev", "node_id": "test.github_pulse.accepted_values_stg_github__pull_request_events_pr_action__opened__closed__merged__reopened__labeled__unlabeled__assigned__unassigned__review_requested__review_request_removed__synchronize__edited__ready_for_review__converted_to_draft__auto_merge_enabled__auto_merge_disabled.7ce35eee7f"} */

    
    select
      count(*) as failures,
      count(*) != 0 as should_warn,
      count(*) != 0 as should_error
    from (
      
    
  
    
    

with all_values as (

    select
        pr_action as value_field,
        count(*) as n_records

    from `github-pulse-jumpy`.`github_pulse_analytics_dev_staging`.`stg_github__pull_request_events`
    group by pr_action

)

select *
from all_values
where value_field not in (
    'opened','closed','merged','reopened','labeled','unlabeled','assigned','unassigned','review_requested','review_request_removed','synchronize','edited','ready_for_review','converted_to_draft','auto_merge_enabled','auto_merge_disabled'
)



  
  
      
    ) dbt_internal_test
[0m17:41:10.883883 [debug] [Thread-2 (]: Opening a new connection, currently in state init
[0m17:41:10.884015 [debug] [Thread-1 (]: Opening a new connection, currently in state closed
[0m17:41:10.884146 [debug] [Thread-4 (]: Opening a new connection, currently in state init
[0m17:41:10.884307 [debug] [Thread-3 (]: Opening a new connection, currently in state init
[0m17:41:12.666045 [debug] [Thread-4 (]: BigQuery adapter: https://console.cloud.google.com/bigquery?project=github-pulse-jumpy&j=bq:US:c085fc72-41dd-4539-b236-d7c5599a02c8&page=queryresults
[0m17:41:12.666932 [debug] [Thread-3 (]: BigQuery adapter: https://console.cloud.google.com/bigquery?project=github-pulse-jumpy&j=bq:US:6c207c1e-f934-49ec-b1c4-873e3259f6a4&page=queryresults
[0m17:41:12.667712 [debug] [Thread-2 (]: BigQuery adapter: https://console.cloud.google.com/bigquery?project=github-pulse-jumpy&j=bq:US:d4de3606-f23d-44c7-b963-d673b2e89d78&page=queryresults
[0m17:41:12.678179 [debug] [Thread-1 (]: BigQuery adapter: https://console.cloud.google.com/bigquery?project=github-pulse-jumpy&j=bq:US:6574cb4a-3470-453f-9d54-1cb08f152261&page=queryresults
[0m17:41:12.878142 [debug] [Thread-2 (]: SQL status: OK in 0.208 seconds
[0m17:41:12.889479 [debug] [Thread-4 (]: SQL status: OK in 0.221 seconds
[0m17:41:12.925544 [debug] [Thread-1 (]: SQL status: OK in 0.247 seconds
[0m17:41:13.013769 [debug] [Thread-3 (]: SQL status: OK in 0.345 seconds
[0m17:41:13.333765 [info ] [Thread-1 (]: 1 of 25 PASS accepted_values_stg_github__create_events_ref_type__branch__tag__repository  [[32mPASS[0m in 2.53s]
[0m17:41:13.334820 [debug] [Thread-1 (]: Finished running node test.github_pulse.accepted_values_stg_github__create_events_ref_type__branch__tag__repository.1982fe09db
[0m17:41:13.335363 [debug] [Thread-1 (]: Began running node test.github_pulse.not_null_stg_github__create_events_ref_type.4fe7dc2f80
[0m17:41:13.336005 [info ] [Thread-1 (]: 5 of 25 START test not_null_stg_github__create_events_ref_type ................. [RUN]
[0m17:41:13.336611 [debug] [Thread-1 (]: Re-using an available connection from the pool (formerly test.github_pulse.accepted_values_stg_github__create_events_ref_type__branch__tag__repository.1982fe09db, now test.github_pulse.not_null_stg_github__create_events_ref_type.4fe7dc2f80)
[0m17:41:13.337061 [debug] [Thread-1 (]: Began compiling node test.github_pulse.not_null_stg_github__create_events_ref_type.4fe7dc2f80
[0m17:41:13.343552 [debug] [Thread-1 (]: Writing injected SQL for node "test.github_pulse.not_null_stg_github__create_events_ref_type.4fe7dc2f80"
[0m17:41:13.344444 [debug] [Thread-1 (]: Began executing node test.github_pulse.not_null_stg_github__create_events_ref_type.4fe7dc2f80
[0m17:41:13.346890 [debug] [Thread-1 (]: Writing runtime sql for node "test.github_pulse.not_null_stg_github__create_events_ref_type.4fe7dc2f80"
[0m17:41:13.347535 [debug] [Thread-1 (]: On test.github_pulse.not_null_stg_github__create_events_ref_type.4fe7dc2f80: /* {"app": "dbt", "dbt_version": "1.11.11", "profile_name": "github_pulse", "target_name": "dev", "node_id": "test.github_pulse.not_null_stg_github__create_events_ref_type.4fe7dc2f80"} */

    
    select
      count(*) as failures,
      count(*) != 0 as should_warn,
      count(*) != 0 as should_error
    from (
      
    
  
    
    



select ref_type
from `github-pulse-jumpy`.`github_pulse_analytics_dev_staging`.`stg_github__create_events`
where ref_type is null



  
  
      
    ) dbt_internal_test
[0m17:41:13.347899 [debug] [Thread-1 (]: Opening a new connection, currently in state closed
[0m17:41:13.416662 [info ] [Thread-4 (]: 4 of 25 PASS not_null_stg_github__create_events_event_id ....................... [[32mPASS[0m in 2.61s]
[0m17:41:13.416931 [debug] [Thread-4 (]: Finished running node test.github_pulse.not_null_stg_github__create_events_event_id.98da02dad5
[0m17:41:13.417073 [debug] [Thread-4 (]: Began running node test.github_pulse.not_null_stg_github__delete_events_event_id.51a6624446
[0m17:41:13.417242 [info ] [Thread-4 (]: 6 of 25 START test not_null_stg_github__delete_events_event_id ................. [RUN]
[0m17:41:13.417426 [debug] [Thread-4 (]: Re-using an available connection from the pool (formerly test.github_pulse.not_null_stg_github__create_events_event_id.98da02dad5, now test.github_pulse.not_null_stg_github__delete_events_event_id.51a6624446)
[0m17:41:13.417629 [debug] [Thread-4 (]: Began compiling node test.github_pulse.not_null_stg_github__delete_events_event_id.51a6624446
[0m17:41:13.419497 [debug] [Thread-4 (]: Writing injected SQL for node "test.github_pulse.not_null_stg_github__delete_events_event_id.51a6624446"
[0m17:41:13.419978 [debug] [Thread-4 (]: Began executing node test.github_pulse.not_null_stg_github__delete_events_event_id.51a6624446
[0m17:41:13.421016 [debug] [Thread-4 (]: Writing runtime sql for node "test.github_pulse.not_null_stg_github__delete_events_event_id.51a6624446"
[0m17:41:13.421344 [debug] [Thread-4 (]: On test.github_pulse.not_null_stg_github__delete_events_event_id.51a6624446: /* {"app": "dbt", "dbt_version": "1.11.11", "profile_name": "github_pulse", "target_name": "dev", "node_id": "test.github_pulse.not_null_stg_github__delete_events_event_id.51a6624446"} */

    
    select
      count(*) as failures,
      count(*) != 0 as should_warn,
      count(*) != 0 as should_error
    from (
      
    
  
    
    



select event_id
from `github-pulse-jumpy`.`github_pulse_analytics_dev_staging`.`stg_github__delete_events`
where event_id is null



  
  
      
    ) dbt_internal_test
[0m17:41:13.421510 [debug] [Thread-4 (]: Opening a new connection, currently in state closed
[0m17:41:13.472583 [info ] [Thread-2 (]: 2 of 25 PASS accepted_values_stg_github__delete_events_ref_type__branch__tag ... [[32mPASS[0m in 2.67s]
[0m17:41:13.473703 [info ] [Thread-3 (]: 3 of 25 PASS accepted_values_stg_github__pull_request_events_pr_action__opened__closed__merged__reopened__labeled__unlabeled__assigned__unassigned__review_requested__review_request_removed__synchronize__edited__ready_for_review__converted_to_draft__auto_merge_enabled__auto_merge_disabled  [[32mPASS[0m in 2.67s]
[0m17:41:13.473975 [debug] [Thread-2 (]: Finished running node test.github_pulse.accepted_values_stg_github__delete_events_ref_type__branch__tag.22bcb6ac2b
[0m17:41:13.474341 [debug] [Thread-3 (]: Finished running node test.github_pulse.accepted_values_stg_github__pull_request_events_pr_action__opened__closed__merged__reopened__labeled__unlabeled__assigned__unassigned__review_requested__review_request_removed__synchronize__edited__ready_for_review__converted_to_draft__auto_merge_enabled__auto_merge_disabled.7ce35eee7f
[0m17:41:13.474511 [debug] [Thread-2 (]: Began running node test.github_pulse.not_null_stg_github__delete_events_ref_type.60de9ed0fb
[0m17:41:13.474694 [debug] [Thread-3 (]: Began running node test.github_pulse.not_null_stg_github__pull_request_events_actor_id.eeebc1e1f3
[0m17:41:13.474888 [info ] [Thread-2 (]: 7 of 25 START test not_null_stg_github__delete_events_ref_type ................. [RUN]
[0m17:41:13.475102 [info ] [Thread-3 (]: 8 of 25 START test not_null_stg_github__pull_request_events_actor_id ........... [RUN]
[0m17:41:13.475329 [debug] [Thread-2 (]: Re-using an available connection from the pool (formerly test.github_pulse.accepted_values_stg_github__delete_events_ref_type__branch__tag.22bcb6ac2b, now test.github_pulse.not_null_stg_github__delete_events_ref_type.60de9ed0fb)
[0m17:41:13.475504 [debug] [Thread-3 (]: Re-using an available connection from the pool (formerly test.github_pulse.accepted_values_stg_github__pull_request_events_pr_action__opened__closed__merged__reopened__labeled__unlabeled__assigned__unassigned__review_requested__review_request_removed__synchronize__edited__ready_for_review__converted_to_draft__auto_merge_enabled__auto_merge_disabled.7ce35eee7f, now test.github_pulse.not_null_stg_github__pull_request_events_actor_id.eeebc1e1f3)
[0m17:41:13.475638 [debug] [Thread-2 (]: Began compiling node test.github_pulse.not_null_stg_github__delete_events_ref_type.60de9ed0fb
[0m17:41:13.475756 [debug] [Thread-3 (]: Began compiling node test.github_pulse.not_null_stg_github__pull_request_events_actor_id.eeebc1e1f3
[0m17:41:13.477360 [debug] [Thread-2 (]: Writing injected SQL for node "test.github_pulse.not_null_stg_github__delete_events_ref_type.60de9ed0fb"
[0m17:41:13.478678 [debug] [Thread-3 (]: Writing injected SQL for node "test.github_pulse.not_null_stg_github__pull_request_events_actor_id.eeebc1e1f3"
[0m17:41:13.478981 [debug] [Thread-3 (]: Began executing node test.github_pulse.not_null_stg_github__pull_request_events_actor_id.eeebc1e1f3
[0m17:41:13.479856 [debug] [Thread-3 (]: Writing runtime sql for node "test.github_pulse.not_null_stg_github__pull_request_events_actor_id.eeebc1e1f3"
[0m17:41:13.479977 [debug] [Thread-2 (]: Began executing node test.github_pulse.not_null_stg_github__delete_events_ref_type.60de9ed0fb
[0m17:41:13.480857 [debug] [Thread-2 (]: Writing runtime sql for node "test.github_pulse.not_null_stg_github__delete_events_ref_type.60de9ed0fb"
[0m17:41:13.481043 [debug] [Thread-3 (]: On test.github_pulse.not_null_stg_github__pull_request_events_actor_id.eeebc1e1f3: /* {"app": "dbt", "dbt_version": "1.11.11", "profile_name": "github_pulse", "target_name": "dev", "node_id": "test.github_pulse.not_null_stg_github__pull_request_events_actor_id.eeebc1e1f3"} */

    
    select
      count(*) as failures,
      count(*) != 0 as should_warn,
      count(*) != 0 as should_error
    from (
      
    
  
    
    



select actor_id
from `github-pulse-jumpy`.`github_pulse_analytics_dev_staging`.`stg_github__pull_request_events`
where actor_id is null



  
  
      
    ) dbt_internal_test
[0m17:41:13.481238 [debug] [Thread-2 (]: On test.github_pulse.not_null_stg_github__delete_events_ref_type.60de9ed0fb: /* {"app": "dbt", "dbt_version": "1.11.11", "profile_name": "github_pulse", "target_name": "dev", "node_id": "test.github_pulse.not_null_stg_github__delete_events_ref_type.60de9ed0fb"} */

    
    select
      count(*) as failures,
      count(*) != 0 as should_warn,
      count(*) != 0 as should_error
    from (
      
    
  
    
    



select ref_type
from `github-pulse-jumpy`.`github_pulse_analytics_dev_staging`.`stg_github__delete_events`
where ref_type is null



  
  
      
    ) dbt_internal_test
[0m17:41:13.481367 [debug] [Thread-3 (]: Opening a new connection, currently in state closed
[0m17:41:13.481508 [debug] [Thread-2 (]: Opening a new connection, currently in state closed
[0m17:41:14.611107 [debug] [Thread-3 (]: BigQuery adapter: https://console.cloud.google.com/bigquery?project=github-pulse-jumpy&j=bq:US:2e02e16e-ff44-41a8-be24-fb4b49813905&page=queryresults
[0m17:41:14.612263 [debug] [Thread-4 (]: BigQuery adapter: https://console.cloud.google.com/bigquery?project=github-pulse-jumpy&j=bq:US:b1886454-97c5-4d1e-988c-304a7acecb97&page=queryresults
[0m17:41:14.638959 [debug] [Thread-2 (]: BigQuery adapter: https://console.cloud.google.com/bigquery?project=github-pulse-jumpy&j=bq:US:4db02839-56ae-467a-9530-5d2549263841&page=queryresults
[0m17:41:14.810442 [debug] [Thread-4 (]: SQL status: OK in 0.196 seconds
[0m17:41:14.852719 [debug] [Thread-3 (]: SQL status: OK in 0.239 seconds
[0m17:41:14.854735 [debug] [Thread-2 (]: SQL status: OK in 0.215 seconds
[0m17:41:14.930883 [debug] [Thread-1 (]: BigQuery adapter: https://console.cloud.google.com/bigquery?project=github-pulse-jumpy&j=bq:US:9654e00b-51e0-469f-83c6-5d362aa1278b&page=queryresults
[0m17:41:15.164814 [debug] [Thread-1 (]: SQL status: OK in 0.233 seconds
[0m17:41:15.217139 [info ] [Thread-4 (]: 6 of 25 PASS not_null_stg_github__delete_events_event_id ....................... [[32mPASS[0m in 1.80s]
[0m17:41:15.218071 [debug] [Thread-4 (]: Finished running node test.github_pulse.not_null_stg_github__delete_events_event_id.51a6624446
[0m17:41:15.218593 [debug] [Thread-4 (]: Began running node test.github_pulse.not_null_stg_github__pull_request_events_event_at.fe48c5f77d
[0m17:41:15.219205 [info ] [Thread-4 (]: 9 of 25 START test not_null_stg_github__pull_request_events_event_at ........... [RUN]
[0m17:41:15.219804 [debug] [Thread-4 (]: Re-using an available connection from the pool (formerly test.github_pulse.not_null_stg_github__delete_events_event_id.51a6624446, now test.github_pulse.not_null_stg_github__pull_request_events_event_at.fe48c5f77d)
[0m17:41:15.220263 [debug] [Thread-4 (]: Began compiling node test.github_pulse.not_null_stg_github__pull_request_events_event_at.fe48c5f77d
[0m17:41:15.226469 [debug] [Thread-4 (]: Writing injected SQL for node "test.github_pulse.not_null_stg_github__pull_request_events_event_at.fe48c5f77d"
[0m17:41:15.227338 [debug] [Thread-4 (]: Began executing node test.github_pulse.not_null_stg_github__pull_request_events_event_at.fe48c5f77d
[0m17:41:15.229696 [debug] [Thread-4 (]: Writing runtime sql for node "test.github_pulse.not_null_stg_github__pull_request_events_event_at.fe48c5f77d"
[0m17:41:15.230345 [debug] [Thread-4 (]: On test.github_pulse.not_null_stg_github__pull_request_events_event_at.fe48c5f77d: /* {"app": "dbt", "dbt_version": "1.11.11", "profile_name": "github_pulse", "target_name": "dev", "node_id": "test.github_pulse.not_null_stg_github__pull_request_events_event_at.fe48c5f77d"} */

    
    select
      count(*) as failures,
      count(*) != 0 as should_warn,
      count(*) != 0 as should_error
    from (
      
    
  
    
    



select event_at
from `github-pulse-jumpy`.`github_pulse_analytics_dev_staging`.`stg_github__pull_request_events`
where event_at is null



  
  
      
    ) dbt_internal_test
[0m17:41:15.231334 [debug] [Thread-4 (]: Opening a new connection, currently in state closed
[0m17:41:15.234614 [info ] [Thread-2 (]: 7 of 25 PASS not_null_stg_github__delete_events_ref_type ....................... [[32mPASS[0m in 1.76s]
[0m17:41:15.301050 [info ] [Thread-3 (]: 8 of 25 PASS not_null_stg_github__pull_request_events_actor_id ................. [[32mPASS[0m in 1.83s]
[0m17:41:15.301248 [debug] [Thread-2 (]: Finished running node test.github_pulse.not_null_stg_github__delete_events_ref_type.60de9ed0fb
[0m17:41:15.301442 [debug] [Thread-3 (]: Finished running node test.github_pulse.not_null_stg_github__pull_request_events_actor_id.eeebc1e1f3
[0m17:41:15.301583 [debug] [Thread-2 (]: Began running node test.github_pulse.not_null_stg_github__pull_request_events_event_id.e1c51e4048
[0m17:41:15.301767 [debug] [Thread-3 (]: Began running node test.github_pulse.not_null_stg_github__pull_request_events_pr_action.82487d00ac
[0m17:41:15.301941 [info ] [Thread-2 (]: 10 of 25 START test not_null_stg_github__pull_request_events_event_id .......... [RUN]
[0m17:41:15.302077 [info ] [Thread-3 (]: 11 of 25 START test not_null_stg_github__pull_request_events_pr_action ......... [RUN]
[0m17:41:15.302223 [debug] [Thread-2 (]: Re-using an available connection from the pool (formerly test.github_pulse.not_null_stg_github__delete_events_ref_type.60de9ed0fb, now test.github_pulse.not_null_stg_github__pull_request_events_event_id.e1c51e4048)
[0m17:41:15.302350 [debug] [Thread-3 (]: Re-using an available connection from the pool (formerly test.github_pulse.not_null_stg_github__pull_request_events_actor_id.eeebc1e1f3, now test.github_pulse.not_null_stg_github__pull_request_events_pr_action.82487d00ac)
[0m17:41:15.302474 [debug] [Thread-2 (]: Began compiling node test.github_pulse.not_null_stg_github__pull_request_events_event_id.e1c51e4048
[0m17:41:15.302786 [debug] [Thread-3 (]: Began compiling node test.github_pulse.not_null_stg_github__pull_request_events_pr_action.82487d00ac
[0m17:41:15.304481 [debug] [Thread-2 (]: Writing injected SQL for node "test.github_pulse.not_null_stg_github__pull_request_events_event_id.e1c51e4048"
[0m17:41:15.305961 [debug] [Thread-3 (]: Writing injected SQL for node "test.github_pulse.not_null_stg_github__pull_request_events_pr_action.82487d00ac"
[0m17:41:15.306354 [debug] [Thread-3 (]: Began executing node test.github_pulse.not_null_stg_github__pull_request_events_pr_action.82487d00ac
[0m17:41:15.306507 [debug] [Thread-2 (]: Began executing node test.github_pulse.not_null_stg_github__pull_request_events_event_id.e1c51e4048
[0m17:41:15.308315 [debug] [Thread-3 (]: Writing runtime sql for node "test.github_pulse.not_null_stg_github__pull_request_events_pr_action.82487d00ac"
[0m17:41:15.309175 [debug] [Thread-2 (]: Writing runtime sql for node "test.github_pulse.not_null_stg_github__pull_request_events_event_id.e1c51e4048"
[0m17:41:15.309466 [debug] [Thread-3 (]: On test.github_pulse.not_null_stg_github__pull_request_events_pr_action.82487d00ac: /* {"app": "dbt", "dbt_version": "1.11.11", "profile_name": "github_pulse", "target_name": "dev", "node_id": "test.github_pulse.not_null_stg_github__pull_request_events_pr_action.82487d00ac"} */

    
    select
      count(*) as failures,
      count(*) != 0 as should_warn,
      count(*) != 0 as should_error
    from (
      
    
  
    
    



select pr_action
from `github-pulse-jumpy`.`github_pulse_analytics_dev_staging`.`stg_github__pull_request_events`
where pr_action is null



  
  
      
    ) dbt_internal_test
[0m17:41:15.309650 [debug] [Thread-2 (]: On test.github_pulse.not_null_stg_github__pull_request_events_event_id.e1c51e4048: /* {"app": "dbt", "dbt_version": "1.11.11", "profile_name": "github_pulse", "target_name": "dev", "node_id": "test.github_pulse.not_null_stg_github__pull_request_events_event_id.e1c51e4048"} */

    
    select
      count(*) as failures,
      count(*) != 0 as should_warn,
      count(*) != 0 as should_error
    from (
      
    
  
    
    



select event_id
from `github-pulse-jumpy`.`github_pulse_analytics_dev_staging`.`stg_github__pull_request_events`
where event_id is null



  
  
      
    ) dbt_internal_test
[0m17:41:15.309794 [debug] [Thread-3 (]: Opening a new connection, currently in state closed
[0m17:41:15.309925 [debug] [Thread-2 (]: Opening a new connection, currently in state closed
[0m17:41:15.562581 [info ] [Thread-1 (]: 5 of 25 PASS not_null_stg_github__create_events_ref_type ....................... [[32mPASS[0m in 2.23s]
[0m17:41:15.562978 [debug] [Thread-1 (]: Finished running node test.github_pulse.not_null_stg_github__create_events_ref_type.4fe7dc2f80
[0m17:41:15.563212 [debug] [Thread-1 (]: Began running node test.github_pulse.not_null_stg_github__pull_request_events_pr_id.f7d631da0c
[0m17:41:15.563483 [info ] [Thread-1 (]: 12 of 25 START test not_null_stg_github__pull_request_events_pr_id ............. [RUN]
[0m17:41:15.563764 [debug] [Thread-1 (]: Re-using an available connection from the pool (formerly test.github_pulse.not_null_stg_github__create_events_ref_type.4fe7dc2f80, now test.github_pulse.not_null_stg_github__pull_request_events_pr_id.f7d631da0c)
[0m17:41:15.563985 [debug] [Thread-1 (]: Began compiling node test.github_pulse.not_null_stg_github__pull_request_events_pr_id.f7d631da0c
[0m17:41:15.566741 [debug] [Thread-1 (]: Writing injected SQL for node "test.github_pulse.not_null_stg_github__pull_request_events_pr_id.f7d631da0c"
[0m17:41:15.567212 [debug] [Thread-1 (]: Began executing node test.github_pulse.not_null_stg_github__pull_request_events_pr_id.f7d631da0c
[0m17:41:15.568663 [debug] [Thread-1 (]: Writing runtime sql for node "test.github_pulse.not_null_stg_github__pull_request_events_pr_id.f7d631da0c"
[0m17:41:15.569022 [debug] [Thread-1 (]: On test.github_pulse.not_null_stg_github__pull_request_events_pr_id.f7d631da0c: /* {"app": "dbt", "dbt_version": "1.11.11", "profile_name": "github_pulse", "target_name": "dev", "node_id": "test.github_pulse.not_null_stg_github__pull_request_events_pr_id.f7d631da0c"} */

    
    select
      count(*) as failures,
      count(*) != 0 as should_warn,
      count(*) != 0 as should_error
    from (
      
    
  
    
    



select pr_id
from `github-pulse-jumpy`.`github_pulse_analytics_dev_staging`.`stg_github__pull_request_events`
where pr_id is null



  
  
      
    ) dbt_internal_test
[0m17:41:15.569249 [debug] [Thread-1 (]: Opening a new connection, currently in state closed
[0m17:41:16.355698 [debug] [Thread-4 (]: BigQuery adapter: https://console.cloud.google.com/bigquery?project=github-pulse-jumpy&j=bq:US:8c273243-9d91-4300-bb88-4cc0468a771d&page=queryresults
[0m17:41:16.559493 [debug] [Thread-4 (]: SQL status: OK in 0.203 seconds
[0m17:41:16.568051 [debug] [Thread-3 (]: BigQuery adapter: https://console.cloud.google.com/bigquery?project=github-pulse-jumpy&j=bq:US:f5ece923-5acd-461e-bc56-6b0d93c81aa4&page=queryresults
[0m17:41:16.802824 [debug] [Thread-1 (]: BigQuery adapter: https://console.cloud.google.com/bigquery?project=github-pulse-jumpy&j=bq:US:760cff2a-41e6-439e-ab4d-e6e03c632b61&page=queryresults
[0m17:41:16.813434 [debug] [Thread-3 (]: SQL status: OK in 0.244 seconds
[0m17:41:16.818247 [debug] [Thread-2 (]: BigQuery adapter: https://console.cloud.google.com/bigquery?project=github-pulse-jumpy&j=bq:US:be5d8a43-74ec-4100-99f6-8722d4afe0f3&page=queryresults
[0m17:41:17.006508 [info ] [Thread-4 (]: 9 of 25 PASS not_null_stg_github__pull_request_events_event_at ................. [[32mPASS[0m in 1.79s]
[0m17:41:17.007586 [debug] [Thread-4 (]: Finished running node test.github_pulse.not_null_stg_github__pull_request_events_event_at.fe48c5f77d
[0m17:41:17.008209 [debug] [Thread-4 (]: Began running node test.github_pulse.not_null_stg_github__pull_request_events_repo_id.eeac25aacb
[0m17:41:17.008871 [info ] [Thread-4 (]: 13 of 25 START test not_null_stg_github__pull_request_events_repo_id ........... [RUN]
[0m17:41:17.009557 [debug] [Thread-4 (]: Re-using an available connection from the pool (formerly test.github_pulse.not_null_stg_github__pull_request_events_event_at.fe48c5f77d, now test.github_pulse.not_null_stg_github__pull_request_events_repo_id.eeac25aacb)
[0m17:41:17.010096 [debug] [Thread-4 (]: Began compiling node test.github_pulse.not_null_stg_github__pull_request_events_repo_id.eeac25aacb
[0m17:41:17.017276 [debug] [Thread-4 (]: Writing injected SQL for node "test.github_pulse.not_null_stg_github__pull_request_events_repo_id.eeac25aacb"
[0m17:41:17.018688 [debug] [Thread-4 (]: Began executing node test.github_pulse.not_null_stg_github__pull_request_events_repo_id.eeac25aacb
[0m17:41:17.021279 [debug] [Thread-4 (]: Writing runtime sql for node "test.github_pulse.not_null_stg_github__pull_request_events_repo_id.eeac25aacb"
[0m17:41:17.021916 [debug] [Thread-4 (]: On test.github_pulse.not_null_stg_github__pull_request_events_repo_id.eeac25aacb: /* {"app": "dbt", "dbt_version": "1.11.11", "profile_name": "github_pulse", "target_name": "dev", "node_id": "test.github_pulse.not_null_stg_github__pull_request_events_repo_id.eeac25aacb"} */

    
    select
      count(*) as failures,
      count(*) != 0 as should_warn,
      count(*) != 0 as should_error
    from (
      
    
  
    
    



select repo_id
from `github-pulse-jumpy`.`github_pulse_analytics_dev_staging`.`stg_github__pull_request_events`
where repo_id is null



  
  
      
    ) dbt_internal_test
[0m17:41:17.022273 [debug] [Thread-4 (]: Opening a new connection, currently in state closed
[0m17:41:17.091103 [debug] [Thread-2 (]: SQL status: OK in 0.272 seconds
[0m17:41:17.091555 [debug] [Thread-1 (]: SQL status: OK in 0.288 seconds
[0m17:41:17.169972 [info ] [Thread-3 (]: 11 of 25 PASS not_null_stg_github__pull_request_events_pr_action ............... [[32mPASS[0m in 1.87s]
[0m17:41:17.170283 [debug] [Thread-3 (]: Finished running node test.github_pulse.not_null_stg_github__pull_request_events_pr_action.82487d00ac
[0m17:41:17.170475 [debug] [Thread-3 (]: Began running node test.github_pulse.not_null_stg_github__watch_events_actor_id.e9d774ff71
[0m17:41:17.170709 [info ] [Thread-3 (]: 14 of 25 START test not_null_stg_github__watch_events_actor_id ................. [RUN]
[0m17:41:17.170991 [debug] [Thread-3 (]: Re-using an available connection from the pool (formerly test.github_pulse.not_null_stg_github__pull_request_events_pr_action.82487d00ac, now test.github_pulse.not_null_stg_github__watch_events_actor_id.e9d774ff71)
[0m17:41:17.171236 [debug] [Thread-3 (]: Began compiling node test.github_pulse.not_null_stg_github__watch_events_actor_id.e9d774ff71
[0m17:41:17.173609 [debug] [Thread-3 (]: Writing injected SQL for node "test.github_pulse.not_null_stg_github__watch_events_actor_id.e9d774ff71"
[0m17:41:17.174006 [debug] [Thread-3 (]: Began executing node test.github_pulse.not_null_stg_github__watch_events_actor_id.e9d774ff71
[0m17:41:17.175297 [debug] [Thread-3 (]: Writing runtime sql for node "test.github_pulse.not_null_stg_github__watch_events_actor_id.e9d774ff71"
[0m17:41:17.175636 [debug] [Thread-3 (]: On test.github_pulse.not_null_stg_github__watch_events_actor_id.e9d774ff71: /* {"app": "dbt", "dbt_version": "1.11.11", "profile_name": "github_pulse", "target_name": "dev", "node_id": "test.github_pulse.not_null_stg_github__watch_events_actor_id.e9d774ff71"} */

    
    select
      count(*) as failures,
      count(*) != 0 as should_warn,
      count(*) != 0 as should_error
    from (
      
    
  
    
    



select actor_id
from `github-pulse-jumpy`.`github_pulse_analytics_dev_staging`.`stg_github__watch_events`
where actor_id is null



  
  
      
    ) dbt_internal_test
[0m17:41:17.175839 [debug] [Thread-3 (]: Opening a new connection, currently in state closed
[0m17:41:17.449302 [info ] [Thread-2 (]: 10 of 25 PASS not_null_stg_github__pull_request_events_event_id ................ [[32mPASS[0m in 2.15s]
[0m17:41:17.450436 [debug] [Thread-2 (]: Finished running node test.github_pulse.not_null_stg_github__pull_request_events_event_id.e1c51e4048
[0m17:41:17.450984 [debug] [Thread-2 (]: Began running node test.github_pulse.not_null_stg_github__watch_events_event_at.18e544e679
[0m17:41:17.451516 [info ] [Thread-2 (]: 15 of 25 START test not_null_stg_github__watch_events_event_at ................. [RUN]
[0m17:41:17.452065 [debug] [Thread-2 (]: Re-using an available connection from the pool (formerly test.github_pulse.not_null_stg_github__pull_request_events_event_id.e1c51e4048, now test.github_pulse.not_null_stg_github__watch_events_event_at.18e544e679)
[0m17:41:17.453001 [debug] [Thread-2 (]: Began compiling node test.github_pulse.not_null_stg_github__watch_events_event_at.18e544e679
[0m17:41:17.459270 [debug] [Thread-2 (]: Writing injected SQL for node "test.github_pulse.not_null_stg_github__watch_events_event_at.18e544e679"
[0m17:41:17.461282 [info ] [Thread-1 (]: 12 of 25 PASS not_null_stg_github__pull_request_events_pr_id ................... [[32mPASS[0m in 1.90s]
[0m17:41:17.461929 [debug] [Thread-1 (]: Finished running node test.github_pulse.not_null_stg_github__pull_request_events_pr_id.f7d631da0c
[0m17:41:17.462335 [debug] [Thread-1 (]: Began running node test.github_pulse.not_null_stg_github__watch_events_event_id.13c6b0fc90
[0m17:41:17.462959 [debug] [Thread-2 (]: Began executing node test.github_pulse.not_null_stg_github__watch_events_event_at.18e544e679
[0m17:41:17.462697 [info ] [Thread-1 (]: 16 of 25 START test not_null_stg_github__watch_events_event_id ................. [RUN]
[0m17:41:17.467291 [debug] [Thread-2 (]: Writing runtime sql for node "test.github_pulse.not_null_stg_github__watch_events_event_at.18e544e679"
[0m17:41:17.467605 [debug] [Thread-1 (]: Re-using an available connection from the pool (formerly test.github_pulse.not_null_stg_github__pull_request_events_pr_id.f7d631da0c, now test.github_pulse.not_null_stg_github__watch_events_event_id.13c6b0fc90)
[0m17:41:17.467945 [debug] [Thread-1 (]: Began compiling node test.github_pulse.not_null_stg_github__watch_events_event_id.13c6b0fc90
[0m17:41:17.470861 [debug] [Thread-1 (]: Writing injected SQL for node "test.github_pulse.not_null_stg_github__watch_events_event_id.13c6b0fc90"
[0m17:41:17.471266 [debug] [Thread-2 (]: On test.github_pulse.not_null_stg_github__watch_events_event_at.18e544e679: /* {"app": "dbt", "dbt_version": "1.11.11", "profile_name": "github_pulse", "target_name": "dev", "node_id": "test.github_pulse.not_null_stg_github__watch_events_event_at.18e544e679"} */

    
    select
      count(*) as failures,
      count(*) != 0 as should_warn,
      count(*) != 0 as should_error
    from (
      
    
  
    
    



select event_at
from `github-pulse-jumpy`.`github_pulse_analytics_dev_staging`.`stg_github__watch_events`
where event_at is null



  
  
      
    ) dbt_internal_test
[0m17:41:17.471558 [debug] [Thread-2 (]: Opening a new connection, currently in state closed
[0m17:41:17.471761 [debug] [Thread-1 (]: Began executing node test.github_pulse.not_null_stg_github__watch_events_event_id.13c6b0fc90
[0m17:41:17.473341 [debug] [Thread-1 (]: Writing runtime sql for node "test.github_pulse.not_null_stg_github__watch_events_event_id.13c6b0fc90"
[0m17:41:17.536224 [debug] [Thread-1 (]: On test.github_pulse.not_null_stg_github__watch_events_event_id.13c6b0fc90: /* {"app": "dbt", "dbt_version": "1.11.11", "profile_name": "github_pulse", "target_name": "dev", "node_id": "test.github_pulse.not_null_stg_github__watch_events_event_id.13c6b0fc90"} */

    
    select
      count(*) as failures,
      count(*) != 0 as should_warn,
      count(*) != 0 as should_error
    from (
      
    
  
    
    



select event_id
from `github-pulse-jumpy`.`github_pulse_analytics_dev_staging`.`stg_github__watch_events`
where event_id is null



  
  
      
    ) dbt_internal_test
[0m17:41:17.536377 [debug] [Thread-1 (]: Opening a new connection, currently in state closed
[0m17:41:18.192677 [debug] [Thread-4 (]: BigQuery adapter: https://console.cloud.google.com/bigquery?project=github-pulse-jumpy&j=bq:US:62eb4e7e-ce88-4e57-a76c-ce321536f129&page=queryresults
[0m17:41:18.193587 [debug] [Thread-3 (]: BigQuery adapter: https://console.cloud.google.com/bigquery?project=github-pulse-jumpy&j=bq:US:20d18f2d-db2b-497b-a386-20b3e86b9113&page=queryresults
[0m17:41:18.385899 [debug] [Thread-3 (]: SQL status: OK in 0.190 seconds
[0m17:41:18.425606 [debug] [Thread-4 (]: SQL status: OK in 0.231 seconds
[0m17:41:18.601627 [debug] [Thread-2 (]: BigQuery adapter: https://console.cloud.google.com/bigquery?project=github-pulse-jumpy&j=bq:US:a3de636e-e863-45a8-9813-f79a66546fca&page=queryresults
[0m17:41:18.694878 [debug] [Thread-1 (]: BigQuery adapter: https://console.cloud.google.com/bigquery?project=github-pulse-jumpy&j=bq:US:2174e405-d338-41f5-a087-f9faab72984d&page=queryresults
[0m17:41:18.770842 [info ] [Thread-3 (]: 14 of 25 PASS not_null_stg_github__watch_events_actor_id ....................... [[32mPASS[0m in 1.60s]
[0m17:41:18.771586 [debug] [Thread-3 (]: Finished running node test.github_pulse.not_null_stg_github__watch_events_actor_id.e9d774ff71
[0m17:41:18.771967 [debug] [Thread-3 (]: Began running node test.github_pulse.not_null_stg_github__watch_events_repo_id.6ed122893f
[0m17:41:18.772293 [info ] [Thread-3 (]: 17 of 25 START test not_null_stg_github__watch_events_repo_id .................. [RUN]
[0m17:41:18.772653 [debug] [Thread-3 (]: Re-using an available connection from the pool (formerly test.github_pulse.not_null_stg_github__watch_events_actor_id.e9d774ff71, now test.github_pulse.not_null_stg_github__watch_events_repo_id.6ed122893f)
[0m17:41:18.773020 [debug] [Thread-3 (]: Began compiling node test.github_pulse.not_null_stg_github__watch_events_repo_id.6ed122893f
[0m17:41:18.778082 [debug] [Thread-3 (]: Writing injected SQL for node "test.github_pulse.not_null_stg_github__watch_events_repo_id.6ed122893f"
[0m17:41:18.779064 [debug] [Thread-2 (]: SQL status: OK in 0.177 seconds
[0m17:41:18.780299 [debug] [Thread-3 (]: Began executing node test.github_pulse.not_null_stg_github__watch_events_repo_id.6ed122893f
[0m17:41:18.783011 [debug] [Thread-3 (]: Writing runtime sql for node "test.github_pulse.not_null_stg_github__watch_events_repo_id.6ed122893f"
[0m17:41:18.783799 [debug] [Thread-3 (]: On test.github_pulse.not_null_stg_github__watch_events_repo_id.6ed122893f: /* {"app": "dbt", "dbt_version": "1.11.11", "profile_name": "github_pulse", "target_name": "dev", "node_id": "test.github_pulse.not_null_stg_github__watch_events_repo_id.6ed122893f"} */

    
    select
      count(*) as failures,
      count(*) != 0 as should_warn,
      count(*) != 0 as should_error
    from (
      
    
  
    
    



select repo_id
from `github-pulse-jumpy`.`github_pulse_analytics_dev_staging`.`stg_github__watch_events`
where repo_id is null



  
  
      
    ) dbt_internal_test
[0m17:41:18.784025 [debug] [Thread-3 (]: Opening a new connection, currently in state closed
[0m17:41:18.847825 [info ] [Thread-4 (]: 13 of 25 PASS not_null_stg_github__pull_request_events_repo_id ................. [[32mPASS[0m in 1.84s]
[0m17:41:18.848194 [debug] [Thread-4 (]: Finished running node test.github_pulse.not_null_stg_github__pull_request_events_repo_id.eeac25aacb
[0m17:41:18.848376 [debug] [Thread-4 (]: Began running node test.github_pulse.source_not_null_github_archive_20260428_created_at.611b92acc9
[0m17:41:18.848575 [info ] [Thread-4 (]: 18 of 25 START test source_not_null_github_archive_20260428_created_at ......... [RUN]
[0m17:41:18.848794 [debug] [Thread-4 (]: Re-using an available connection from the pool (formerly test.github_pulse.not_null_stg_github__pull_request_events_repo_id.eeac25aacb, now test.github_pulse.source_not_null_github_archive_20260428_created_at.611b92acc9)
[0m17:41:18.848941 [debug] [Thread-4 (]: Began compiling node test.github_pulse.source_not_null_github_archive_20260428_created_at.611b92acc9
[0m17:41:18.851026 [debug] [Thread-4 (]: Writing injected SQL for node "test.github_pulse.source_not_null_github_archive_20260428_created_at.611b92acc9"
[0m17:41:18.851433 [debug] [Thread-4 (]: Began executing node test.github_pulse.source_not_null_github_archive_20260428_created_at.611b92acc9
[0m17:41:18.852706 [debug] [Thread-4 (]: Writing runtime sql for node "test.github_pulse.source_not_null_github_archive_20260428_created_at.611b92acc9"
[0m17:41:18.853083 [debug] [Thread-4 (]: On test.github_pulse.source_not_null_github_archive_20260428_created_at.611b92acc9: /* {"app": "dbt", "dbt_version": "1.11.11", "profile_name": "github_pulse", "target_name": "dev", "node_id": "test.github_pulse.source_not_null_github_archive_20260428_created_at.611b92acc9"} */

    
    select
      count(*) as failures,
      count(*) != 0 as should_warn,
      count(*) != 0 as should_error
    from (
      
    
  
    
    



select created_at
from `githubarchive`.`day`.`20260428`
where created_at is null



  
  
      
    ) dbt_internal_test
[0m17:41:18.853257 [debug] [Thread-4 (]: Opening a new connection, currently in state closed
[0m17:41:18.917853 [debug] [Thread-1 (]: SQL status: OK in 0.223 seconds
[0m17:41:19.224143 [info ] [Thread-2 (]: 15 of 25 PASS not_null_stg_github__watch_events_event_at ....................... [[32mPASS[0m in 1.77s]
[0m17:41:19.224949 [debug] [Thread-2 (]: Finished running node test.github_pulse.not_null_stg_github__watch_events_event_at.18e544e679
[0m17:41:19.225411 [debug] [Thread-2 (]: Began running node test.github_pulse.source_not_null_github_archive_20260428_id.12bd51dae5
[0m17:41:19.225881 [info ] [Thread-2 (]: 19 of 25 START test source_not_null_github_archive_20260428_id ................. [RUN]
[0m17:41:19.226385 [debug] [Thread-2 (]: Re-using an available connection from the pool (formerly test.github_pulse.not_null_stg_github__watch_events_event_at.18e544e679, now test.github_pulse.source_not_null_github_archive_20260428_id.12bd51dae5)
[0m17:41:19.226771 [debug] [Thread-2 (]: Began compiling node test.github_pulse.source_not_null_github_archive_20260428_id.12bd51dae5
[0m17:41:19.231398 [debug] [Thread-2 (]: Writing injected SQL for node "test.github_pulse.source_not_null_github_archive_20260428_id.12bd51dae5"
[0m17:41:19.232228 [debug] [Thread-2 (]: Began executing node test.github_pulse.source_not_null_github_archive_20260428_id.12bd51dae5
[0m17:41:19.235032 [debug] [Thread-2 (]: Writing runtime sql for node "test.github_pulse.source_not_null_github_archive_20260428_id.12bd51dae5"
[0m17:41:19.235836 [debug] [Thread-2 (]: On test.github_pulse.source_not_null_github_archive_20260428_id.12bd51dae5: /* {"app": "dbt", "dbt_version": "1.11.11", "profile_name": "github_pulse", "target_name": "dev", "node_id": "test.github_pulse.source_not_null_github_archive_20260428_id.12bd51dae5"} */

    
    select
      count(*) as failures,
      count(*) != 0 as should_warn,
      count(*) != 0 as should_error
    from (
      
    
  
    
    



select id
from `githubarchive`.`day`.`20260428`
where id is null



  
  
      
    ) dbt_internal_test
[0m17:41:19.237917 [debug] [Thread-2 (]: Opening a new connection, currently in state closed
[0m17:41:19.304288 [info ] [Thread-1 (]: 16 of 25 PASS not_null_stg_github__watch_events_event_id ....................... [[32mPASS[0m in 1.84s]
[0m17:41:19.304641 [debug] [Thread-1 (]: Finished running node test.github_pulse.not_null_stg_github__watch_events_event_id.13c6b0fc90
[0m17:41:19.304813 [debug] [Thread-1 (]: Began running node test.github_pulse.source_not_null_github_archive_20260428_type.49bf88bb15
[0m17:41:19.304991 [info ] [Thread-1 (]: 20 of 25 START test source_not_null_github_archive_20260428_type ............... [RUN]
[0m17:41:19.305201 [debug] [Thread-1 (]: Re-using an available connection from the pool (formerly test.github_pulse.not_null_stg_github__watch_events_event_id.13c6b0fc90, now test.github_pulse.source_not_null_github_archive_20260428_type.49bf88bb15)
[0m17:41:19.305334 [debug] [Thread-1 (]: Began compiling node test.github_pulse.source_not_null_github_archive_20260428_type.49bf88bb15
[0m17:41:19.307114 [debug] [Thread-1 (]: Writing injected SQL for node "test.github_pulse.source_not_null_github_archive_20260428_type.49bf88bb15"
[0m17:41:19.307453 [debug] [Thread-1 (]: Began executing node test.github_pulse.source_not_null_github_archive_20260428_type.49bf88bb15
[0m17:41:19.308377 [debug] [Thread-1 (]: Writing runtime sql for node "test.github_pulse.source_not_null_github_archive_20260428_type.49bf88bb15"
[0m17:41:19.308670 [debug] [Thread-1 (]: On test.github_pulse.source_not_null_github_archive_20260428_type.49bf88bb15: /* {"app": "dbt", "dbt_version": "1.11.11", "profile_name": "github_pulse", "target_name": "dev", "node_id": "test.github_pulse.source_not_null_github_archive_20260428_type.49bf88bb15"} */

    
    select
      count(*) as failures,
      count(*) != 0 as should_warn,
      count(*) != 0 as should_error
    from (
      
    
  
    
    



select type
from `githubarchive`.`day`.`20260428`
where type is null



  
  
      
    ) dbt_internal_test
[0m17:41:19.308845 [debug] [Thread-1 (]: Opening a new connection, currently in state closed
[0m17:41:19.829843 [debug] [Thread-4 (]: BigQuery adapter: https://console.cloud.google.com/bigquery?project=github-pulse-jumpy&j=bq:US:30b60551-7daa-4fe7-b603-d92b2a8f59f7&page=queryresults
[0m17:41:19.830731 [debug] [Thread-3 (]: BigQuery adapter: https://console.cloud.google.com/bigquery?project=github-pulse-jumpy&j=bq:US:471437f7-2de2-414d-b712-d08f08e1cc4a&page=queryresults
[0m17:41:20.050145 [debug] [Thread-4 (]: SQL status: OK in 0.219 seconds
[0m17:41:20.099502 [debug] [Thread-2 (]: BigQuery adapter: https://console.cloud.google.com/bigquery?project=github-pulse-jumpy&j=bq:US:9bd7b117-ce08-4410-8c2b-09cebac1e460&page=queryresults
[0m17:41:20.147639 [debug] [Thread-3 (]: SQL status: OK in 0.316 seconds
[0m17:41:20.242198 [debug] [Thread-1 (]: BigQuery adapter: https://console.cloud.google.com/bigquery?project=github-pulse-jumpy&j=bq:US:7c95d8b8-d94c-4fbf-9079-c569e12a7d93&page=queryresults
[0m17:41:20.313866 [debug] [Thread-2 (]: SQL status: OK in 0.213 seconds
[0m17:41:20.444874 [info ] [Thread-4 (]: 18 of 25 PASS source_not_null_github_archive_20260428_created_at ............... [[32mPASS[0m in 1.60s]
[0m17:41:20.445849 [debug] [Thread-4 (]: Finished running node test.github_pulse.source_not_null_github_archive_20260428_created_at.611b92acc9
[0m17:41:20.446334 [debug] [Thread-4 (]: Began running node test.github_pulse.source_unique_github_archive_20260428_id.4eabfe8f4c
[0m17:41:20.446805 [info ] [Thread-4 (]: 21 of 25 START test source_unique_github_archive_20260428_id ................... [RUN]
[0m17:41:20.447294 [debug] [Thread-4 (]: Re-using an available connection from the pool (formerly test.github_pulse.source_not_null_github_archive_20260428_created_at.611b92acc9, now test.github_pulse.source_unique_github_archive_20260428_id.4eabfe8f4c)
[0m17:41:20.447677 [debug] [Thread-4 (]: Began compiling node test.github_pulse.source_unique_github_archive_20260428_id.4eabfe8f4c
[0m17:41:20.454752 [debug] [Thread-4 (]: Writing injected SQL for node "test.github_pulse.source_unique_github_archive_20260428_id.4eabfe8f4c"
[0m17:41:20.455615 [debug] [Thread-4 (]: Began executing node test.github_pulse.source_unique_github_archive_20260428_id.4eabfe8f4c
[0m17:41:20.458111 [debug] [Thread-4 (]: Writing runtime sql for node "test.github_pulse.source_unique_github_archive_20260428_id.4eabfe8f4c"
[0m17:41:20.458517 [debug] [Thread-4 (]: On test.github_pulse.source_unique_github_archive_20260428_id.4eabfe8f4c: /* {"app": "dbt", "dbt_version": "1.11.11", "profile_name": "github_pulse", "target_name": "dev", "node_id": "test.github_pulse.source_unique_github_archive_20260428_id.4eabfe8f4c"} */

    
    select
      count(*) as failures,
      count(*) != 0 as should_warn,
      count(*) != 0 as should_error
    from (
      
    
  
    
    

with dbt_test__target as (

  select id as unique_field
  from `githubarchive`.`day`.`20260428`
  where id is not null

)

select
    unique_field,
    count(*) as n_records

from dbt_test__target
group by unique_field
having count(*) > 1



  
  
      
    ) dbt_internal_test
[0m17:41:20.458696 [debug] [Thread-4 (]: Opening a new connection, currently in state closed
[0m17:41:20.510792 [debug] [Thread-1 (]: SQL status: OK in 0.268 seconds
[0m17:41:20.580740 [info ] [Thread-3 (]: 17 of 25 PASS not_null_stg_github__watch_events_repo_id ........................ [[32mPASS[0m in 1.81s]
[0m17:41:20.581046 [debug] [Thread-3 (]: Finished running node test.github_pulse.not_null_stg_github__watch_events_repo_id.6ed122893f
[0m17:41:20.581207 [debug] [Thread-3 (]: Began running node test.github_pulse.unique_stg_github__create_events_event_id.55084eef4b
[0m17:41:20.581383 [info ] [Thread-3 (]: 22 of 25 START test unique_stg_github__create_events_event_id .................. [RUN]
[0m17:41:20.581584 [debug] [Thread-3 (]: Re-using an available connection from the pool (formerly test.github_pulse.not_null_stg_github__watch_events_repo_id.6ed122893f, now test.github_pulse.unique_stg_github__create_events_event_id.55084eef4b)
[0m17:41:20.581719 [debug] [Thread-3 (]: Began compiling node test.github_pulse.unique_stg_github__create_events_event_id.55084eef4b
[0m17:41:20.583548 [debug] [Thread-3 (]: Writing injected SQL for node "test.github_pulse.unique_stg_github__create_events_event_id.55084eef4b"
[0m17:41:20.583955 [debug] [Thread-3 (]: Began executing node test.github_pulse.unique_stg_github__create_events_event_id.55084eef4b
[0m17:41:20.585033 [debug] [Thread-3 (]: Writing runtime sql for node "test.github_pulse.unique_stg_github__create_events_event_id.55084eef4b"
[0m17:41:20.585376 [debug] [Thread-3 (]: On test.github_pulse.unique_stg_github__create_events_event_id.55084eef4b: /* {"app": "dbt", "dbt_version": "1.11.11", "profile_name": "github_pulse", "target_name": "dev", "node_id": "test.github_pulse.unique_stg_github__create_events_event_id.55084eef4b"} */

    
    select
      count(*) as failures,
      count(*) != 0 as should_warn,
      count(*) != 0 as should_error
    from (
      
    
  
    
    

with dbt_test__target as (

  select event_id as unique_field
  from `github-pulse-jumpy`.`github_pulse_analytics_dev_staging`.`stg_github__create_events`
  where event_id is not null

)

select
    unique_field,
    count(*) as n_records

from dbt_test__target
group by unique_field
having count(*) > 1



  
  
      
    ) dbt_internal_test
[0m17:41:20.585555 [debug] [Thread-3 (]: Opening a new connection, currently in state closed
[0m17:41:20.714382 [info ] [Thread-2 (]: 19 of 25 PASS source_not_null_github_archive_20260428_id ....................... [[32mPASS[0m in 1.49s]
[0m17:41:20.714748 [debug] [Thread-2 (]: Finished running node test.github_pulse.source_not_null_github_archive_20260428_id.12bd51dae5
[0m17:41:20.714963 [debug] [Thread-2 (]: Began running node test.github_pulse.unique_stg_github__delete_events_event_id.0fb1e4b93a
[0m17:41:20.715172 [info ] [Thread-2 (]: 23 of 25 START test unique_stg_github__delete_events_event_id .................. [RUN]
[0m17:41:20.715401 [debug] [Thread-2 (]: Re-using an available connection from the pool (formerly test.github_pulse.source_not_null_github_archive_20260428_id.12bd51dae5, now test.github_pulse.unique_stg_github__delete_events_event_id.0fb1e4b93a)
[0m17:41:20.715573 [debug] [Thread-2 (]: Began compiling node test.github_pulse.unique_stg_github__delete_events_event_id.0fb1e4b93a
[0m17:41:20.717792 [debug] [Thread-2 (]: Writing injected SQL for node "test.github_pulse.unique_stg_github__delete_events_event_id.0fb1e4b93a"
[0m17:41:20.718149 [debug] [Thread-2 (]: Began executing node test.github_pulse.unique_stg_github__delete_events_event_id.0fb1e4b93a
[0m17:41:20.719376 [debug] [Thread-2 (]: Writing runtime sql for node "test.github_pulse.unique_stg_github__delete_events_event_id.0fb1e4b93a"
[0m17:41:20.719709 [debug] [Thread-2 (]: On test.github_pulse.unique_stg_github__delete_events_event_id.0fb1e4b93a: /* {"app": "dbt", "dbt_version": "1.11.11", "profile_name": "github_pulse", "target_name": "dev", "node_id": "test.github_pulse.unique_stg_github__delete_events_event_id.0fb1e4b93a"} */

    
    select
      count(*) as failures,
      count(*) != 0 as should_warn,
      count(*) != 0 as should_error
    from (
      
    
  
    
    

with dbt_test__target as (

  select event_id as unique_field
  from `github-pulse-jumpy`.`github_pulse_analytics_dev_staging`.`stg_github__delete_events`
  where event_id is not null

)

select
    unique_field,
    count(*) as n_records

from dbt_test__target
group by unique_field
having count(*) > 1



  
  
      
    ) dbt_internal_test
[0m17:41:20.719918 [debug] [Thread-2 (]: Opening a new connection, currently in state closed
[0m17:41:20.901586 [info ] [Thread-1 (]: 20 of 25 PASS source_not_null_github_archive_20260428_type ..................... [[32mPASS[0m in 1.60s]
[0m17:41:20.901975 [debug] [Thread-1 (]: Finished running node test.github_pulse.source_not_null_github_archive_20260428_type.49bf88bb15
[0m17:41:20.902211 [debug] [Thread-1 (]: Began running node test.github_pulse.unique_stg_github__pull_request_events_event_id.42242c1e6d
[0m17:41:20.902475 [info ] [Thread-1 (]: 24 of 25 START test unique_stg_github__pull_request_events_event_id ............ [RUN]
[0m17:41:20.902741 [debug] [Thread-1 (]: Re-using an available connection from the pool (formerly test.github_pulse.source_not_null_github_archive_20260428_type.49bf88bb15, now test.github_pulse.unique_stg_github__pull_request_events_event_id.42242c1e6d)
[0m17:41:20.902956 [debug] [Thread-1 (]: Began compiling node test.github_pulse.unique_stg_github__pull_request_events_event_id.42242c1e6d
[0m17:41:20.906949 [debug] [Thread-1 (]: Writing injected SQL for node "test.github_pulse.unique_stg_github__pull_request_events_event_id.42242c1e6d"
[0m17:41:20.907435 [debug] [Thread-1 (]: Began executing node test.github_pulse.unique_stg_github__pull_request_events_event_id.42242c1e6d
[0m17:41:20.908829 [debug] [Thread-1 (]: Writing runtime sql for node "test.github_pulse.unique_stg_github__pull_request_events_event_id.42242c1e6d"
[0m17:41:20.909225 [debug] [Thread-1 (]: On test.github_pulse.unique_stg_github__pull_request_events_event_id.42242c1e6d: /* {"app": "dbt", "dbt_version": "1.11.11", "profile_name": "github_pulse", "target_name": "dev", "node_id": "test.github_pulse.unique_stg_github__pull_request_events_event_id.42242c1e6d"} */

    
    select
      count(*) as failures,
      count(*) != 0 as should_warn,
      count(*) != 0 as should_error
    from (
      
    
  
    
    

with dbt_test__target as (

  select event_id as unique_field
  from `github-pulse-jumpy`.`github_pulse_analytics_dev_staging`.`stg_github__pull_request_events`
  where event_id is not null

)

select
    unique_field,
    count(*) as n_records

from dbt_test__target
group by unique_field
having count(*) > 1



  
  
      
    ) dbt_internal_test
[0m17:41:20.909454 [debug] [Thread-1 (]: Opening a new connection, currently in state closed
[0m17:41:21.781347 [debug] [Thread-3 (]: BigQuery adapter: https://console.cloud.google.com/bigquery?project=github-pulse-jumpy&j=bq:US:1eb75c70-c12a-43fa-a891-21aa40c71e34&page=queryresults
[0m17:41:21.782409 [debug] [Thread-1 (]: BigQuery adapter: https://console.cloud.google.com/bigquery?project=github-pulse-jumpy&j=bq:US:c0a5cfbf-0494-4ba4-8dd1-4dab30c7164e&page=queryresults
[0m17:41:21.783048 [debug] [Thread-2 (]: BigQuery adapter: https://console.cloud.google.com/bigquery?project=github-pulse-jumpy&j=bq:US:d693c087-07d6-4eb3-8d1e-fb41fdcdc889&page=queryresults
[0m17:41:21.935225 [debug] [Thread-1 (]: SQL status: OK in 0.151 seconds
[0m17:41:21.960470 [debug] [Thread-2 (]: SQL status: OK in 0.175 seconds
[0m17:41:21.997438 [debug] [Thread-4 (]: BigQuery adapter: https://console.cloud.google.com/bigquery?project=github-pulse-jumpy&j=bq:US:80ee68b6-e8cb-4f61-96ca-9ba0e7db0afe&page=queryresults
[0m17:41:22.051854 [debug] [Thread-3 (]: SQL status: OK in 0.268 seconds
[0m17:41:22.188882 [debug] [Thread-4 (]: SQL status: OK in 0.190 seconds
[0m17:41:22.324002 [info ] [Thread-2 (]: 23 of 25 PASS unique_stg_github__delete_events_event_id ........................ [[32mPASS[0m in 1.61s]
[0m17:41:22.324996 [debug] [Thread-2 (]: Finished running node test.github_pulse.unique_stg_github__delete_events_event_id.0fb1e4b93a
[0m17:41:22.325553 [debug] [Thread-2 (]: Began running node test.github_pulse.unique_stg_github__watch_events_event_id.e938d7ebd7
[0m17:41:22.326153 [info ] [Thread-2 (]: 25 of 25 START test unique_stg_github__watch_events_event_id ................... [RUN]
[0m17:41:22.326809 [debug] [Thread-2 (]: Re-using an available connection from the pool (formerly test.github_pulse.unique_stg_github__delete_events_event_id.0fb1e4b93a, now test.github_pulse.unique_stg_github__watch_events_event_id.e938d7ebd7)
[0m17:41:22.327311 [debug] [Thread-2 (]: Began compiling node test.github_pulse.unique_stg_github__watch_events_event_id.e938d7ebd7
[0m17:41:22.333499 [debug] [Thread-2 (]: Writing injected SQL for node "test.github_pulse.unique_stg_github__watch_events_event_id.e938d7ebd7"
[0m17:41:22.334673 [debug] [Thread-2 (]: Began executing node test.github_pulse.unique_stg_github__watch_events_event_id.e938d7ebd7
[0m17:41:22.337569 [debug] [Thread-2 (]: Writing runtime sql for node "test.github_pulse.unique_stg_github__watch_events_event_id.e938d7ebd7"
[0m17:41:22.338433 [debug] [Thread-2 (]: On test.github_pulse.unique_stg_github__watch_events_event_id.e938d7ebd7: /* {"app": "dbt", "dbt_version": "1.11.11", "profile_name": "github_pulse", "target_name": "dev", "node_id": "test.github_pulse.unique_stg_github__watch_events_event_id.e938d7ebd7"} */

    
    select
      count(*) as failures,
      count(*) != 0 as should_warn,
      count(*) != 0 as should_error
    from (
      
    
  
    
    

with dbt_test__target as (

  select event_id as unique_field
  from `github-pulse-jumpy`.`github_pulse_analytics_dev_staging`.`stg_github__watch_events`
  where event_id is not null

)

select
    unique_field,
    count(*) as n_records

from dbt_test__target
group by unique_field
having count(*) > 1



  
  
      
    ) dbt_internal_test
[0m17:41:22.338832 [debug] [Thread-2 (]: Opening a new connection, currently in state closed
[0m17:41:22.410639 [info ] [Thread-1 (]: 24 of 25 PASS unique_stg_github__pull_request_events_event_id .................. [[32mPASS[0m in 1.51s]
[0m17:41:22.411941 [info ] [Thread-3 (]: 22 of 25 PASS unique_stg_github__create_events_event_id ........................ [[32mPASS[0m in 1.83s]
[0m17:41:22.412399 [debug] [Thread-1 (]: Finished running node test.github_pulse.unique_stg_github__pull_request_events_event_id.42242c1e6d
[0m17:41:22.412723 [debug] [Thread-3 (]: Finished running node test.github_pulse.unique_stg_github__create_events_event_id.55084eef4b
[0m17:41:22.587239 [error] [Thread-4 (]: 21 of 25 FAIL 2 source_unique_github_archive_20260428_id ....................... [[31mFAIL 2[0m in 2.14s]
[0m17:41:22.587823 [debug] [Thread-4 (]: Finished running node test.github_pulse.source_unique_github_archive_20260428_id.4eabfe8f4c
[0m17:41:23.416461 [debug] [Thread-2 (]: BigQuery adapter: https://console.cloud.google.com/bigquery?project=github-pulse-jumpy&j=bq:US:319fec61-03b0-476c-9d8a-af9b2158d9ac&page=queryresults
[0m17:41:23.720601 [debug] [Thread-2 (]: SQL status: OK in 0.303 seconds
[0m17:41:24.090319 [info ] [Thread-2 (]: 25 of 25 PASS unique_stg_github__watch_events_event_id ......................... [[32mPASS[0m in 1.76s]
[0m17:41:24.091453 [debug] [Thread-2 (]: Finished running node test.github_pulse.unique_stg_github__watch_events_event_id.e938d7ebd7
[0m17:41:24.093517 [debug] [MainThread]: Opening a new connection, currently in state closed
[0m17:41:24.168871 [debug] [MainThread]: Connection 'master' was properly closed.
[0m17:41:24.169014 [debug] [MainThread]: Connection 'test.github_pulse.unique_stg_github__pull_request_events_event_id.42242c1e6d' was properly closed.
[0m17:41:24.169113 [debug] [MainThread]: Connection 'test.github_pulse.unique_stg_github__watch_events_event_id.e938d7ebd7' was properly closed.
[0m17:41:24.169202 [debug] [MainThread]: Connection 'test.github_pulse.unique_stg_github__create_events_event_id.55084eef4b' was properly closed.
[0m17:41:24.169292 [debug] [MainThread]: Connection 'test.github_pulse.source_unique_github_archive_20260428_id.4eabfe8f4c' was properly closed.
[0m17:41:24.169426 [info ] [MainThread]: 
[0m17:41:24.169544 [info ] [MainThread]: Finished running 25 data tests in 0 hours 0 minutes and 14.14 seconds (14.14s).
[0m17:41:24.170795 [debug] [MainThread]: Command end result
[0m17:41:24.185350 [debug] [MainThread]: Wrote artifact WritableManifest to /Users/perrikwong/Desktop/github_pulse/target/manifest.json
[0m17:41:24.186034 [debug] [MainThread]: Wrote artifact SemanticManifest to /Users/perrikwong/Desktop/github_pulse/target/semantic_manifest.json
[0m17:41:24.188899 [debug] [MainThread]: Wrote artifact RunExecutionResult to /Users/perrikwong/Desktop/github_pulse/target/run_results.json
[0m17:41:24.189021 [info ] [MainThread]: 
[0m17:41:24.189150 [info ] [MainThread]: [31mCompleted with 1 error, 0 partial successes, and 0 warnings:[0m
[0m17:41:24.189252 [info ] [MainThread]: 
[0m17:41:24.189382 [error] [MainThread]: [31mFailure in test source_unique_github_archive_20260428_id (models/staging/_sources.yml)[0m
[0m17:41:24.189506 [error] [MainThread]:   Got 2 results, configured to fail if != 0
[0m17:41:24.189594 [info ] [MainThread]: 
[0m17:41:24.189710 [info ] [MainThread]:   compiled code at target/compiled/github_pulse/models/staging/_sources.yml/source_unique_github_archive_20260428_id.sql
[0m17:41:24.189812 [info ] [MainThread]: 
[0m17:41:24.189923 [info ] [MainThread]: Done. PASS=24 WARN=0 ERROR=1 SKIP=0 NO-OP=0 TOTAL=25
[0m17:41:24.190161 [debug] [MainThread]: Resource report: {"command_name": "test", "command_success": false, "command_wall_clock_time": 15.080866, "process_in_blocks": "0", "process_kernel_time": 0.349148, "process_mem_max_rss": "270041088", "process_out_blocks": "0", "process_user_time": 3.507668}
[0m17:41:24.190334 [debug] [MainThread]: Command `dbt test` failed at 17:41:24.190305 after 15.08 seconds
[0m17:41:24.190488 [debug] [MainThread]: Sending event: {'category': 'dbt', 'action': 'invocation', 'label': 'end', 'context': [<snowplow_tracker.self_describing_json.SelfDescribingJson object at 0x103c1aed0>, <snowplow_tracker.self_describing_json.SelfDescribingJson object at 0x103c1ae50>, <snowplow_tracker.self_describing_json.SelfDescribingJson object at 0x103c1af10>]}
[0m17:41:24.190617 [debug] [MainThread]: Flushing usage events
[0m17:41:24.567075 [debug] [MainThread]: An error was encountered while trying to flush usage events
[0m17:42:15.677046 [debug] [MainThread]: Sending event: {'category': 'dbt', 'action': 'invocation', 'label': 'start', 'context': [<snowplow_tracker.self_describing_json.SelfDescribingJson object at 0x1078c8f90>, <snowplow_tracker.self_describing_json.SelfDescribingJson object at 0x1077b4910>, <snowplow_tracker.self_describing_json.SelfDescribingJson object at 0x10792dcd0>]}


============================== 17:42:15.679071 | 83e44422-eeab-4341-a4f2-d076f0ff3cbb ==============================
[0m17:42:15.679071 [info ] [MainThread]: Running with dbt=1.11.11
[0m17:42:15.679328 [debug] [MainThread]: running dbt with arguments {'profiles_dir': '/Users/perrikwong/.dbt', 'send_anonymous_usage_stats': 'True', 'indirect_selection': 'eager', 'quiet': 'False', 'cache_selected_only': 'False', 'static_parser': 'True', 'warn_error_options': 'WarnErrorOptionsV2(error=[], warn=[], silence=[])', 'introspect': 'True', 'use_experimental_parser': 'False', 'printer_width': '80', 'no_print': 'None', 'warn_error': 'None', 'write_json': 'True', 'log_path': '/Users/perrikwong/Desktop/github_pulse/logs', 'use_colors': 'True', 'fail_fast': 'False', 'target_path': 'None', 'debug': 'False', 'partial_parse': 'True', 'empty': 'None', 'invocation_command': 'dbt test --select staging --store-failures', 'version_check': 'True', 'log_cache_events': 'False', 'log_format': 'default'}
[0m17:42:16.107327 [debug] [MainThread]: Sending event: {'category': 'dbt', 'action': 'project_id', 'label': '83e44422-eeab-4341-a4f2-d076f0ff3cbb', 'context': [<snowplow_tracker.self_describing_json.SelfDescribingJson object at 0x11d2715d0>]}
[0m17:42:16.127115 [debug] [MainThread]: Sending event: {'category': 'dbt', 'action': 'adapter_info', 'label': '83e44422-eeab-4341-a4f2-d076f0ff3cbb', 'context': [<snowplow_tracker.self_describing_json.SelfDescribingJson object at 0x104f20dd0>]}
[0m17:42:16.127341 [info ] [MainThread]: Registered adapter: bigquery=1.11.1
[0m17:42:16.191562 [debug] [MainThread]: checksum: 30a8cc8fdcbf66701b0944d4ccce3fa46dd04b61e5df68b9f16d57b2e0e3f0be, vars: {}, profile: , target: , version: 1.11.11
[0m17:42:16.265647 [debug] [MainThread]: Partial parsing enabled: 0 files deleted, 0 files added, 0 files changed.
[0m17:42:16.265821 [debug] [MainThread]: Nothing changed, skipping partial parsing.
[0m17:42:16.265916 [debug] [MainThread]: Partial parsing enabled, no changes found, skipping parsing
[0m17:42:16.268633 [warn ] [MainThread]: [[33mWARNING[0m]: Configuration paths exist in your dbt_project.yml file which do not apply to any resources.
There are 7 unused configuration paths:
- models.github_pulse.marts
- models.github_pulse.intermediate
- models.github_pulse.marts.engagement
- models.github_pulse.marts.pull_requests
- models.github_pulse.marts.core
- models.github_pulse.marts.lifecycle
- snapshots.github_pulse
[0m17:42:16.283486 [debug] [MainThread]: Sending event: {'category': 'dbt', 'action': 'load_project', 'label': '83e44422-eeab-4341-a4f2-d076f0ff3cbb', 'context': [<snowplow_tracker.self_describing_json.SelfDescribingJson object at 0x11d568c50>]}
[0m17:42:16.319961 [debug] [MainThread]: Wrote artifact WritableManifest to /Users/perrikwong/Desktop/github_pulse/target/manifest.json
[0m17:42:16.320801 [debug] [MainThread]: Wrote artifact SemanticManifest to /Users/perrikwong/Desktop/github_pulse/target/semantic_manifest.json
[0m17:42:16.329635 [debug] [MainThread]: Sending event: {'category': 'dbt', 'action': 'resource_counts', 'label': '83e44422-eeab-4341-a4f2-d076f0ff3cbb', 'context': [<snowplow_tracker.self_describing_json.SelfDescribingJson object at 0x11e240a90>]}
[0m17:42:16.329835 [info ] [MainThread]: Found 4 models, 25 data tests, 1 source, 549 macros
[0m17:42:16.329962 [debug] [MainThread]: Sending event: {'category': 'dbt', 'action': 'runnable_timing', 'label': '83e44422-eeab-4341-a4f2-d076f0ff3cbb', 'context': [<snowplow_tracker.self_describing_json.SelfDescribingJson object at 0x11d4f9590>]}
[0m17:42:16.330960 [info ] [MainThread]: 
[0m17:42:16.331077 [info ] [MainThread]: Concurrency: 4 threads (target='dev')
[0m17:42:16.331174 [info ] [MainThread]: 
[0m17:42:16.331363 [debug] [MainThread]: Acquiring new bigquery connection 'master'
[0m17:42:16.333320 [debug] [ThreadPool]: Acquiring new bigquery connection 'list_github-pulse-jumpy'
[0m17:42:16.333461 [debug] [ThreadPool]: Opening a new connection, currently in state init
[0m17:42:16.819568 [debug] [ThreadPool]: Re-using an available connection from the pool (formerly list_github-pulse-jumpy, now create_github-pulse-jumpy_github_pulse_analytics_dev_dbt_test__audit)
[0m17:42:16.820519 [debug] [ThreadPool]: Creating schema "database: "github-pulse-jumpy"
schema: "github_pulse_analytics_dev_dbt_test__audit"
"
[0m17:42:16.834369 [debug] [ThreadPool]: On create_github-pulse-jumpy_github_pulse_analytics_dev_dbt_test__audit: /* {"app": "dbt", "dbt_version": "1.11.11", "profile_name": "github_pulse", "target_name": "dev", "connection_name": "create_github-pulse-jumpy_github_pulse_analytics_dev_dbt_test__audit"} */
create schema if not exists `github-pulse-jumpy`.`github_pulse_analytics_dev_dbt_test__audit`
  
[0m17:42:16.834877 [debug] [ThreadPool]: Opening a new connection, currently in state closed
[0m17:42:17.334420 [debug] [ThreadPool]: BigQuery adapter: https://console.cloud.google.com/bigquery?project=github-pulse-jumpy&j=bq:US:9d32f785-1c5a-4246-913a-d396ba8da0cd&page=queryresults
[0m17:42:18.358803 [debug] [ThreadPool]: SQL status: OK in 1.024 seconds
[0m17:42:18.400121 [debug] [ThreadPool]: Re-using an available connection from the pool (formerly create_github-pulse-jumpy_github_pulse_analytics_dev_dbt_test__audit, now list_github-pulse-jumpy_github_pulse_analytics_dev_dbt_test__audit)
[0m17:42:18.400523 [debug] [ThreadPool]: Acquiring new bigquery connection 'list_github-pulse-jumpy_github_pulse_analytics_dev_staging'
[0m17:42:18.400645 [debug] [ThreadPool]: Opening a new connection, currently in state closed
[0m17:42:18.400793 [debug] [ThreadPool]: Opening a new connection, currently in state init
[0m17:42:18.965079 [debug] [MainThread]: Sending event: {'category': 'dbt', 'action': 'runnable_timing', 'label': '83e44422-eeab-4341-a4f2-d076f0ff3cbb', 'context': [<snowplow_tracker.self_describing_json.SelfDescribingJson object at 0x11e2cca10>]}
[0m17:42:18.965823 [debug] [MainThread]: Opening a new connection, currently in state init
[0m17:42:19.036359 [debug] [Thread-1 (]: Began running node test.github_pulse.accepted_values_stg_github__create_events_ref_type__branch__tag__repository.1982fe09db
[0m17:42:19.036580 [debug] [Thread-2 (]: Began running node test.github_pulse.accepted_values_stg_github__delete_events_ref_type__branch__tag.22bcb6ac2b
[0m17:42:19.036785 [debug] [Thread-3 (]: Began running node test.github_pulse.accepted_values_stg_github__pull_request_events_pr_action__opened__closed__merged__reopened__labeled__unlabeled__assigned__unassigned__review_requested__review_request_removed__synchronize__edited__ready_for_review__converted_to_draft__auto_merge_enabled__auto_merge_disabled.7ce35eee7f
[0m17:42:19.037101 [debug] [Thread-4 (]: Began running node test.github_pulse.not_null_stg_github__create_events_event_id.98da02dad5
[0m17:42:19.036963 [info ] [Thread-1 (]: 1 of 25 START test accepted_values_stg_github__create_events_ref_type__branch__tag__repository  [RUN]
[0m17:42:19.037324 [info ] [Thread-2 (]: 2 of 25 START test accepted_values_stg_github__delete_events_ref_type__branch__tag  [RUN]
[0m17:42:19.037500 [info ] [Thread-3 (]: 3 of 25 START test accepted_values_stg_github__pull_request_events_pr_action__opened__closed__merged__reopened__labeled__unlabeled__assigned__unassigned__review_requested__review_request_removed__synchronize__edited__ready_for_review__converted_to_draft__auto_merge_enabled__auto_merge_disabled  [RUN]
[0m17:42:19.037637 [info ] [Thread-4 (]: 4 of 25 START test not_null_stg_github__create_events_event_id ................. [RUN]
[0m17:42:19.037833 [debug] [Thread-1 (]: Re-using an available connection from the pool (formerly list_github-pulse-jumpy_github_pulse_analytics_dev_dbt_test__audit, now test.github_pulse.accepted_values_stg_github__create_events_ref_type__branch__tag__repository.1982fe09db)
[0m17:42:19.037978 [debug] [Thread-2 (]: Re-using an available connection from the pool (formerly list_github-pulse-jumpy_github_pulse_analytics_dev_staging, now test.github_pulse.accepted_values_stg_github__delete_events_ref_type__branch__tag.22bcb6ac2b)
[0m17:42:19.038159 [debug] [Thread-3 (]: Acquiring new bigquery connection 'test.github_pulse.accepted_values_stg_github__pull_request_events_pr_action__opened__closed__merged__reopened__labeled__unlabeled__assigned__unassigned__review_requested__review_request_removed__synchronize__edited__ready_for_review__converted_to_draft__auto_merge_enabled__auto_merge_disabled.7ce35eee7f'
[0m17:42:19.038310 [debug] [Thread-4 (]: Acquiring new bigquery connection 'test.github_pulse.not_null_stg_github__create_events_event_id.98da02dad5'
[0m17:42:19.038441 [debug] [Thread-1 (]: Began compiling node test.github_pulse.accepted_values_stg_github__create_events_ref_type__branch__tag__repository.1982fe09db
[0m17:42:19.038557 [debug] [Thread-2 (]: Began compiling node test.github_pulse.accepted_values_stg_github__delete_events_ref_type__branch__tag.22bcb6ac2b
[0m17:42:19.038679 [debug] [Thread-3 (]: Began compiling node test.github_pulse.accepted_values_stg_github__pull_request_events_pr_action__opened__closed__merged__reopened__labeled__unlabeled__assigned__unassigned__review_requested__review_request_removed__synchronize__edited__ready_for_review__converted_to_draft__auto_merge_enabled__auto_merge_disabled.7ce35eee7f
[0m17:42:19.038791 [debug] [Thread-4 (]: Began compiling node test.github_pulse.not_null_stg_github__create_events_event_id.98da02dad5
[0m17:42:19.046892 [debug] [Thread-1 (]: Writing injected SQL for node "test.github_pulse.accepted_values_stg_github__create_events_ref_type__branch__tag__repository.1982fe09db"
[0m17:42:19.048842 [debug] [Thread-2 (]: Writing injected SQL for node "test.github_pulse.accepted_values_stg_github__delete_events_ref_type__branch__tag.22bcb6ac2b"
[0m17:42:19.053464 [debug] [Thread-3 (]: Writing injected SQL for node "test.github_pulse.accepted_values_stg_github__pull_request_events_pr_action__opened__closed__merged__reopened__labeled__unlabeled__assigned__unassigned__review_requested__review_request_removed__synchronize__edited__ready_for_review__converted_to_draft__auto_merge_enabled__auto_merge_disabled.7ce35eee7f"
[0m17:42:19.056932 [debug] [Thread-4 (]: Writing injected SQL for node "test.github_pulse.not_null_stg_github__create_events_event_id.98da02dad5"
[0m17:42:19.057611 [debug] [Thread-2 (]: Began executing node test.github_pulse.accepted_values_stg_github__delete_events_ref_type__branch__tag.22bcb6ac2b
[0m17:42:19.057786 [debug] [Thread-1 (]: Began executing node test.github_pulse.accepted_values_stg_github__create_events_ref_type__branch__tag__repository.1982fe09db
[0m17:42:19.064252 [debug] [Thread-3 (]: Began executing node test.github_pulse.accepted_values_stg_github__pull_request_events_pr_action__opened__closed__merged__reopened__labeled__unlabeled__assigned__unassigned__review_requested__review_request_removed__synchronize__edited__ready_for_review__converted_to_draft__auto_merge_enabled__auto_merge_disabled.7ce35eee7f
[0m17:42:19.064985 [debug] [Thread-2 (]: Applying CREATE to: `github-pulse-jumpy`.`github_pulse_analytics_dev_dbt_test__audit`.`accepted_values_stg_github__delete_events_ref_type__branch__tag`
[0m17:42:19.066097 [debug] [Thread-1 (]: Applying CREATE to: `github-pulse-jumpy`.`github_pulse_analytics_dev_dbt_test__audit`.`accepted_values_stg_github__cr_5550a2b3c2cbf19b21a4a6fc34d4d93e`
[0m17:42:19.066248 [debug] [Thread-4 (]: Began executing node test.github_pulse.not_null_stg_github__create_events_event_id.98da02dad5
[0m17:42:19.068113 [debug] [Thread-3 (]: Applying CREATE to: `github-pulse-jumpy`.`github_pulse_analytics_dev_dbt_test__audit`.`accepted_values_stg_github__pu_2603d26f439f949adb23309824f94e50`
[0m17:42:19.151112 [debug] [Thread-2 (]: On test.github_pulse.accepted_values_stg_github__delete_events_ref_type__branch__tag.22bcb6ac2b: /* {"app": "dbt", "dbt_version": "1.11.11", "profile_name": "github_pulse", "target_name": "dev", "node_id": "test.github_pulse.accepted_values_stg_github__delete_events_ref_type__branch__tag.22bcb6ac2b"} */

        
        
  
    

    create or replace table `github-pulse-jumpy`.`github_pulse_analytics_dev_dbt_test__audit`.`accepted_values_stg_github__delete_events_ref_type__branch__tag`
      
    
    

    
    OPTIONS()
    as (
      
    
  
    
    

with all_values as (

    select
        ref_type as value_field,
        count(*) as n_records

    from `github-pulse-jumpy`.`github_pulse_analytics_dev_staging`.`stg_github__delete_events`
    group by ref_type

)

select *
from all_values
where value_field not in (
    'branch','tag'
)



  
  
    );
  
    
[0m17:42:19.151848 [debug] [Thread-1 (]: On test.github_pulse.accepted_values_stg_github__create_events_ref_type__branch__tag__repository.1982fe09db: /* {"app": "dbt", "dbt_version": "1.11.11", "profile_name": "github_pulse", "target_name": "dev", "node_id": "test.github_pulse.accepted_values_stg_github__create_events_ref_type__branch__tag__repository.1982fe09db"} */

        
        
  
    

    create or replace table `github-pulse-jumpy`.`github_pulse_analytics_dev_dbt_test__audit`.`accepted_values_stg_github__cr_5550a2b3c2cbf19b21a4a6fc34d4d93e`
      
    
    

    
    OPTIONS()
    as (
      
    
  
    
    

with all_values as (

    select
        ref_type as value_field,
        count(*) as n_records

    from `github-pulse-jumpy`.`github_pulse_analytics_dev_staging`.`stg_github__create_events`
    group by ref_type

)

select *
from all_values
where value_field not in (
    'branch','tag','repository'
)



  
  
    );
  
    
[0m17:42:19.153171 [debug] [Thread-4 (]: Applying CREATE to: `github-pulse-jumpy`.`github_pulse_analytics_dev_dbt_test__audit`.`not_null_stg_github__create_events_event_id`
[0m17:42:19.153735 [debug] [Thread-3 (]: On test.github_pulse.accepted_values_stg_github__pull_request_events_pr_action__opened__closed__merged__reopened__labeled__unlabeled__assigned__unassigned__review_requested__review_request_removed__synchronize__edited__ready_for_review__converted_to_draft__auto_merge_enabled__auto_merge_disabled.7ce35eee7f: /* {"app": "dbt", "dbt_version": "1.11.11", "profile_name": "github_pulse", "target_name": "dev", "node_id": "test.github_pulse.accepted_values_stg_github__pull_request_events_pr_action__opened__closed__merged__reopened__labeled__unlabeled__assigned__unassigned__review_requested__review_request_removed__synchronize__edited__ready_for_review__converted_to_draft__auto_merge_enabled__auto_merge_disabled.7ce35eee7f"} */

        
        
  
    

    create or replace table `github-pulse-jumpy`.`github_pulse_analytics_dev_dbt_test__audit`.`accepted_values_stg_github__pu_2603d26f439f949adb23309824f94e50`
      
    
    

    
    OPTIONS()
    as (
      
    
  
    
    

with all_values as (

    select
        pr_action as value_field,
        count(*) as n_records

    from `github-pulse-jumpy`.`github_pulse_analytics_dev_staging`.`stg_github__pull_request_events`
    group by pr_action

)

select *
from all_values
where value_field not in (
    'opened','closed','merged','reopened','labeled','unlabeled','assigned','unassigned','review_requested','review_request_removed','synchronize','edited','ready_for_review','converted_to_draft','auto_merge_enabled','auto_merge_disabled'
)



  
  
    );
  
    
[0m17:42:19.153963 [debug] [Thread-2 (]: Opening a new connection, currently in state closed
[0m17:42:19.154107 [debug] [Thread-1 (]: Opening a new connection, currently in state closed
[0m17:42:19.154489 [debug] [Thread-4 (]: On test.github_pulse.not_null_stg_github__create_events_event_id.98da02dad5: /* {"app": "dbt", "dbt_version": "1.11.11", "profile_name": "github_pulse", "target_name": "dev", "node_id": "test.github_pulse.not_null_stg_github__create_events_event_id.98da02dad5"} */

        
        
  
    

    create or replace table `github-pulse-jumpy`.`github_pulse_analytics_dev_dbt_test__audit`.`not_null_stg_github__create_events_event_id`
      
    
    

    
    OPTIONS()
    as (
      
    
  
    
    



select *
from `github-pulse-jumpy`.`github_pulse_analytics_dev_staging`.`stg_github__create_events`
where event_id is null



  
  
    );
  
    
[0m17:42:19.154653 [debug] [Thread-3 (]: Opening a new connection, currently in state init
[0m17:42:19.258348 [debug] [Thread-4 (]: Opening a new connection, currently in state init
[0m17:42:20.147009 [debug] [Thread-2 (]: BigQuery adapter: https://console.cloud.google.com/bigquery?project=github-pulse-jumpy&j=bq:US:813e337a-3fe6-44a3-adc7-5ed09aa28e38&page=queryresults
[0m17:42:20.174907 [debug] [Thread-4 (]: BigQuery adapter: https://console.cloud.google.com/bigquery?project=github-pulse-jumpy&j=bq:US:f763576f-fa9b-400b-abb9-a2e358fc7d83&page=queryresults
[0m17:42:20.188318 [debug] [Thread-3 (]: BigQuery adapter: https://console.cloud.google.com/bigquery?project=github-pulse-jumpy&j=bq:US:7406a49c-6bd0-440f-b987-5d8bae9ddbb3&page=queryresults
[0m17:42:20.237455 [debug] [Thread-1 (]: BigQuery adapter: https://console.cloud.google.com/bigquery?project=github-pulse-jumpy&j=bq:US:e1122f0a-a5bb-4519-9826-f68d88746cd5&page=queryresults
[0m17:42:22.430550 [debug] [Thread-3 (]: SQL status: OK in 2.241 seconds
[0m17:42:22.579685 [debug] [Thread-4 (]: SQL status: OK in 2.404 seconds
[0m17:42:22.663474 [debug] [Thread-3 (]: Writing runtime sql for node "test.github_pulse.accepted_values_stg_github__pull_request_events_pr_action__opened__closed__merged__reopened__labeled__unlabeled__assigned__unassigned__review_requested__review_request_removed__synchronize__edited__ready_for_review__converted_to_draft__auto_merge_enabled__auto_merge_disabled.7ce35eee7f"
[0m17:42:22.664897 [debug] [Thread-3 (]: On test.github_pulse.accepted_values_stg_github__pull_request_events_pr_action__opened__closed__merged__reopened__labeled__unlabeled__assigned__unassigned__review_requested__review_request_removed__synchronize__edited__ready_for_review__converted_to_draft__auto_merge_enabled__auto_merge_disabled.7ce35eee7f: /* {"app": "dbt", "dbt_version": "1.11.11", "profile_name": "github_pulse", "target_name": "dev", "node_id": "test.github_pulse.accepted_values_stg_github__pull_request_events_pr_action__opened__closed__merged__reopened__labeled__unlabeled__assigned__unassigned__review_requested__review_request_removed__synchronize__edited__ready_for_review__converted_to_draft__auto_merge_enabled__auto_merge_disabled.7ce35eee7f"} */

    
    select
      count(*) as failures,
      count(*) != 0 as should_warn,
      count(*) != 0 as should_error
    from (
      
        select *
        from `github-pulse-jumpy`.`github_pulse_analytics_dev_dbt_test__audit`.`accepted_values_stg_github__pu_2603d26f439f949adb23309824f94e50`
    
      
    ) dbt_internal_test
[0m17:42:22.785894 [debug] [Thread-4 (]: Writing runtime sql for node "test.github_pulse.not_null_stg_github__create_events_event_id.98da02dad5"
[0m17:42:22.787981 [debug] [Thread-4 (]: On test.github_pulse.not_null_stg_github__create_events_event_id.98da02dad5: /* {"app": "dbt", "dbt_version": "1.11.11", "profile_name": "github_pulse", "target_name": "dev", "node_id": "test.github_pulse.not_null_stg_github__create_events_event_id.98da02dad5"} */

    
    select
      count(*) as failures,
      count(*) != 0 as should_warn,
      count(*) != 0 as should_error
    from (
      
        select *
        from `github-pulse-jumpy`.`github_pulse_analytics_dev_dbt_test__audit`.`not_null_stg_github__create_events_event_id`
    
      
    ) dbt_internal_test
[0m17:42:23.318279 [debug] [Thread-3 (]: BigQuery adapter: https://console.cloud.google.com/bigquery?project=github-pulse-jumpy&j=bq:US:d69045aa-85f5-4035-9283-4719a265bc9a&page=queryresults
[0m17:42:23.436877 [debug] [Thread-4 (]: BigQuery adapter: https://console.cloud.google.com/bigquery?project=github-pulse-jumpy&j=bq:US:489776c4-b630-4e70-9613-5ddfe217fad4&page=queryresults
[0m17:42:23.485494 [debug] [Thread-3 (]: SQL status: OK in 0.166 seconds
[0m17:42:23.647099 [debug] [Thread-4 (]: SQL status: OK in 0.209 seconds
[0m17:42:23.856837 [info ] [Thread-3 (]: 3 of 25 PASS accepted_values_stg_github__pull_request_events_pr_action__opened__closed__merged__reopened__labeled__unlabeled__assigned__unassigned__review_requested__review_request_removed__synchronize__edited__ready_for_review__converted_to_draft__auto_merge_enabled__auto_merge_disabled  [[32mPASS[0m in 4.82s]
[0m17:42:23.857875 [debug] [Thread-3 (]: Finished running node test.github_pulse.accepted_values_stg_github__pull_request_events_pr_action__opened__closed__merged__reopened__labeled__unlabeled__assigned__unassigned__review_requested__review_request_removed__synchronize__edited__ready_for_review__converted_to_draft__auto_merge_enabled__auto_merge_disabled.7ce35eee7f
[0m17:42:23.858435 [debug] [Thread-3 (]: Began running node test.github_pulse.not_null_stg_github__create_events_ref_type.4fe7dc2f80
[0m17:42:23.859049 [info ] [Thread-3 (]: 5 of 25 START test not_null_stg_github__create_events_ref_type ................. [RUN]
[0m17:42:23.859582 [debug] [Thread-3 (]: Re-using an available connection from the pool (formerly test.github_pulse.accepted_values_stg_github__pull_request_events_pr_action__opened__closed__merged__reopened__labeled__unlabeled__assigned__unassigned__review_requested__review_request_removed__synchronize__edited__ready_for_review__converted_to_draft__auto_merge_enabled__auto_merge_disabled.7ce35eee7f, now test.github_pulse.not_null_stg_github__create_events_ref_type.4fe7dc2f80)
[0m17:42:23.859979 [debug] [Thread-3 (]: Began compiling node test.github_pulse.not_null_stg_github__create_events_ref_type.4fe7dc2f80
[0m17:42:23.865448 [debug] [Thread-3 (]: Writing injected SQL for node "test.github_pulse.not_null_stg_github__create_events_ref_type.4fe7dc2f80"
[0m17:42:23.866380 [debug] [Thread-3 (]: Began executing node test.github_pulse.not_null_stg_github__create_events_ref_type.4fe7dc2f80
[0m17:42:23.868790 [debug] [Thread-3 (]: Applying CREATE to: `github-pulse-jumpy`.`github_pulse_analytics_dev_dbt_test__audit`.`not_null_stg_github__create_events_ref_type`
[0m17:42:23.869797 [debug] [Thread-3 (]: On test.github_pulse.not_null_stg_github__create_events_ref_type.4fe7dc2f80: /* {"app": "dbt", "dbt_version": "1.11.11", "profile_name": "github_pulse", "target_name": "dev", "node_id": "test.github_pulse.not_null_stg_github__create_events_ref_type.4fe7dc2f80"} */

        
        
  
    

    create or replace table `github-pulse-jumpy`.`github_pulse_analytics_dev_dbt_test__audit`.`not_null_stg_github__create_events_ref_type`
      
    
    

    
    OPTIONS()
    as (
      
    
  
    
    



select *
from `github-pulse-jumpy`.`github_pulse_analytics_dev_staging`.`stg_github__create_events`
where ref_type is null



  
  
    );
  
    
[0m17:42:23.870182 [debug] [Thread-3 (]: Opening a new connection, currently in state closed
[0m17:42:24.027114 [info ] [Thread-4 (]: 4 of 25 PASS not_null_stg_github__create_events_event_id ....................... [[32mPASS[0m in 4.99s]
[0m17:42:24.027480 [debug] [Thread-4 (]: Finished running node test.github_pulse.not_null_stg_github__create_events_event_id.98da02dad5
[0m17:42:24.027694 [debug] [Thread-4 (]: Began running node test.github_pulse.not_null_stg_github__delete_events_event_id.51a6624446
[0m17:42:24.027966 [info ] [Thread-4 (]: 6 of 25 START test not_null_stg_github__delete_events_event_id ................. [RUN]
[0m17:42:24.028263 [debug] [Thread-4 (]: Re-using an available connection from the pool (formerly test.github_pulse.not_null_stg_github__create_events_event_id.98da02dad5, now test.github_pulse.not_null_stg_github__delete_events_event_id.51a6624446)
[0m17:42:24.028484 [debug] [Thread-4 (]: Began compiling node test.github_pulse.not_null_stg_github__delete_events_event_id.51a6624446
[0m17:42:24.031059 [debug] [Thread-4 (]: Writing injected SQL for node "test.github_pulse.not_null_stg_github__delete_events_event_id.51a6624446"
[0m17:42:24.031512 [debug] [Thread-4 (]: Began executing node test.github_pulse.not_null_stg_github__delete_events_event_id.51a6624446
[0m17:42:24.032809 [debug] [Thread-4 (]: Applying CREATE to: `github-pulse-jumpy`.`github_pulse_analytics_dev_dbt_test__audit`.`not_null_stg_github__delete_events_event_id`
[0m17:42:24.033424 [debug] [Thread-4 (]: On test.github_pulse.not_null_stg_github__delete_events_event_id.51a6624446: /* {"app": "dbt", "dbt_version": "1.11.11", "profile_name": "github_pulse", "target_name": "dev", "node_id": "test.github_pulse.not_null_stg_github__delete_events_event_id.51a6624446"} */

        
        
  
    

    create or replace table `github-pulse-jumpy`.`github_pulse_analytics_dev_dbt_test__audit`.`not_null_stg_github__delete_events_event_id`
      
    
    

    
    OPTIONS()
    as (
      
    
  
    
    



select *
from `github-pulse-jumpy`.`github_pulse_analytics_dev_staging`.`stg_github__delete_events`
where event_id is null



  
  
    );
  
    
[0m17:42:24.033640 [debug] [Thread-4 (]: Opening a new connection, currently in state closed
[0m17:42:24.471288 [debug] [Thread-1 (]: SQL status: OK in 4.233 seconds
[0m17:42:24.674271 [debug] [Thread-1 (]: Writing runtime sql for node "test.github_pulse.accepted_values_stg_github__create_events_ref_type__branch__tag__repository.1982fe09db"
[0m17:42:24.675840 [debug] [Thread-1 (]: On test.github_pulse.accepted_values_stg_github__create_events_ref_type__branch__tag__repository.1982fe09db: /* {"app": "dbt", "dbt_version": "1.11.11", "profile_name": "github_pulse", "target_name": "dev", "node_id": "test.github_pulse.accepted_values_stg_github__create_events_ref_type__branch__tag__repository.1982fe09db"} */

    
    select
      count(*) as failures,
      count(*) != 0 as should_warn,
      count(*) != 0 as should_error
    from (
      
        select *
        from `github-pulse-jumpy`.`github_pulse_analytics_dev_dbt_test__audit`.`accepted_values_stg_github__cr_5550a2b3c2cbf19b21a4a6fc34d4d93e`
    
      
    ) dbt_internal_test
[0m17:42:24.833572 [debug] [Thread-3 (]: BigQuery adapter: https://console.cloud.google.com/bigquery?project=github-pulse-jumpy&j=bq:US:fd033592-0ffc-423e-8300-bdc93b1cb5b6&page=queryresults
[0m17:42:24.963304 [debug] [Thread-4 (]: BigQuery adapter: https://console.cloud.google.com/bigquery?project=github-pulse-jumpy&j=bq:US:676370a9-4489-43c3-8b17-a0eda9dab4fb&page=queryresults
[0m17:42:24.968249 [debug] [Thread-2 (]: SQL status: OK in 4.820 seconds
[0m17:42:25.123711 [debug] [Thread-1 (]: BigQuery adapter: https://console.cloud.google.com/bigquery?project=github-pulse-jumpy&j=bq:US:46be6406-6cad-4708-9da6-2c20d3f220e1&page=queryresults
[0m17:42:25.139689 [debug] [Thread-2 (]: Writing runtime sql for node "test.github_pulse.accepted_values_stg_github__delete_events_ref_type__branch__tag.22bcb6ac2b"
[0m17:42:25.141619 [debug] [Thread-2 (]: On test.github_pulse.accepted_values_stg_github__delete_events_ref_type__branch__tag.22bcb6ac2b: /* {"app": "dbt", "dbt_version": "1.11.11", "profile_name": "github_pulse", "target_name": "dev", "node_id": "test.github_pulse.accepted_values_stg_github__delete_events_ref_type__branch__tag.22bcb6ac2b"} */

    
    select
      count(*) as failures,
      count(*) != 0 as should_warn,
      count(*) != 0 as should_error
    from (
      
        select *
        from `github-pulse-jumpy`.`github_pulse_analytics_dev_dbt_test__audit`.`accepted_values_stg_github__delete_events_ref_type__branch__tag`
    
      
    ) dbt_internal_test
[0m17:42:25.292984 [debug] [Thread-1 (]: SQL status: OK in 0.168 seconds
[0m17:42:25.603532 [debug] [Thread-2 (]: BigQuery adapter: https://console.cloud.google.com/bigquery?project=github-pulse-jumpy&j=bq:US:726d799c-5fd6-4b68-9cf1-1b36b9052e1a&page=queryresults
[0m17:42:25.793392 [debug] [Thread-2 (]: SQL status: OK in 0.188 seconds
[0m17:42:25.861343 [info ] [Thread-1 (]: 1 of 25 PASS accepted_values_stg_github__create_events_ref_type__branch__tag__repository  [[32mPASS[0m in 6.82s]
[0m17:42:25.862418 [debug] [Thread-1 (]: Finished running node test.github_pulse.accepted_values_stg_github__create_events_ref_type__branch__tag__repository.1982fe09db
[0m17:42:25.862983 [debug] [Thread-1 (]: Began running node test.github_pulse.not_null_stg_github__delete_events_ref_type.60de9ed0fb
[0m17:42:25.863596 [info ] [Thread-1 (]: 7 of 25 START test not_null_stg_github__delete_events_ref_type ................. [RUN]
[0m17:42:25.864196 [debug] [Thread-1 (]: Re-using an available connection from the pool (formerly test.github_pulse.accepted_values_stg_github__create_events_ref_type__branch__tag__repository.1982fe09db, now test.github_pulse.not_null_stg_github__delete_events_ref_type.60de9ed0fb)
[0m17:42:25.864640 [debug] [Thread-1 (]: Began compiling node test.github_pulse.not_null_stg_github__delete_events_ref_type.60de9ed0fb
[0m17:42:25.874401 [debug] [Thread-1 (]: Writing injected SQL for node "test.github_pulse.not_null_stg_github__delete_events_ref_type.60de9ed0fb"
[0m17:42:25.875248 [debug] [Thread-1 (]: Began executing node test.github_pulse.not_null_stg_github__delete_events_ref_type.60de9ed0fb
[0m17:42:25.877419 [debug] [Thread-1 (]: Applying CREATE to: `github-pulse-jumpy`.`github_pulse_analytics_dev_dbt_test__audit`.`not_null_stg_github__delete_events_ref_type`
[0m17:42:25.878366 [debug] [Thread-1 (]: On test.github_pulse.not_null_stg_github__delete_events_ref_type.60de9ed0fb: /* {"app": "dbt", "dbt_version": "1.11.11", "profile_name": "github_pulse", "target_name": "dev", "node_id": "test.github_pulse.not_null_stg_github__delete_events_ref_type.60de9ed0fb"} */

        
        
  
    

    create or replace table `github-pulse-jumpy`.`github_pulse_analytics_dev_dbt_test__audit`.`not_null_stg_github__delete_events_ref_type`
      
    
    

    
    OPTIONS()
    as (
      
    
  
    
    



select *
from `github-pulse-jumpy`.`github_pulse_analytics_dev_staging`.`stg_github__delete_events`
where ref_type is null



  
  
    );
  
    
[0m17:42:25.878752 [debug] [Thread-1 (]: Opening a new connection, currently in state closed
[0m17:42:26.159251 [info ] [Thread-2 (]: 2 of 25 PASS accepted_values_stg_github__delete_events_ref_type__branch__tag ... [[32mPASS[0m in 7.12s]
[0m17:42:26.160331 [debug] [Thread-2 (]: Finished running node test.github_pulse.accepted_values_stg_github__delete_events_ref_type__branch__tag.22bcb6ac2b
[0m17:42:26.160934 [debug] [Thread-2 (]: Began running node test.github_pulse.not_null_stg_github__pull_request_events_actor_id.eeebc1e1f3
[0m17:42:26.161649 [info ] [Thread-2 (]: 8 of 25 START test not_null_stg_github__pull_request_events_actor_id ........... [RUN]
[0m17:42:26.162301 [debug] [Thread-2 (]: Re-using an available connection from the pool (formerly test.github_pulse.accepted_values_stg_github__delete_events_ref_type__branch__tag.22bcb6ac2b, now test.github_pulse.not_null_stg_github__pull_request_events_actor_id.eeebc1e1f3)
[0m17:42:26.162754 [debug] [Thread-2 (]: Began compiling node test.github_pulse.not_null_stg_github__pull_request_events_actor_id.eeebc1e1f3
[0m17:42:26.168400 [debug] [Thread-2 (]: Writing injected SQL for node "test.github_pulse.not_null_stg_github__pull_request_events_actor_id.eeebc1e1f3"
[0m17:42:26.169632 [debug] [Thread-2 (]: Began executing node test.github_pulse.not_null_stg_github__pull_request_events_actor_id.eeebc1e1f3
[0m17:42:26.172392 [debug] [Thread-2 (]: Applying CREATE to: `github-pulse-jumpy`.`github_pulse_analytics_dev_dbt_test__audit`.`not_null_stg_github__pull_request_events_actor_id`
[0m17:42:26.173565 [debug] [Thread-2 (]: On test.github_pulse.not_null_stg_github__pull_request_events_actor_id.eeebc1e1f3: /* {"app": "dbt", "dbt_version": "1.11.11", "profile_name": "github_pulse", "target_name": "dev", "node_id": "test.github_pulse.not_null_stg_github__pull_request_events_actor_id.eeebc1e1f3"} */

        
        
  
    

    create or replace table `github-pulse-jumpy`.`github_pulse_analytics_dev_dbt_test__audit`.`not_null_stg_github__pull_request_events_actor_id`
      
    
    

    
    OPTIONS()
    as (
      
    
  
    
    



select *
from `github-pulse-jumpy`.`github_pulse_analytics_dev_staging`.`stg_github__pull_request_events`
where actor_id is null



  
  
    );
  
    
[0m17:42:26.173990 [debug] [Thread-2 (]: Opening a new connection, currently in state closed
[0m17:42:26.647112 [debug] [Thread-1 (]: BigQuery adapter: https://console.cloud.google.com/bigquery?project=github-pulse-jumpy&j=bq:US:5d6c729a-a521-4701-92cc-72e1e8a4fa44&page=queryresults
[0m17:42:26.761333 [debug] [Thread-4 (]: SQL status: OK in 1.797 seconds
[0m17:42:26.949369 [debug] [Thread-4 (]: Writing runtime sql for node "test.github_pulse.not_null_stg_github__delete_events_event_id.51a6624446"
[0m17:42:26.950780 [debug] [Thread-4 (]: On test.github_pulse.not_null_stg_github__delete_events_event_id.51a6624446: /* {"app": "dbt", "dbt_version": "1.11.11", "profile_name": "github_pulse", "target_name": "dev", "node_id": "test.github_pulse.not_null_stg_github__delete_events_event_id.51a6624446"} */

    
    select
      count(*) as failures,
      count(*) != 0 as should_warn,
      count(*) != 0 as should_error
    from (
      
        select *
        from `github-pulse-jumpy`.`github_pulse_analytics_dev_dbt_test__audit`.`not_null_stg_github__delete_events_event_id`
    
      
    ) dbt_internal_test
[0m17:42:27.078394 [debug] [Thread-2 (]: BigQuery adapter: https://console.cloud.google.com/bigquery?project=github-pulse-jumpy&j=bq:US:45deaa1c-1edb-458c-8363-47f28cc3c00c&page=queryresults
[0m17:42:27.351808 [debug] [Thread-3 (]: SQL status: OK in 2.517 seconds
[0m17:42:27.446759 [debug] [Thread-4 (]: BigQuery adapter: https://console.cloud.google.com/bigquery?project=github-pulse-jumpy&j=bq:US:44517600-9684-469b-9d42-2acc2b379597&page=queryresults
[0m17:42:27.536682 [debug] [Thread-3 (]: Writing runtime sql for node "test.github_pulse.not_null_stg_github__create_events_ref_type.4fe7dc2f80"
[0m17:42:27.538795 [debug] [Thread-3 (]: On test.github_pulse.not_null_stg_github__create_events_ref_type.4fe7dc2f80: /* {"app": "dbt", "dbt_version": "1.11.11", "profile_name": "github_pulse", "target_name": "dev", "node_id": "test.github_pulse.not_null_stg_github__create_events_ref_type.4fe7dc2f80"} */

    
    select
      count(*) as failures,
      count(*) != 0 as should_warn,
      count(*) != 0 as should_error
    from (
      
        select *
        from `github-pulse-jumpy`.`github_pulse_analytics_dev_dbt_test__audit`.`not_null_stg_github__create_events_ref_type`
    
      
    ) dbt_internal_test
[0m17:42:27.639906 [debug] [Thread-4 (]: SQL status: OK in 0.192 seconds
[0m17:42:28.029922 [debug] [Thread-3 (]: BigQuery adapter: https://console.cloud.google.com/bigquery?project=github-pulse-jumpy&j=bq:US:75b3fb1c-bf66-4bfd-820a-5af391ba410e&page=queryresults
[0m17:42:28.043645 [info ] [Thread-4 (]: 6 of 25 PASS not_null_stg_github__delete_events_event_id ....................... [[32mPASS[0m in 4.02s]
[0m17:42:28.044592 [debug] [Thread-4 (]: Finished running node test.github_pulse.not_null_stg_github__delete_events_event_id.51a6624446
[0m17:42:28.045155 [debug] [Thread-4 (]: Began running node test.github_pulse.not_null_stg_github__pull_request_events_event_at.fe48c5f77d
[0m17:42:28.045782 [info ] [Thread-4 (]: 9 of 25 START test not_null_stg_github__pull_request_events_event_at ........... [RUN]
[0m17:42:28.046394 [debug] [Thread-4 (]: Re-using an available connection from the pool (formerly test.github_pulse.not_null_stg_github__delete_events_event_id.51a6624446, now test.github_pulse.not_null_stg_github__pull_request_events_event_at.fe48c5f77d)
[0m17:42:28.046854 [debug] [Thread-4 (]: Began compiling node test.github_pulse.not_null_stg_github__pull_request_events_event_at.fe48c5f77d
[0m17:42:28.053244 [debug] [Thread-4 (]: Writing injected SQL for node "test.github_pulse.not_null_stg_github__pull_request_events_event_at.fe48c5f77d"
[0m17:42:28.054455 [debug] [Thread-4 (]: Began executing node test.github_pulse.not_null_stg_github__pull_request_events_event_at.fe48c5f77d
[0m17:42:28.057723 [debug] [Thread-4 (]: Applying CREATE to: `github-pulse-jumpy`.`github_pulse_analytics_dev_dbt_test__audit`.`not_null_stg_github__pull_request_events_event_at`
[0m17:42:28.059133 [debug] [Thread-4 (]: On test.github_pulse.not_null_stg_github__pull_request_events_event_at.fe48c5f77d: /* {"app": "dbt", "dbt_version": "1.11.11", "profile_name": "github_pulse", "target_name": "dev", "node_id": "test.github_pulse.not_null_stg_github__pull_request_events_event_at.fe48c5f77d"} */

        
        
  
    

    create or replace table `github-pulse-jumpy`.`github_pulse_analytics_dev_dbt_test__audit`.`not_null_stg_github__pull_request_events_event_at`
      
    
    

    
    OPTIONS()
    as (
      
    
  
    
    



select *
from `github-pulse-jumpy`.`github_pulse_analytics_dev_staging`.`stg_github__pull_request_events`
where event_at is null



  
  
    );
  
    
[0m17:42:28.059612 [debug] [Thread-4 (]: Opening a new connection, currently in state closed
[0m17:42:28.519987 [debug] [Thread-3 (]: SQL status: OK in 0.489 seconds
[0m17:42:28.653370 [debug] [Thread-1 (]: SQL status: OK in 2.005 seconds
[0m17:42:28.822850 [debug] [Thread-1 (]: Writing runtime sql for node "test.github_pulse.not_null_stg_github__delete_events_ref_type.60de9ed0fb"
[0m17:42:28.824768 [debug] [Thread-1 (]: On test.github_pulse.not_null_stg_github__delete_events_ref_type.60de9ed0fb: /* {"app": "dbt", "dbt_version": "1.11.11", "profile_name": "github_pulse", "target_name": "dev", "node_id": "test.github_pulse.not_null_stg_github__delete_events_ref_type.60de9ed0fb"} */

    
    select
      count(*) as failures,
      count(*) != 0 as should_warn,
      count(*) != 0 as should_error
    from (
      
        select *
        from `github-pulse-jumpy`.`github_pulse_analytics_dev_dbt_test__audit`.`not_null_stg_github__delete_events_ref_type`
    
      
    ) dbt_internal_test
[0m17:42:28.867369 [info ] [Thread-3 (]: 5 of 25 PASS not_null_stg_github__create_events_ref_type ....................... [[32mPASS[0m in 5.01s]
[0m17:42:28.868427 [debug] [Thread-3 (]: Finished running node test.github_pulse.not_null_stg_github__create_events_ref_type.4fe7dc2f80
[0m17:42:28.868995 [debug] [Thread-3 (]: Began running node test.github_pulse.not_null_stg_github__pull_request_events_event_id.e1c51e4048
[0m17:42:28.869668 [info ] [Thread-3 (]: 10 of 25 START test not_null_stg_github__pull_request_events_event_id .......... [RUN]
[0m17:42:28.870292 [debug] [Thread-3 (]: Re-using an available connection from the pool (formerly test.github_pulse.not_null_stg_github__create_events_ref_type.4fe7dc2f80, now test.github_pulse.not_null_stg_github__pull_request_events_event_id.e1c51e4048)
[0m17:42:28.870796 [debug] [Thread-3 (]: Began compiling node test.github_pulse.not_null_stg_github__pull_request_events_event_id.e1c51e4048
[0m17:42:28.877707 [debug] [Thread-3 (]: Writing injected SQL for node "test.github_pulse.not_null_stg_github__pull_request_events_event_id.e1c51e4048"
[0m17:42:28.878668 [debug] [Thread-3 (]: Began executing node test.github_pulse.not_null_stg_github__pull_request_events_event_id.e1c51e4048
[0m17:42:28.881337 [debug] [Thread-3 (]: Applying CREATE to: `github-pulse-jumpy`.`github_pulse_analytics_dev_dbt_test__audit`.`not_null_stg_github__pull_request_events_event_id`
[0m17:42:28.882443 [debug] [Thread-3 (]: On test.github_pulse.not_null_stg_github__pull_request_events_event_id.e1c51e4048: /* {"app": "dbt", "dbt_version": "1.11.11", "profile_name": "github_pulse", "target_name": "dev", "node_id": "test.github_pulse.not_null_stg_github__pull_request_events_event_id.e1c51e4048"} */

        
        
  
    

    create or replace table `github-pulse-jumpy`.`github_pulse_analytics_dev_dbt_test__audit`.`not_null_stg_github__pull_request_events_event_id`
      
    
    

    
    OPTIONS()
    as (
      
    
  
    
    



select *
from `github-pulse-jumpy`.`github_pulse_analytics_dev_staging`.`stg_github__pull_request_events`
where event_id is null



  
  
    );
  
    
[0m17:42:28.882805 [debug] [Thread-3 (]: Opening a new connection, currently in state closed
[0m17:42:28.952401 [debug] [Thread-2 (]: SQL status: OK in 1.873 seconds
[0m17:42:28.989087 [debug] [Thread-4 (]: BigQuery adapter: https://console.cloud.google.com/bigquery?project=github-pulse-jumpy&j=bq:US:a6fb0500-25c2-46fb-a982-fdd8c03007a4&page=queryresults
[0m17:42:29.159543 [debug] [Thread-2 (]: Writing runtime sql for node "test.github_pulse.not_null_stg_github__pull_request_events_actor_id.eeebc1e1f3"
[0m17:42:29.161131 [debug] [Thread-2 (]: On test.github_pulse.not_null_stg_github__pull_request_events_actor_id.eeebc1e1f3: /* {"app": "dbt", "dbt_version": "1.11.11", "profile_name": "github_pulse", "target_name": "dev", "node_id": "test.github_pulse.not_null_stg_github__pull_request_events_actor_id.eeebc1e1f3"} */

    
    select
      count(*) as failures,
      count(*) != 0 as should_warn,
      count(*) != 0 as should_error
    from (
      
        select *
        from `github-pulse-jumpy`.`github_pulse_analytics_dev_dbt_test__audit`.`not_null_stg_github__pull_request_events_actor_id`
    
      
    ) dbt_internal_test
[0m17:42:29.311425 [debug] [Thread-1 (]: BigQuery adapter: https://console.cloud.google.com/bigquery?project=github-pulse-jumpy&j=bq:US:522847b7-9ff4-40f2-b302-f6e8660d553e&page=queryresults
[0m17:42:29.565770 [debug] [Thread-1 (]: SQL status: OK in 0.253 seconds
[0m17:42:29.666666 [debug] [Thread-2 (]: BigQuery adapter: https://console.cloud.google.com/bigquery?project=github-pulse-jumpy&j=bq:US:1ac8c736-b8ec-4a4e-b70d-163b9d9351b0&page=queryresults
[0m17:42:29.845564 [debug] [Thread-3 (]: BigQuery adapter: https://console.cloud.google.com/bigquery?project=github-pulse-jumpy&j=bq:US:28b4bea3-8de1-4069-bea5-ce4b8f09cc67&page=queryresults
[0m17:42:29.890341 [debug] [Thread-2 (]: SQL status: OK in 0.222 seconds
[0m17:42:30.073269 [info ] [Thread-1 (]: 7 of 25 PASS not_null_stg_github__delete_events_ref_type ....................... [[32mPASS[0m in 4.21s]
[0m17:42:30.074340 [debug] [Thread-1 (]: Finished running node test.github_pulse.not_null_stg_github__delete_events_ref_type.60de9ed0fb
[0m17:42:30.074926 [debug] [Thread-1 (]: Began running node test.github_pulse.not_null_stg_github__pull_request_events_pr_action.82487d00ac
[0m17:42:30.075549 [info ] [Thread-1 (]: 11 of 25 START test not_null_stg_github__pull_request_events_pr_action ......... [RUN]
[0m17:42:30.076128 [debug] [Thread-1 (]: Re-using an available connection from the pool (formerly test.github_pulse.not_null_stg_github__delete_events_ref_type.60de9ed0fb, now test.github_pulse.not_null_stg_github__pull_request_events_pr_action.82487d00ac)
[0m17:42:30.076572 [debug] [Thread-1 (]: Began compiling node test.github_pulse.not_null_stg_github__pull_request_events_pr_action.82487d00ac
[0m17:42:30.085876 [debug] [Thread-1 (]: Writing injected SQL for node "test.github_pulse.not_null_stg_github__pull_request_events_pr_action.82487d00ac"
[0m17:42:30.086650 [debug] [Thread-1 (]: Began executing node test.github_pulse.not_null_stg_github__pull_request_events_pr_action.82487d00ac
[0m17:42:30.088736 [debug] [Thread-1 (]: Applying CREATE to: `github-pulse-jumpy`.`github_pulse_analytics_dev_dbt_test__audit`.`not_null_stg_github__pull_request_events_pr_action`
[0m17:42:30.089644 [debug] [Thread-1 (]: On test.github_pulse.not_null_stg_github__pull_request_events_pr_action.82487d00ac: /* {"app": "dbt", "dbt_version": "1.11.11", "profile_name": "github_pulse", "target_name": "dev", "node_id": "test.github_pulse.not_null_stg_github__pull_request_events_pr_action.82487d00ac"} */

        
        
  
    

    create or replace table `github-pulse-jumpy`.`github_pulse_analytics_dev_dbt_test__audit`.`not_null_stg_github__pull_request_events_pr_action`
      
    
    

    
    OPTIONS()
    as (
      
    
  
    
    



select *
from `github-pulse-jumpy`.`github_pulse_analytics_dev_staging`.`stg_github__pull_request_events`
where pr_action is null



  
  
    );
  
    
[0m17:42:30.090009 [debug] [Thread-1 (]: Opening a new connection, currently in state closed
[0m17:42:30.223520 [info ] [Thread-2 (]: 8 of 25 PASS not_null_stg_github__pull_request_events_actor_id ................. [[32mPASS[0m in 4.06s]
[0m17:42:30.223834 [debug] [Thread-2 (]: Finished running node test.github_pulse.not_null_stg_github__pull_request_events_actor_id.eeebc1e1f3
[0m17:42:30.224029 [debug] [Thread-2 (]: Began running node test.github_pulse.not_null_stg_github__pull_request_events_pr_id.f7d631da0c
[0m17:42:30.224203 [info ] [Thread-2 (]: 12 of 25 START test not_null_stg_github__pull_request_events_pr_id ............. [RUN]
[0m17:42:30.224453 [debug] [Thread-2 (]: Re-using an available connection from the pool (formerly test.github_pulse.not_null_stg_github__pull_request_events_actor_id.eeebc1e1f3, now test.github_pulse.not_null_stg_github__pull_request_events_pr_id.f7d631da0c)
[0m17:42:30.224676 [debug] [Thread-2 (]: Began compiling node test.github_pulse.not_null_stg_github__pull_request_events_pr_id.f7d631da0c
[0m17:42:30.226950 [debug] [Thread-2 (]: Writing injected SQL for node "test.github_pulse.not_null_stg_github__pull_request_events_pr_id.f7d631da0c"
[0m17:42:30.227353 [debug] [Thread-2 (]: Began executing node test.github_pulse.not_null_stg_github__pull_request_events_pr_id.f7d631da0c
[0m17:42:30.228624 [debug] [Thread-2 (]: Applying CREATE to: `github-pulse-jumpy`.`github_pulse_analytics_dev_dbt_test__audit`.`not_null_stg_github__pull_request_events_pr_id`
[0m17:42:30.229131 [debug] [Thread-2 (]: On test.github_pulse.not_null_stg_github__pull_request_events_pr_id.f7d631da0c: /* {"app": "dbt", "dbt_version": "1.11.11", "profile_name": "github_pulse", "target_name": "dev", "node_id": "test.github_pulse.not_null_stg_github__pull_request_events_pr_id.f7d631da0c"} */

        
        
  
    

    create or replace table `github-pulse-jumpy`.`github_pulse_analytics_dev_dbt_test__audit`.`not_null_stg_github__pull_request_events_pr_id`
      
    
    

    
    OPTIONS()
    as (
      
    
  
    
    



select *
from `github-pulse-jumpy`.`github_pulse_analytics_dev_staging`.`stg_github__pull_request_events`
where pr_id is null



  
  
    );
  
    
[0m17:42:30.229341 [debug] [Thread-2 (]: Opening a new connection, currently in state closed
[0m17:42:31.101479 [debug] [Thread-1 (]: BigQuery adapter: https://console.cloud.google.com/bigquery?project=github-pulse-jumpy&j=bq:US:4bac07c0-93e4-470d-a2b6-91ffff8f3a0e&page=queryresults
[0m17:42:31.102522 [debug] [Thread-2 (]: BigQuery adapter: https://console.cloud.google.com/bigquery?project=github-pulse-jumpy&j=bq:US:810d8bed-ae5b-416f-a28c-db35d36f7d5a&page=queryresults
[0m17:42:31.244542 [debug] [Thread-4 (]: SQL status: OK in 2.255 seconds
[0m17:42:31.444459 [debug] [Thread-4 (]: Writing runtime sql for node "test.github_pulse.not_null_stg_github__pull_request_events_event_at.fe48c5f77d"
[0m17:42:31.446537 [debug] [Thread-4 (]: On test.github_pulse.not_null_stg_github__pull_request_events_event_at.fe48c5f77d: /* {"app": "dbt", "dbt_version": "1.11.11", "profile_name": "github_pulse", "target_name": "dev", "node_id": "test.github_pulse.not_null_stg_github__pull_request_events_event_at.fe48c5f77d"} */

    
    select
      count(*) as failures,
      count(*) != 0 as should_warn,
      count(*) != 0 as should_error
    from (
      
        select *
        from `github-pulse-jumpy`.`github_pulse_analytics_dev_dbt_test__audit`.`not_null_stg_github__pull_request_events_event_at`
    
      
    ) dbt_internal_test
[0m17:42:31.656905 [debug] [Thread-3 (]: SQL status: OK in 1.810 seconds
[0m17:42:31.858932 [debug] [Thread-3 (]: Writing runtime sql for node "test.github_pulse.not_null_stg_github__pull_request_events_event_id.e1c51e4048"
[0m17:42:31.860839 [debug] [Thread-3 (]: On test.github_pulse.not_null_stg_github__pull_request_events_event_id.e1c51e4048: /* {"app": "dbt", "dbt_version": "1.11.11", "profile_name": "github_pulse", "target_name": "dev", "node_id": "test.github_pulse.not_null_stg_github__pull_request_events_event_id.e1c51e4048"} */

    
    select
      count(*) as failures,
      count(*) != 0 as should_warn,
      count(*) != 0 as should_error
    from (
      
        select *
        from `github-pulse-jumpy`.`github_pulse_analytics_dev_dbt_test__audit`.`not_null_stg_github__pull_request_events_event_id`
    
      
    ) dbt_internal_test
[0m17:42:31.964321 [debug] [Thread-4 (]: BigQuery adapter: https://console.cloud.google.com/bigquery?project=github-pulse-jumpy&j=bq:US:10f818cd-b71b-4c21-bace-ac1dd5cd4e1b&page=queryresults
[0m17:42:32.285829 [debug] [Thread-4 (]: SQL status: OK in 0.320 seconds
[0m17:42:32.635358 [debug] [Thread-3 (]: BigQuery adapter: https://console.cloud.google.com/bigquery?project=github-pulse-jumpy&j=bq:US:2b818731-9715-4b95-b9a5-aaae0f47a987&page=queryresults
[0m17:42:32.755895 [info ] [Thread-4 (]: 9 of 25 PASS not_null_stg_github__pull_request_events_event_at ................. [[32mPASS[0m in 4.71s]
[0m17:42:32.757008 [debug] [Thread-4 (]: Finished running node test.github_pulse.not_null_stg_github__pull_request_events_event_at.fe48c5f77d
[0m17:42:32.757565 [debug] [Thread-4 (]: Began running node test.github_pulse.not_null_stg_github__pull_request_events_repo_id.eeac25aacb
[0m17:42:32.758166 [info ] [Thread-4 (]: 13 of 25 START test not_null_stg_github__pull_request_events_repo_id ........... [RUN]
[0m17:42:32.758760 [debug] [Thread-4 (]: Re-using an available connection from the pool (formerly test.github_pulse.not_null_stg_github__pull_request_events_event_at.fe48c5f77d, now test.github_pulse.not_null_stg_github__pull_request_events_repo_id.eeac25aacb)
[0m17:42:32.759220 [debug] [Thread-4 (]: Began compiling node test.github_pulse.not_null_stg_github__pull_request_events_repo_id.eeac25aacb
[0m17:42:32.765398 [debug] [Thread-4 (]: Writing injected SQL for node "test.github_pulse.not_null_stg_github__pull_request_events_repo_id.eeac25aacb"
[0m17:42:32.766333 [debug] [Thread-4 (]: Began executing node test.github_pulse.not_null_stg_github__pull_request_events_repo_id.eeac25aacb
[0m17:42:32.768963 [debug] [Thread-4 (]: Applying CREATE to: `github-pulse-jumpy`.`github_pulse_analytics_dev_dbt_test__audit`.`not_null_stg_github__pull_request_events_repo_id`
[0m17:42:32.769931 [debug] [Thread-4 (]: On test.github_pulse.not_null_stg_github__pull_request_events_repo_id.eeac25aacb: /* {"app": "dbt", "dbt_version": "1.11.11", "profile_name": "github_pulse", "target_name": "dev", "node_id": "test.github_pulse.not_null_stg_github__pull_request_events_repo_id.eeac25aacb"} */

        
        
  
    

    create or replace table `github-pulse-jumpy`.`github_pulse_analytics_dev_dbt_test__audit`.`not_null_stg_github__pull_request_events_repo_id`
      
    
    

    
    OPTIONS()
    as (
      
    
  
    
    



select *
from `github-pulse-jumpy`.`github_pulse_analytics_dev_staging`.`stg_github__pull_request_events`
where repo_id is null



  
  
    );
  
    
[0m17:42:32.770319 [debug] [Thread-4 (]: Opening a new connection, currently in state closed
[0m17:42:32.839382 [debug] [Thread-3 (]: SQL status: OK in 0.203 seconds
[0m17:42:32.993937 [debug] [Thread-2 (]: SQL status: OK in 1.890 seconds
[0m17:42:33.164280 [debug] [Thread-2 (]: Writing runtime sql for node "test.github_pulse.not_null_stg_github__pull_request_events_pr_id.f7d631da0c"
[0m17:42:33.165937 [debug] [Thread-2 (]: On test.github_pulse.not_null_stg_github__pull_request_events_pr_id.f7d631da0c: /* {"app": "dbt", "dbt_version": "1.11.11", "profile_name": "github_pulse", "target_name": "dev", "node_id": "test.github_pulse.not_null_stg_github__pull_request_events_pr_id.f7d631da0c"} */

    
    select
      count(*) as failures,
      count(*) != 0 as should_warn,
      count(*) != 0 as should_error
    from (
      
        select *
        from `github-pulse-jumpy`.`github_pulse_analytics_dev_dbt_test__audit`.`not_null_stg_github__pull_request_events_pr_id`
    
      
    ) dbt_internal_test
[0m17:42:33.203084 [info ] [Thread-3 (]: 10 of 25 PASS not_null_stg_github__pull_request_events_event_id ................ [[32mPASS[0m in 4.33s]
[0m17:42:33.204223 [debug] [Thread-3 (]: Finished running node test.github_pulse.not_null_stg_github__pull_request_events_event_id.e1c51e4048
[0m17:42:33.204956 [debug] [Thread-3 (]: Began running node test.github_pulse.not_null_stg_github__watch_events_actor_id.e9d774ff71
[0m17:42:33.205831 [info ] [Thread-3 (]: 14 of 25 START test not_null_stg_github__watch_events_actor_id ................. [RUN]
[0m17:42:33.206451 [debug] [Thread-3 (]: Re-using an available connection from the pool (formerly test.github_pulse.not_null_stg_github__pull_request_events_event_id.e1c51e4048, now test.github_pulse.not_null_stg_github__watch_events_actor_id.e9d774ff71)
[0m17:42:33.206927 [debug] [Thread-3 (]: Began compiling node test.github_pulse.not_null_stg_github__watch_events_actor_id.e9d774ff71
[0m17:42:33.212754 [debug] [Thread-3 (]: Writing injected SQL for node "test.github_pulse.not_null_stg_github__watch_events_actor_id.e9d774ff71"
[0m17:42:33.213934 [debug] [Thread-3 (]: Began executing node test.github_pulse.not_null_stg_github__watch_events_actor_id.e9d774ff71
[0m17:42:33.216739 [debug] [Thread-3 (]: Applying CREATE to: `github-pulse-jumpy`.`github_pulse_analytics_dev_dbt_test__audit`.`not_null_stg_github__watch_events_actor_id`
[0m17:42:33.219818 [debug] [Thread-3 (]: On test.github_pulse.not_null_stg_github__watch_events_actor_id.e9d774ff71: /* {"app": "dbt", "dbt_version": "1.11.11", "profile_name": "github_pulse", "target_name": "dev", "node_id": "test.github_pulse.not_null_stg_github__watch_events_actor_id.e9d774ff71"} */

        
        
  
    

    create or replace table `github-pulse-jumpy`.`github_pulse_analytics_dev_dbt_test__audit`.`not_null_stg_github__watch_events_actor_id`
      
    
    

    
    OPTIONS()
    as (
      
    
  
    
    



select *
from `github-pulse-jumpy`.`github_pulse_analytics_dev_staging`.`stg_github__watch_events`
where actor_id is null



  
  
    );
  
    
[0m17:42:33.220189 [debug] [Thread-3 (]: Opening a new connection, currently in state closed
[0m17:42:33.289211 [debug] [Thread-1 (]: SQL status: OK in 2.186 seconds
[0m17:42:33.463121 [debug] [Thread-1 (]: Writing runtime sql for node "test.github_pulse.not_null_stg_github__pull_request_events_pr_action.82487d00ac"
[0m17:42:33.464730 [debug] [Thread-1 (]: On test.github_pulse.not_null_stg_github__pull_request_events_pr_action.82487d00ac: /* {"app": "dbt", "dbt_version": "1.11.11", "profile_name": "github_pulse", "target_name": "dev", "node_id": "test.github_pulse.not_null_stg_github__pull_request_events_pr_action.82487d00ac"} */

    
    select
      count(*) as failures,
      count(*) != 0 as should_warn,
      count(*) != 0 as should_error
    from (
      
        select *
        from `github-pulse-jumpy`.`github_pulse_analytics_dev_dbt_test__audit`.`not_null_stg_github__pull_request_events_pr_action`
    
      
    ) dbt_internal_test
[0m17:42:33.681892 [debug] [Thread-4 (]: BigQuery adapter: https://console.cloud.google.com/bigquery?project=github-pulse-jumpy&j=bq:US:8dd88c03-54e6-435b-a143-c044d9cf5c6b&page=queryresults
[0m17:42:33.876254 [debug] [Thread-2 (]: BigQuery adapter: https://console.cloud.google.com/bigquery?project=github-pulse-jumpy&j=bq:US:e387fca4-dc7d-47cc-b874-5b7c383d96b1&page=queryresults
[0m17:42:33.967399 [debug] [Thread-1 (]: BigQuery adapter: https://console.cloud.google.com/bigquery?project=github-pulse-jumpy&j=bq:US:4f921760-5e5d-42e5-9886-4c61a31dc780&page=queryresults
[0m17:42:34.045904 [debug] [Thread-2 (]: SQL status: OK in 0.168 seconds
[0m17:42:34.069470 [debug] [Thread-3 (]: BigQuery adapter: https://console.cloud.google.com/bigquery?project=github-pulse-jumpy&j=bq:US:505f833c-2d16-4080-bf8a-f53df72c745c&page=queryresults
[0m17:42:34.141353 [debug] [Thread-1 (]: SQL status: OK in 0.173 seconds
[0m17:42:34.480948 [info ] [Thread-1 (]: 11 of 25 PASS not_null_stg_github__pull_request_events_pr_action ............... [[32mPASS[0m in 4.40s]
[0m17:42:34.483244 [debug] [Thread-1 (]: Finished running node test.github_pulse.not_null_stg_github__pull_request_events_pr_action.82487d00ac
[0m17:42:34.486511 [info ] [Thread-2 (]: 12 of 25 PASS not_null_stg_github__pull_request_events_pr_id ................... [[32mPASS[0m in 4.26s]
[0m17:42:34.487112 [debug] [Thread-1 (]: Began running node test.github_pulse.not_null_stg_github__watch_events_event_at.18e544e679
[0m17:42:34.487860 [debug] [Thread-2 (]: Finished running node test.github_pulse.not_null_stg_github__pull_request_events_pr_id.f7d631da0c
[0m17:42:34.488373 [info ] [Thread-1 (]: 15 of 25 START test not_null_stg_github__watch_events_event_at ................. [RUN]
[0m17:42:34.489006 [debug] [Thread-2 (]: Began running node test.github_pulse.not_null_stg_github__watch_events_event_id.13c6b0fc90
[0m17:42:34.489623 [debug] [Thread-1 (]: Re-using an available connection from the pool (formerly test.github_pulse.not_null_stg_github__pull_request_events_pr_action.82487d00ac, now test.github_pulse.not_null_stg_github__watch_events_event_at.18e544e679)
[0m17:42:34.490078 [info ] [Thread-2 (]: 16 of 25 START test not_null_stg_github__watch_events_event_id ................. [RUN]
[0m17:42:34.490567 [debug] [Thread-1 (]: Began compiling node test.github_pulse.not_null_stg_github__watch_events_event_at.18e544e679
[0m17:42:34.491033 [debug] [Thread-2 (]: Re-using an available connection from the pool (formerly test.github_pulse.not_null_stg_github__pull_request_events_pr_id.f7d631da0c, now test.github_pulse.not_null_stg_github__watch_events_event_id.13c6b0fc90)
[0m17:42:34.496657 [debug] [Thread-1 (]: Writing injected SQL for node "test.github_pulse.not_null_stg_github__watch_events_event_at.18e544e679"
[0m17:42:34.497099 [debug] [Thread-2 (]: Began compiling node test.github_pulse.not_null_stg_github__watch_events_event_id.13c6b0fc90
[0m17:42:34.500568 [debug] [Thread-2 (]: Writing injected SQL for node "test.github_pulse.not_null_stg_github__watch_events_event_id.13c6b0fc90"
[0m17:42:34.501118 [debug] [Thread-2 (]: Began executing node test.github_pulse.not_null_stg_github__watch_events_event_id.13c6b0fc90
[0m17:42:34.501407 [debug] [Thread-1 (]: Began executing node test.github_pulse.not_null_stg_github__watch_events_event_at.18e544e679
[0m17:42:34.503490 [debug] [Thread-2 (]: Applying CREATE to: `github-pulse-jumpy`.`github_pulse_analytics_dev_dbt_test__audit`.`not_null_stg_github__watch_events_event_id`
[0m17:42:34.505310 [debug] [Thread-1 (]: Applying CREATE to: `github-pulse-jumpy`.`github_pulse_analytics_dev_dbt_test__audit`.`not_null_stg_github__watch_events_event_at`
[0m17:42:34.506102 [debug] [Thread-2 (]: On test.github_pulse.not_null_stg_github__watch_events_event_id.13c6b0fc90: /* {"app": "dbt", "dbt_version": "1.11.11", "profile_name": "github_pulse", "target_name": "dev", "node_id": "test.github_pulse.not_null_stg_github__watch_events_event_id.13c6b0fc90"} */

        
        
  
    

    create or replace table `github-pulse-jumpy`.`github_pulse_analytics_dev_dbt_test__audit`.`not_null_stg_github__watch_events_event_id`
      
    
    

    
    OPTIONS()
    as (
      
    
  
    
    



select *
from `github-pulse-jumpy`.`github_pulse_analytics_dev_staging`.`stg_github__watch_events`
where event_id is null



  
  
    );
  
    
[0m17:42:34.506831 [debug] [Thread-1 (]: On test.github_pulse.not_null_stg_github__watch_events_event_at.18e544e679: /* {"app": "dbt", "dbt_version": "1.11.11", "profile_name": "github_pulse", "target_name": "dev", "node_id": "test.github_pulse.not_null_stg_github__watch_events_event_at.18e544e679"} */

        
        
  
    

    create or replace table `github-pulse-jumpy`.`github_pulse_analytics_dev_dbt_test__audit`.`not_null_stg_github__watch_events_event_at`
      
    
    

    
    OPTIONS()
    as (
      
    
  
    
    



select *
from `github-pulse-jumpy`.`github_pulse_analytics_dev_staging`.`stg_github__watch_events`
where event_at is null



  
  
    );
  
    
[0m17:42:34.507148 [debug] [Thread-2 (]: Opening a new connection, currently in state closed
[0m17:42:34.507392 [debug] [Thread-1 (]: Opening a new connection, currently in state closed
[0m17:42:35.462136 [debug] [Thread-2 (]: BigQuery adapter: https://console.cloud.google.com/bigquery?project=github-pulse-jumpy&j=bq:US:1e7f54a1-f24a-469a-9664-e32020199a20&page=queryresults
[0m17:42:35.505688 [debug] [Thread-1 (]: BigQuery adapter: https://console.cloud.google.com/bigquery?project=github-pulse-jumpy&j=bq:US:69b0a1cc-e6e4-40bf-929a-fcd7ab0663c0&page=queryresults
[0m17:42:35.538141 [debug] [Thread-4 (]: SQL status: OK in 1.855 seconds
[0m17:42:35.719932 [debug] [Thread-4 (]: Writing runtime sql for node "test.github_pulse.not_null_stg_github__pull_request_events_repo_id.eeac25aacb"
[0m17:42:35.721685 [debug] [Thread-4 (]: On test.github_pulse.not_null_stg_github__pull_request_events_repo_id.eeac25aacb: /* {"app": "dbt", "dbt_version": "1.11.11", "profile_name": "github_pulse", "target_name": "dev", "node_id": "test.github_pulse.not_null_stg_github__pull_request_events_repo_id.eeac25aacb"} */

    
    select
      count(*) as failures,
      count(*) != 0 as should_warn,
      count(*) != 0 as should_error
    from (
      
        select *
        from `github-pulse-jumpy`.`github_pulse_analytics_dev_dbt_test__audit`.`not_null_stg_github__pull_request_events_repo_id`
    
      
    ) dbt_internal_test
[0m17:42:35.880950 [debug] [Thread-3 (]: SQL status: OK in 1.810 seconds
[0m17:42:36.089395 [debug] [Thread-3 (]: Writing runtime sql for node "test.github_pulse.not_null_stg_github__watch_events_actor_id.e9d774ff71"
[0m17:42:36.091569 [debug] [Thread-3 (]: On test.github_pulse.not_null_stg_github__watch_events_actor_id.e9d774ff71: /* {"app": "dbt", "dbt_version": "1.11.11", "profile_name": "github_pulse", "target_name": "dev", "node_id": "test.github_pulse.not_null_stg_github__watch_events_actor_id.e9d774ff71"} */

    
    select
      count(*) as failures,
      count(*) != 0 as should_warn,
      count(*) != 0 as should_error
    from (
      
        select *
        from `github-pulse-jumpy`.`github_pulse_analytics_dev_dbt_test__audit`.`not_null_stg_github__watch_events_actor_id`
    
      
    ) dbt_internal_test
[0m17:42:36.119963 [debug] [Thread-4 (]: BigQuery adapter: https://console.cloud.google.com/bigquery?project=github-pulse-jumpy&j=bq:US:b7793e6f-e028-4d1d-b1a1-f09c34ef7ccc&page=queryresults
[0m17:42:36.302446 [debug] [Thread-4 (]: SQL status: OK in 0.181 seconds
[0m17:42:36.558093 [debug] [Thread-3 (]: BigQuery adapter: https://console.cloud.google.com/bigquery?project=github-pulse-jumpy&j=bq:US:b9fec50a-ab8f-47b1-abb4-89696efe5fcd&page=queryresults
[0m17:42:36.677093 [info ] [Thread-4 (]: 13 of 25 PASS not_null_stg_github__pull_request_events_repo_id ................. [[32mPASS[0m in 3.92s]
[0m17:42:36.678067 [debug] [Thread-4 (]: Finished running node test.github_pulse.not_null_stg_github__pull_request_events_repo_id.eeac25aacb
[0m17:42:36.678618 [debug] [Thread-4 (]: Began running node test.github_pulse.not_null_stg_github__watch_events_repo_id.6ed122893f
[0m17:42:36.679234 [info ] [Thread-4 (]: 17 of 25 START test not_null_stg_github__watch_events_repo_id .................. [RUN]
[0m17:42:36.679848 [debug] [Thread-4 (]: Re-using an available connection from the pool (formerly test.github_pulse.not_null_stg_github__pull_request_events_repo_id.eeac25aacb, now test.github_pulse.not_null_stg_github__watch_events_repo_id.6ed122893f)
[0m17:42:36.680317 [debug] [Thread-4 (]: Began compiling node test.github_pulse.not_null_stg_github__watch_events_repo_id.6ed122893f
[0m17:42:36.686379 [debug] [Thread-4 (]: Writing injected SQL for node "test.github_pulse.not_null_stg_github__watch_events_repo_id.6ed122893f"
[0m17:42:36.687534 [debug] [Thread-4 (]: Began executing node test.github_pulse.not_null_stg_github__watch_events_repo_id.6ed122893f
[0m17:42:36.690513 [debug] [Thread-4 (]: Applying CREATE to: `github-pulse-jumpy`.`github_pulse_analytics_dev_dbt_test__audit`.`not_null_stg_github__watch_events_repo_id`
[0m17:42:36.691508 [debug] [Thread-4 (]: On test.github_pulse.not_null_stg_github__watch_events_repo_id.6ed122893f: /* {"app": "dbt", "dbt_version": "1.11.11", "profile_name": "github_pulse", "target_name": "dev", "node_id": "test.github_pulse.not_null_stg_github__watch_events_repo_id.6ed122893f"} */

        
        
  
    

    create or replace table `github-pulse-jumpy`.`github_pulse_analytics_dev_dbt_test__audit`.`not_null_stg_github__watch_events_repo_id`
      
    
    

    
    OPTIONS()
    as (
      
    
  
    
    



select *
from `github-pulse-jumpy`.`github_pulse_analytics_dev_staging`.`stg_github__watch_events`
where repo_id is null



  
  
    );
  
    
[0m17:42:36.691884 [debug] [Thread-4 (]: Opening a new connection, currently in state closed
[0m17:42:36.761134 [debug] [Thread-3 (]: SQL status: OK in 0.202 seconds
[0m17:42:37.068584 [debug] [Thread-2 (]: SQL status: OK in 1.605 seconds
[0m17:42:37.190936 [info ] [Thread-3 (]: 14 of 25 PASS not_null_stg_github__watch_events_actor_id ....................... [[32mPASS[0m in 3.98s]
[0m17:42:37.192296 [debug] [Thread-3 (]: Finished running node test.github_pulse.not_null_stg_github__watch_events_actor_id.e9d774ff71
[0m17:42:37.192894 [debug] [Thread-3 (]: Began running node test.github_pulse.source_not_null_github_archive_20260428_created_at.611b92acc9
[0m17:42:37.193491 [info ] [Thread-3 (]: 18 of 25 START test source_not_null_github_archive_20260428_created_at ......... [RUN]
[0m17:42:37.194073 [debug] [Thread-3 (]: Re-using an available connection from the pool (formerly test.github_pulse.not_null_stg_github__watch_events_actor_id.e9d774ff71, now test.github_pulse.source_not_null_github_archive_20260428_created_at.611b92acc9)
[0m17:42:37.194504 [debug] [Thread-3 (]: Began compiling node test.github_pulse.source_not_null_github_archive_20260428_created_at.611b92acc9
[0m17:42:37.200447 [debug] [Thread-3 (]: Writing injected SQL for node "test.github_pulse.source_not_null_github_archive_20260428_created_at.611b92acc9"
[0m17:42:37.201707 [debug] [Thread-3 (]: Began executing node test.github_pulse.source_not_null_github_archive_20260428_created_at.611b92acc9
[0m17:42:37.206284 [debug] [Thread-3 (]: Applying CREATE to: `github-pulse-jumpy`.`github_pulse_analytics_dev_dbt_test__audit`.`source_not_null_github_archive_20260428_created_at`
[0m17:42:37.207224 [debug] [Thread-3 (]: On test.github_pulse.source_not_null_github_archive_20260428_created_at.611b92acc9: /* {"app": "dbt", "dbt_version": "1.11.11", "profile_name": "github_pulse", "target_name": "dev", "node_id": "test.github_pulse.source_not_null_github_archive_20260428_created_at.611b92acc9"} */

        
        
  
    

    create or replace table `github-pulse-jumpy`.`github_pulse_analytics_dev_dbt_test__audit`.`source_not_null_github_archive_20260428_created_at`
      
    
    

    
    OPTIONS()
    as (
      
    
  
    
    



select *
from `githubarchive`.`day`.`20260428`
where created_at is null



  
  
    );
  
    
[0m17:42:37.207586 [debug] [Thread-3 (]: Opening a new connection, currently in state closed
[0m17:42:37.343826 [debug] [Thread-2 (]: Writing runtime sql for node "test.github_pulse.not_null_stg_github__watch_events_event_id.13c6b0fc90"
[0m17:42:37.344281 [debug] [Thread-2 (]: On test.github_pulse.not_null_stg_github__watch_events_event_id.13c6b0fc90: /* {"app": "dbt", "dbt_version": "1.11.11", "profile_name": "github_pulse", "target_name": "dev", "node_id": "test.github_pulse.not_null_stg_github__watch_events_event_id.13c6b0fc90"} */

    
    select
      count(*) as failures,
      count(*) != 0 as should_warn,
      count(*) != 0 as should_error
    from (
      
        select *
        from `github-pulse-jumpy`.`github_pulse_analytics_dev_dbt_test__audit`.`not_null_stg_github__watch_events_event_id`
    
      
    ) dbt_internal_test
[0m17:42:37.351574 [debug] [Thread-1 (]: SQL status: OK in 1.845 seconds
[0m17:42:37.468566 [debug] [Thread-4 (]: BigQuery adapter: https://console.cloud.google.com/bigquery?project=github-pulse-jumpy&j=bq:US:2e76c74b-bf70-483d-8433-5f3875eefd97&page=queryresults
[0m17:42:37.797069 [debug] [Thread-2 (]: BigQuery adapter: https://console.cloud.google.com/bigquery?project=github-pulse-jumpy&j=bq:US:e676f75a-4e36-4d12-a0a6-f60028d888d2&page=queryresults
[0m17:42:37.814952 [debug] [Thread-1 (]: Writing runtime sql for node "test.github_pulse.not_null_stg_github__watch_events_event_at.18e544e679"
[0m17:42:37.816896 [debug] [Thread-1 (]: On test.github_pulse.not_null_stg_github__watch_events_event_at.18e544e679: /* {"app": "dbt", "dbt_version": "1.11.11", "profile_name": "github_pulse", "target_name": "dev", "node_id": "test.github_pulse.not_null_stg_github__watch_events_event_at.18e544e679"} */

    
    select
      count(*) as failures,
      count(*) != 0 as should_warn,
      count(*) != 0 as should_error
    from (
      
        select *
        from `github-pulse-jumpy`.`github_pulse_analytics_dev_dbt_test__audit`.`not_null_stg_github__watch_events_event_at`
    
      
    ) dbt_internal_test
[0m17:42:38.019371 [debug] [Thread-3 (]: BigQuery adapter: https://console.cloud.google.com/bigquery?project=github-pulse-jumpy&j=bq:US:2fede8f1-e019-428b-898c-a369ecbe4635&page=queryresults
[0m17:42:38.029448 [debug] [Thread-2 (]: SQL status: OK in 0.231 seconds
[0m17:42:38.406970 [debug] [Thread-1 (]: BigQuery adapter: https://console.cloud.google.com/bigquery?project=github-pulse-jumpy&j=bq:US:12c44dbf-17ba-488f-8eb2-9502a1e99599&page=queryresults
[0m17:42:38.419387 [info ] [Thread-2 (]: 16 of 25 PASS not_null_stg_github__watch_events_event_id ....................... [[32mPASS[0m in 3.93s]
[0m17:42:38.420255 [debug] [Thread-2 (]: Finished running node test.github_pulse.not_null_stg_github__watch_events_event_id.13c6b0fc90
[0m17:42:38.420789 [debug] [Thread-2 (]: Began running node test.github_pulse.source_not_null_github_archive_20260428_id.12bd51dae5
[0m17:42:38.421375 [info ] [Thread-2 (]: 19 of 25 START test source_not_null_github_archive_20260428_id ................. [RUN]
[0m17:42:38.421954 [debug] [Thread-2 (]: Re-using an available connection from the pool (formerly test.github_pulse.not_null_stg_github__watch_events_event_id.13c6b0fc90, now test.github_pulse.source_not_null_github_archive_20260428_id.12bd51dae5)
[0m17:42:38.422403 [debug] [Thread-2 (]: Began compiling node test.github_pulse.source_not_null_github_archive_20260428_id.12bd51dae5
[0m17:42:38.428443 [debug] [Thread-2 (]: Writing injected SQL for node "test.github_pulse.source_not_null_github_archive_20260428_id.12bd51dae5"
[0m17:42:38.429653 [debug] [Thread-2 (]: Began executing node test.github_pulse.source_not_null_github_archive_20260428_id.12bd51dae5
[0m17:42:38.432770 [debug] [Thread-2 (]: Applying CREATE to: `github-pulse-jumpy`.`github_pulse_analytics_dev_dbt_test__audit`.`source_not_null_github_archive_20260428_id`
[0m17:42:38.433851 [debug] [Thread-2 (]: On test.github_pulse.source_not_null_github_archive_20260428_id.12bd51dae5: /* {"app": "dbt", "dbt_version": "1.11.11", "profile_name": "github_pulse", "target_name": "dev", "node_id": "test.github_pulse.source_not_null_github_archive_20260428_id.12bd51dae5"} */

        
        
  
    

    create or replace table `github-pulse-jumpy`.`github_pulse_analytics_dev_dbt_test__audit`.`source_not_null_github_archive_20260428_id`
      
    
    

    
    OPTIONS()
    as (
      
    
  
    
    



select *
from `githubarchive`.`day`.`20260428`
where id is null



  
  
    );
  
    
[0m17:42:38.434267 [debug] [Thread-2 (]: Opening a new connection, currently in state closed
[0m17:42:38.595941 [debug] [Thread-1 (]: SQL status: OK in 0.188 seconds
[0m17:42:38.936969 [info ] [Thread-1 (]: 15 of 25 PASS not_null_stg_github__watch_events_event_at ....................... [[32mPASS[0m in 4.45s]
[0m17:42:38.937845 [debug] [Thread-1 (]: Finished running node test.github_pulse.not_null_stg_github__watch_events_event_at.18e544e679
[0m17:42:38.938338 [debug] [Thread-1 (]: Began running node test.github_pulse.source_not_null_github_archive_20260428_type.49bf88bb15
[0m17:42:38.938896 [info ] [Thread-1 (]: 20 of 25 START test source_not_null_github_archive_20260428_type ............... [RUN]
[0m17:42:38.939450 [debug] [Thread-1 (]: Re-using an available connection from the pool (formerly test.github_pulse.not_null_stg_github__watch_events_event_at.18e544e679, now test.github_pulse.source_not_null_github_archive_20260428_type.49bf88bb15)
[0m17:42:38.939863 [debug] [Thread-1 (]: Began compiling node test.github_pulse.source_not_null_github_archive_20260428_type.49bf88bb15
[0m17:42:38.945656 [debug] [Thread-1 (]: Writing injected SQL for node "test.github_pulse.source_not_null_github_archive_20260428_type.49bf88bb15"
[0m17:42:38.946365 [debug] [Thread-1 (]: Began executing node test.github_pulse.source_not_null_github_archive_20260428_type.49bf88bb15
[0m17:42:38.948587 [debug] [Thread-1 (]: Applying CREATE to: `github-pulse-jumpy`.`github_pulse_analytics_dev_dbt_test__audit`.`source_not_null_github_archive_20260428_type`
[0m17:42:38.949565 [debug] [Thread-1 (]: On test.github_pulse.source_not_null_github_archive_20260428_type.49bf88bb15: /* {"app": "dbt", "dbt_version": "1.11.11", "profile_name": "github_pulse", "target_name": "dev", "node_id": "test.github_pulse.source_not_null_github_archive_20260428_type.49bf88bb15"} */

        
        
  
    

    create or replace table `github-pulse-jumpy`.`github_pulse_analytics_dev_dbt_test__audit`.`source_not_null_github_archive_20260428_type`
      
    
    

    
    OPTIONS()
    as (
      
    
  
    
    



select *
from `githubarchive`.`day`.`20260428`
where type is null



  
  
    );
  
    
[0m17:42:38.949904 [debug] [Thread-1 (]: Opening a new connection, currently in state closed
[0m17:42:39.178615 [debug] [Thread-2 (]: BigQuery adapter: https://console.cloud.google.com/bigquery?project=github-pulse-jumpy&j=bq:US:c868be5c-01b0-42f4-be35-6e42ef237089&page=queryresults
[0m17:42:39.265964 [debug] [Thread-4 (]: SQL status: OK in 1.796 seconds
[0m17:42:39.438524 [debug] [Thread-4 (]: Writing runtime sql for node "test.github_pulse.not_null_stg_github__watch_events_repo_id.6ed122893f"
[0m17:42:39.440733 [debug] [Thread-4 (]: On test.github_pulse.not_null_stg_github__watch_events_repo_id.6ed122893f: /* {"app": "dbt", "dbt_version": "1.11.11", "profile_name": "github_pulse", "target_name": "dev", "node_id": "test.github_pulse.not_null_stg_github__watch_events_repo_id.6ed122893f"} */

    
    select
      count(*) as failures,
      count(*) != 0 as should_warn,
      count(*) != 0 as should_error
    from (
      
        select *
        from `github-pulse-jumpy`.`github_pulse_analytics_dev_dbt_test__audit`.`not_null_stg_github__watch_events_repo_id`
    
      
    ) dbt_internal_test
[0m17:42:39.724761 [debug] [Thread-1 (]: BigQuery adapter: https://console.cloud.google.com/bigquery?project=github-pulse-jumpy&j=bq:US:44bb8eeb-c14f-4067-9cff-e361ced90373&page=queryresults
[0m17:42:39.796121 [debug] [Thread-3 (]: SQL status: OK in 1.775 seconds
[0m17:42:39.879690 [debug] [Thread-4 (]: BigQuery adapter: https://console.cloud.google.com/bigquery?project=github-pulse-jumpy&j=bq:US:13536971-36cf-4f18-b034-06326c6a2e7b&page=queryresults
[0m17:42:40.000446 [debug] [Thread-3 (]: Writing runtime sql for node "test.github_pulse.source_not_null_github_archive_20260428_created_at.611b92acc9"
[0m17:42:40.002208 [debug] [Thread-3 (]: On test.github_pulse.source_not_null_github_archive_20260428_created_at.611b92acc9: /* {"app": "dbt", "dbt_version": "1.11.11", "profile_name": "github_pulse", "target_name": "dev", "node_id": "test.github_pulse.source_not_null_github_archive_20260428_created_at.611b92acc9"} */

    
    select
      count(*) as failures,
      count(*) != 0 as should_warn,
      count(*) != 0 as should_error
    from (
      
        select *
        from `github-pulse-jumpy`.`github_pulse_analytics_dev_dbt_test__audit`.`source_not_null_github_archive_20260428_created_at`
    
      
    ) dbt_internal_test
[0m17:42:40.083525 [debug] [Thread-4 (]: SQL status: OK in 0.202 seconds
[0m17:42:40.441486 [debug] [Thread-3 (]: BigQuery adapter: https://console.cloud.google.com/bigquery?project=github-pulse-jumpy&j=bq:US:e0397bc4-a2e4-46a7-838c-236956ce815a&page=queryresults
[0m17:42:40.508182 [info ] [Thread-4 (]: 17 of 25 PASS not_null_stg_github__watch_events_repo_id ........................ [[32mPASS[0m in 3.83s]
[0m17:42:40.509145 [debug] [Thread-4 (]: Finished running node test.github_pulse.not_null_stg_github__watch_events_repo_id.6ed122893f
[0m17:42:40.509683 [debug] [Thread-4 (]: Began running node test.github_pulse.source_unique_github_archive_20260428_id.4eabfe8f4c
[0m17:42:40.510285 [info ] [Thread-4 (]: 21 of 25 START test source_unique_github_archive_20260428_id ................... [RUN]
[0m17:42:40.510879 [debug] [Thread-4 (]: Re-using an available connection from the pool (formerly test.github_pulse.not_null_stg_github__watch_events_repo_id.6ed122893f, now test.github_pulse.source_unique_github_archive_20260428_id.4eabfe8f4c)
[0m17:42:40.511352 [debug] [Thread-4 (]: Began compiling node test.github_pulse.source_unique_github_archive_20260428_id.4eabfe8f4c
[0m17:42:40.519221 [debug] [Thread-4 (]: Writing injected SQL for node "test.github_pulse.source_unique_github_archive_20260428_id.4eabfe8f4c"
[0m17:42:40.520527 [debug] [Thread-4 (]: Began executing node test.github_pulse.source_unique_github_archive_20260428_id.4eabfe8f4c
[0m17:42:40.523108 [debug] [Thread-4 (]: Applying CREATE to: `github-pulse-jumpy`.`github_pulse_analytics_dev_dbt_test__audit`.`source_unique_github_archive_20260428_id`
[0m17:42:40.524154 [debug] [Thread-4 (]: On test.github_pulse.source_unique_github_archive_20260428_id.4eabfe8f4c: /* {"app": "dbt", "dbt_version": "1.11.11", "profile_name": "github_pulse", "target_name": "dev", "node_id": "test.github_pulse.source_unique_github_archive_20260428_id.4eabfe8f4c"} */

        
        
  
    

    create or replace table `github-pulse-jumpy`.`github_pulse_analytics_dev_dbt_test__audit`.`source_unique_github_archive_20260428_id`
      
    
    

    
    OPTIONS()
    as (
      
    
  
    
    

with dbt_test__target as (

  select id as unique_field
  from `githubarchive`.`day`.`20260428`
  where id is not null

)

select
    unique_field,
    count(*) as n_records

from dbt_test__target
group by unique_field
having count(*) > 1



  
  
    );
  
    
[0m17:42:40.524527 [debug] [Thread-4 (]: Opening a new connection, currently in state closed
[0m17:42:40.594472 [debug] [Thread-3 (]: SQL status: OK in 0.152 seconds
[0m17:42:40.696684 [debug] [Thread-2 (]: SQL status: OK in 1.518 seconds
[0m17:42:40.900024 [debug] [Thread-2 (]: Writing runtime sql for node "test.github_pulse.source_not_null_github_archive_20260428_id.12bd51dae5"
[0m17:42:40.902160 [debug] [Thread-2 (]: On test.github_pulse.source_not_null_github_archive_20260428_id.12bd51dae5: /* {"app": "dbt", "dbt_version": "1.11.11", "profile_name": "github_pulse", "target_name": "dev", "node_id": "test.github_pulse.source_not_null_github_archive_20260428_id.12bd51dae5"} */

    
    select
      count(*) as failures,
      count(*) != 0 as should_warn,
      count(*) != 0 as should_error
    from (
      
        select *
        from `github-pulse-jumpy`.`github_pulse_analytics_dev_dbt_test__audit`.`source_not_null_github_archive_20260428_id`
    
      
    ) dbt_internal_test
[0m17:42:40.938278 [info ] [Thread-3 (]: 18 of 25 PASS source_not_null_github_archive_20260428_created_at ............... [[32mPASS[0m in 3.74s]
[0m17:42:40.939252 [debug] [Thread-3 (]: Finished running node test.github_pulse.source_not_null_github_archive_20260428_created_at.611b92acc9
[0m17:42:40.939791 [debug] [Thread-3 (]: Began running node test.github_pulse.unique_stg_github__create_events_event_id.55084eef4b
[0m17:42:40.940393 [info ] [Thread-3 (]: 22 of 25 START test unique_stg_github__create_events_event_id .................. [RUN]
[0m17:42:40.940991 [debug] [Thread-3 (]: Re-using an available connection from the pool (formerly test.github_pulse.source_not_null_github_archive_20260428_created_at.611b92acc9, now test.github_pulse.unique_stg_github__create_events_event_id.55084eef4b)
[0m17:42:40.941448 [debug] [Thread-3 (]: Began compiling node test.github_pulse.unique_stg_github__create_events_event_id.55084eef4b
[0m17:42:40.947630 [debug] [Thread-3 (]: Writing injected SQL for node "test.github_pulse.unique_stg_github__create_events_event_id.55084eef4b"
[0m17:42:40.948802 [debug] [Thread-3 (]: Began executing node test.github_pulse.unique_stg_github__create_events_event_id.55084eef4b
[0m17:42:40.953909 [debug] [Thread-3 (]: Applying CREATE to: `github-pulse-jumpy`.`github_pulse_analytics_dev_dbt_test__audit`.`unique_stg_github__create_events_event_id`
[0m17:42:40.955002 [debug] [Thread-3 (]: On test.github_pulse.unique_stg_github__create_events_event_id.55084eef4b: /* {"app": "dbt", "dbt_version": "1.11.11", "profile_name": "github_pulse", "target_name": "dev", "node_id": "test.github_pulse.unique_stg_github__create_events_event_id.55084eef4b"} */

        
        
  
    

    create or replace table `github-pulse-jumpy`.`github_pulse_analytics_dev_dbt_test__audit`.`unique_stg_github__create_events_event_id`
      
    
    

    
    OPTIONS()
    as (
      
    
  
    
    

with dbt_test__target as (

  select event_id as unique_field
  from `github-pulse-jumpy`.`github_pulse_analytics_dev_staging`.`stg_github__create_events`
  where event_id is not null

)

select
    unique_field,
    count(*) as n_records

from dbt_test__target
group by unique_field
having count(*) > 1



  
  
    );
  
    
[0m17:42:40.955379 [debug] [Thread-3 (]: Opening a new connection, currently in state closed
[0m17:42:41.354667 [debug] [Thread-2 (]: BigQuery adapter: https://console.cloud.google.com/bigquery?project=github-pulse-jumpy&j=bq:US:a68dc0d9-d919-498c-a96c-933b72011fbb&page=queryresults
[0m17:42:41.403812 [debug] [Thread-4 (]: BigQuery adapter: https://console.cloud.google.com/bigquery?project=github-pulse-jumpy&j=bq:US:e9ae2097-1a28-4f84-b0d3-9d47b40249dc&page=queryresults
[0m17:42:41.499294 [debug] [Thread-1 (]: SQL status: OK in 1.773 seconds
[0m17:42:41.526058 [debug] [Thread-2 (]: SQL status: OK in 0.170 seconds
[0m17:42:41.684661 [debug] [Thread-1 (]: Writing runtime sql for node "test.github_pulse.source_not_null_github_archive_20260428_type.49bf88bb15"
[0m17:42:41.686087 [debug] [Thread-1 (]: On test.github_pulse.source_not_null_github_archive_20260428_type.49bf88bb15: /* {"app": "dbt", "dbt_version": "1.11.11", "profile_name": "github_pulse", "target_name": "dev", "node_id": "test.github_pulse.source_not_null_github_archive_20260428_type.49bf88bb15"} */

    
    select
      count(*) as failures,
      count(*) != 0 as should_warn,
      count(*) != 0 as should_error
    from (
      
        select *
        from `github-pulse-jumpy`.`github_pulse_analytics_dev_dbt_test__audit`.`source_not_null_github_archive_20260428_type`
    
      
    ) dbt_internal_test
[0m17:42:41.785616 [debug] [Thread-3 (]: BigQuery adapter: https://console.cloud.google.com/bigquery?project=github-pulse-jumpy&j=bq:US:3175ecc9-31e7-406a-a1cd-bcd8d2bba57d&page=queryresults
[0m17:42:41.863163 [info ] [Thread-2 (]: 19 of 25 PASS source_not_null_github_archive_20260428_id ....................... [[32mPASS[0m in 3.44s]
[0m17:42:41.864134 [debug] [Thread-2 (]: Finished running node test.github_pulse.source_not_null_github_archive_20260428_id.12bd51dae5
[0m17:42:41.864696 [debug] [Thread-2 (]: Began running node test.github_pulse.unique_stg_github__delete_events_event_id.0fb1e4b93a
[0m17:42:41.865314 [info ] [Thread-2 (]: 23 of 25 START test unique_stg_github__delete_events_event_id .................. [RUN]
[0m17:42:41.865892 [debug] [Thread-2 (]: Re-using an available connection from the pool (formerly test.github_pulse.source_not_null_github_archive_20260428_id.12bd51dae5, now test.github_pulse.unique_stg_github__delete_events_event_id.0fb1e4b93a)
[0m17:42:41.866317 [debug] [Thread-2 (]: Began compiling node test.github_pulse.unique_stg_github__delete_events_event_id.0fb1e4b93a
[0m17:42:41.872258 [debug] [Thread-2 (]: Writing injected SQL for node "test.github_pulse.unique_stg_github__delete_events_event_id.0fb1e4b93a"
[0m17:42:41.873394 [debug] [Thread-2 (]: Began executing node test.github_pulse.unique_stg_github__delete_events_event_id.0fb1e4b93a
[0m17:42:41.876126 [debug] [Thread-2 (]: Applying CREATE to: `github-pulse-jumpy`.`github_pulse_analytics_dev_dbt_test__audit`.`unique_stg_github__delete_events_event_id`
[0m17:42:41.877327 [debug] [Thread-2 (]: On test.github_pulse.unique_stg_github__delete_events_event_id.0fb1e4b93a: /* {"app": "dbt", "dbt_version": "1.11.11", "profile_name": "github_pulse", "target_name": "dev", "node_id": "test.github_pulse.unique_stg_github__delete_events_event_id.0fb1e4b93a"} */

        
        
  
    

    create or replace table `github-pulse-jumpy`.`github_pulse_analytics_dev_dbt_test__audit`.`unique_stg_github__delete_events_event_id`
      
    
    

    
    OPTIONS()
    as (
      
    
  
    
    

with dbt_test__target as (

  select event_id as unique_field
  from `github-pulse-jumpy`.`github_pulse_analytics_dev_staging`.`stg_github__delete_events`
  where event_id is not null

)

select
    unique_field,
    count(*) as n_records

from dbt_test__target
group by unique_field
having count(*) > 1



  
  
    );
  
    
[0m17:42:41.877711 [debug] [Thread-2 (]: Opening a new connection, currently in state closed
[0m17:42:42.209724 [debug] [Thread-1 (]: BigQuery adapter: https://console.cloud.google.com/bigquery?project=github-pulse-jumpy&j=bq:US:d6811eaa-2c0f-45e5-bbcf-2b2a62363fa2&page=queryresults
[0m17:42:42.568174 [debug] [Thread-1 (]: SQL status: OK in 0.357 seconds
[0m17:42:42.617859 [debug] [Thread-2 (]: BigQuery adapter: https://console.cloud.google.com/bigquery?project=github-pulse-jumpy&j=bq:US:f17814ae-2ea3-4e3d-a94f-ef70a622e7ef&page=queryresults
[0m17:42:42.893437 [info ] [Thread-1 (]: 20 of 25 PASS source_not_null_github_archive_20260428_type ..................... [[32mPASS[0m in 3.95s]
[0m17:42:42.894459 [debug] [Thread-1 (]: Finished running node test.github_pulse.source_not_null_github_archive_20260428_type.49bf88bb15
[0m17:42:42.895010 [debug] [Thread-1 (]: Began running node test.github_pulse.unique_stg_github__pull_request_events_event_id.42242c1e6d
[0m17:42:42.895619 [info ] [Thread-1 (]: 24 of 25 START test unique_stg_github__pull_request_events_event_id ............ [RUN]
[0m17:42:42.896248 [debug] [Thread-1 (]: Re-using an available connection from the pool (formerly test.github_pulse.source_not_null_github_archive_20260428_type.49bf88bb15, now test.github_pulse.unique_stg_github__pull_request_events_event_id.42242c1e6d)
[0m17:42:42.896715 [debug] [Thread-1 (]: Began compiling node test.github_pulse.unique_stg_github__pull_request_events_event_id.42242c1e6d
[0m17:42:42.902610 [debug] [Thread-1 (]: Writing injected SQL for node "test.github_pulse.unique_stg_github__pull_request_events_event_id.42242c1e6d"
[0m17:42:42.903824 [debug] [Thread-1 (]: Began executing node test.github_pulse.unique_stg_github__pull_request_events_event_id.42242c1e6d
[0m17:42:42.906692 [debug] [Thread-1 (]: Applying CREATE to: `github-pulse-jumpy`.`github_pulse_analytics_dev_dbt_test__audit`.`unique_stg_github__pull_request_events_event_id`
[0m17:42:42.907926 [debug] [Thread-1 (]: On test.github_pulse.unique_stg_github__pull_request_events_event_id.42242c1e6d: /* {"app": "dbt", "dbt_version": "1.11.11", "profile_name": "github_pulse", "target_name": "dev", "node_id": "test.github_pulse.unique_stg_github__pull_request_events_event_id.42242c1e6d"} */

        
        
  
    

    create or replace table `github-pulse-jumpy`.`github_pulse_analytics_dev_dbt_test__audit`.`unique_stg_github__pull_request_events_event_id`
      
    
    

    
    OPTIONS()
    as (
      
    
  
    
    

with dbt_test__target as (

  select event_id as unique_field
  from `github-pulse-jumpy`.`github_pulse_analytics_dev_staging`.`stg_github__pull_request_events`
  where event_id is not null

)

select
    unique_field,
    count(*) as n_records

from dbt_test__target
group by unique_field
having count(*) > 1



  
  
    );
  
    
[0m17:42:42.908358 [debug] [Thread-1 (]: Opening a new connection, currently in state closed
[0m17:42:43.433944 [debug] [Thread-4 (]: SQL status: OK in 2.029 seconds
[0m17:42:43.633914 [debug] [Thread-4 (]: Writing runtime sql for node "test.github_pulse.source_unique_github_archive_20260428_id.4eabfe8f4c"
[0m17:42:43.636024 [debug] [Thread-4 (]: On test.github_pulse.source_unique_github_archive_20260428_id.4eabfe8f4c: /* {"app": "dbt", "dbt_version": "1.11.11", "profile_name": "github_pulse", "target_name": "dev", "node_id": "test.github_pulse.source_unique_github_archive_20260428_id.4eabfe8f4c"} */

    
    select
      count(*) as failures,
      count(*) != 0 as should_warn,
      count(*) != 0 as should_error
    from (
      
        select *
        from `github-pulse-jumpy`.`github_pulse_analytics_dev_dbt_test__audit`.`source_unique_github_archive_20260428_id`
    
      
    ) dbt_internal_test
[0m17:42:43.668608 [debug] [Thread-3 (]: SQL status: OK in 1.882 seconds
[0m17:42:43.740102 [debug] [Thread-1 (]: BigQuery adapter: https://console.cloud.google.com/bigquery?project=github-pulse-jumpy&j=bq:US:2b0769bd-1684-49c1-a092-4ef7b0bf6874&page=queryresults
[0m17:42:43.842783 [debug] [Thread-3 (]: Writing runtime sql for node "test.github_pulse.unique_stg_github__create_events_event_id.55084eef4b"
[0m17:42:43.844528 [debug] [Thread-3 (]: On test.github_pulse.unique_stg_github__create_events_event_id.55084eef4b: /* {"app": "dbt", "dbt_version": "1.11.11", "profile_name": "github_pulse", "target_name": "dev", "node_id": "test.github_pulse.unique_stg_github__create_events_event_id.55084eef4b"} */

    
    select
      count(*) as failures,
      count(*) != 0 as should_warn,
      count(*) != 0 as should_error
    from (
      
        select *
        from `github-pulse-jumpy`.`github_pulse_analytics_dev_dbt_test__audit`.`unique_stg_github__create_events_event_id`
    
      
    ) dbt_internal_test
[0m17:42:44.025450 [debug] [Thread-4 (]: BigQuery adapter: https://console.cloud.google.com/bigquery?project=github-pulse-jumpy&j=bq:US:c038681b-cf35-4bf8-aa5c-52c22a7139ab&page=queryresults
[0m17:42:44.225317 [debug] [Thread-3 (]: BigQuery adapter: https://console.cloud.google.com/bigquery?project=github-pulse-jumpy&j=bq:US:b4808937-9b4e-4ace-aaf8-6c746a27d679&page=queryresults
[0m17:42:44.310362 [debug] [Thread-4 (]: SQL status: OK in 0.284 seconds
[0m17:42:44.440380 [debug] [Thread-3 (]: SQL status: OK in 0.214 seconds
[0m17:42:44.681056 [error] [Thread-4 (]: 21 of 25 FAIL 2 source_unique_github_archive_20260428_id ....................... [[31mFAIL 2[0m in 4.17s]
[0m17:42:44.682088 [debug] [Thread-4 (]: Finished running node test.github_pulse.source_unique_github_archive_20260428_id.4eabfe8f4c
[0m17:42:44.682648 [debug] [Thread-4 (]: Began running node test.github_pulse.unique_stg_github__watch_events_event_id.e938d7ebd7
[0m17:42:44.683258 [info ] [Thread-4 (]: 25 of 25 START test unique_stg_github__watch_events_event_id ................... [RUN]
[0m17:42:44.683875 [debug] [Thread-4 (]: Re-using an available connection from the pool (formerly test.github_pulse.source_unique_github_archive_20260428_id.4eabfe8f4c, now test.github_pulse.unique_stg_github__watch_events_event_id.e938d7ebd7)
[0m17:42:44.684348 [debug] [Thread-4 (]: Began compiling node test.github_pulse.unique_stg_github__watch_events_event_id.e938d7ebd7
[0m17:42:44.690544 [debug] [Thread-4 (]: Writing injected SQL for node "test.github_pulse.unique_stg_github__watch_events_event_id.e938d7ebd7"
[0m17:42:44.691730 [debug] [Thread-4 (]: Began executing node test.github_pulse.unique_stg_github__watch_events_event_id.e938d7ebd7
[0m17:42:44.694636 [debug] [Thread-4 (]: Applying CREATE to: `github-pulse-jumpy`.`github_pulse_analytics_dev_dbt_test__audit`.`unique_stg_github__watch_events_event_id`
[0m17:42:44.695738 [debug] [Thread-4 (]: On test.github_pulse.unique_stg_github__watch_events_event_id.e938d7ebd7: /* {"app": "dbt", "dbt_version": "1.11.11", "profile_name": "github_pulse", "target_name": "dev", "node_id": "test.github_pulse.unique_stg_github__watch_events_event_id.e938d7ebd7"} */

        
        
  
    

    create or replace table `github-pulse-jumpy`.`github_pulse_analytics_dev_dbt_test__audit`.`unique_stg_github__watch_events_event_id`
      
    
    

    
    OPTIONS()
    as (
      
    
  
    
    

with dbt_test__target as (

  select event_id as unique_field
  from `github-pulse-jumpy`.`github_pulse_analytics_dev_staging`.`stg_github__watch_events`
  where event_id is not null

)

select
    unique_field,
    count(*) as n_records

from dbt_test__target
group by unique_field
having count(*) > 1



  
  
    );
  
    
[0m17:42:44.696172 [debug] [Thread-4 (]: Opening a new connection, currently in state closed
[0m17:42:44.767189 [info ] [Thread-3 (]: 22 of 25 PASS unique_stg_github__create_events_event_id ........................ [[32mPASS[0m in 3.83s]
[0m17:42:44.767444 [debug] [Thread-3 (]: Finished running node test.github_pulse.unique_stg_github__create_events_event_id.55084eef4b
[0m17:42:45.310934 [debug] [Thread-2 (]: SQL status: OK in 2.692 seconds
[0m17:42:45.492571 [debug] [Thread-2 (]: Writing runtime sql for node "test.github_pulse.unique_stg_github__delete_events_event_id.0fb1e4b93a"
[0m17:42:45.494417 [debug] [Thread-2 (]: On test.github_pulse.unique_stg_github__delete_events_event_id.0fb1e4b93a: /* {"app": "dbt", "dbt_version": "1.11.11", "profile_name": "github_pulse", "target_name": "dev", "node_id": "test.github_pulse.unique_stg_github__delete_events_event_id.0fb1e4b93a"} */

    
    select
      count(*) as failures,
      count(*) != 0 as should_warn,
      count(*) != 0 as should_error
    from (
      
        select *
        from `github-pulse-jumpy`.`github_pulse_analytics_dev_dbt_test__audit`.`unique_stg_github__delete_events_event_id`
    
      
    ) dbt_internal_test
[0m17:42:45.541557 [debug] [Thread-4 (]: BigQuery adapter: https://console.cloud.google.com/bigquery?project=github-pulse-jumpy&j=bq:US:195555a4-2e8c-4229-a157-1d0431e6ccf1&page=queryresults
[0m17:42:45.866641 [debug] [Thread-1 (]: SQL status: OK in 2.125 seconds
[0m17:42:45.898364 [debug] [Thread-2 (]: BigQuery adapter: https://console.cloud.google.com/bigquery?project=github-pulse-jumpy&j=bq:US:5b4d57fa-f9db-4b1e-b117-3ef6a1222e90&page=queryresults
[0m17:42:46.050092 [debug] [Thread-2 (]: SQL status: OK in 0.151 seconds
[0m17:42:46.073596 [debug] [Thread-1 (]: Writing runtime sql for node "test.github_pulse.unique_stg_github__pull_request_events_event_id.42242c1e6d"
[0m17:42:46.075642 [debug] [Thread-1 (]: On test.github_pulse.unique_stg_github__pull_request_events_event_id.42242c1e6d: /* {"app": "dbt", "dbt_version": "1.11.11", "profile_name": "github_pulse", "target_name": "dev", "node_id": "test.github_pulse.unique_stg_github__pull_request_events_event_id.42242c1e6d"} */

    
    select
      count(*) as failures,
      count(*) != 0 as should_warn,
      count(*) != 0 as should_error
    from (
      
        select *
        from `github-pulse-jumpy`.`github_pulse_analytics_dev_dbt_test__audit`.`unique_stg_github__pull_request_events_event_id`
    
      
    ) dbt_internal_test
[0m17:42:46.424826 [info ] [Thread-2 (]: 23 of 25 PASS unique_stg_github__delete_events_event_id ........................ [[32mPASS[0m in 4.56s]
[0m17:42:46.425927 [debug] [Thread-2 (]: Finished running node test.github_pulse.unique_stg_github__delete_events_event_id.0fb1e4b93a
[0m17:42:46.494304 [debug] [Thread-1 (]: BigQuery adapter: https://console.cloud.google.com/bigquery?project=github-pulse-jumpy&j=bq:US:a5bda0b4-09c3-414d-a77d-dd7804830ac7&page=queryresults
[0m17:42:46.646707 [debug] [Thread-1 (]: SQL status: OK in 0.151 seconds
[0m17:42:47.006900 [info ] [Thread-1 (]: 24 of 25 PASS unique_stg_github__pull_request_events_event_id .................. [[32mPASS[0m in 4.11s]
[0m17:42:47.007884 [debug] [Thread-1 (]: Finished running node test.github_pulse.unique_stg_github__pull_request_events_event_id.42242c1e6d
[0m17:42:47.944637 [debug] [Thread-4 (]: SQL status: OK in 2.402 seconds
[0m17:42:48.132622 [debug] [Thread-4 (]: Writing runtime sql for node "test.github_pulse.unique_stg_github__watch_events_event_id.e938d7ebd7"
[0m17:42:48.134908 [debug] [Thread-4 (]: On test.github_pulse.unique_stg_github__watch_events_event_id.e938d7ebd7: /* {"app": "dbt", "dbt_version": "1.11.11", "profile_name": "github_pulse", "target_name": "dev", "node_id": "test.github_pulse.unique_stg_github__watch_events_event_id.e938d7ebd7"} */

    
    select
      count(*) as failures,
      count(*) != 0 as should_warn,
      count(*) != 0 as should_error
    from (
      
        select *
        from `github-pulse-jumpy`.`github_pulse_analytics_dev_dbt_test__audit`.`unique_stg_github__watch_events_event_id`
    
      
    ) dbt_internal_test
[0m17:42:48.947792 [debug] [Thread-4 (]: BigQuery adapter: https://console.cloud.google.com/bigquery?project=github-pulse-jumpy&j=bq:US:551678b6-d9eb-4bfa-a2bb-82f988e21b92&page=queryresults
[0m17:42:49.132434 [debug] [Thread-4 (]: SQL status: OK in 0.183 seconds
[0m17:42:49.448673 [info ] [Thread-4 (]: 25 of 25 PASS unique_stg_github__watch_events_event_id ......................... [[32mPASS[0m in 4.76s]
[0m17:42:49.449716 [debug] [Thread-4 (]: Finished running node test.github_pulse.unique_stg_github__watch_events_event_id.e938d7ebd7
[0m17:42:49.452632 [debug] [MainThread]: Opening a new connection, currently in state closed
[0m17:42:49.529982 [debug] [MainThread]: Connection 'master' was properly closed.
[0m17:42:49.530144 [debug] [MainThread]: Connection 'test.github_pulse.unique_stg_github__pull_request_events_event_id.42242c1e6d' was properly closed.
[0m17:42:49.530241 [debug] [MainThread]: Connection 'test.github_pulse.unique_stg_github__delete_events_event_id.0fb1e4b93a' was properly closed.
[0m17:42:49.530332 [debug] [MainThread]: Connection 'test.github_pulse.unique_stg_github__create_events_event_id.55084eef4b' was properly closed.
[0m17:42:49.530420 [debug] [MainThread]: Connection 'test.github_pulse.unique_stg_github__watch_events_event_id.e938d7ebd7' was properly closed.
[0m17:42:49.530568 [info ] [MainThread]: 
[0m17:42:49.530688 [info ] [MainThread]: Finished running 25 data tests in 0 hours 0 minutes and 33.20 seconds (33.20s).
[0m17:42:49.531947 [debug] [MainThread]: Command end result
[0m17:42:49.547248 [debug] [MainThread]: Wrote artifact WritableManifest to /Users/perrikwong/Desktop/github_pulse/target/manifest.json
[0m17:42:49.547934 [debug] [MainThread]: Wrote artifact SemanticManifest to /Users/perrikwong/Desktop/github_pulse/target/semantic_manifest.json
[0m17:42:49.550786 [debug] [MainThread]: Wrote artifact RunExecutionResult to /Users/perrikwong/Desktop/github_pulse/target/run_results.json
[0m17:42:49.550897 [info ] [MainThread]: 
[0m17:42:49.551030 [info ] [MainThread]: [31mCompleted with 1 error, 0 partial successes, and 0 warnings:[0m
[0m17:42:49.551142 [info ] [MainThread]: 
[0m17:42:49.551282 [error] [MainThread]: [31mFailure in test source_unique_github_archive_20260428_id (models/staging/_sources.yml)[0m
[0m17:42:49.551404 [error] [MainThread]:   Got 2 results, configured to fail if != 0
[0m17:42:49.551493 [info ] [MainThread]: 
[0m17:42:49.551608 [info ] [MainThread]:   compiled code at target/compiled/github_pulse/models/staging/_sources.yml/source_unique_github_archive_20260428_id.sql
[0m17:42:49.551695 [info ] [MainThread]: 
[0m17:42:49.551811 [info ] [MainThread]:   See test failures:
  --------------------------------------------------------------------------------------------------------------------------
  select * from `github-pulse-jumpy`.`github_pulse_analytics_dev_dbt_test__audit`.`source_unique_github_archive_20260428_id`
  --------------------------------------------------------------------------------------------------------------------------
[0m17:42:49.551922 [info ] [MainThread]: 
[0m17:42:49.552033 [info ] [MainThread]: Done. PASS=24 WARN=0 ERROR=1 SKIP=0 NO-OP=0 TOTAL=25
[0m17:42:49.552273 [debug] [MainThread]: Resource report: {"command_name": "test", "command_success": false, "command_wall_clock_time": 33.901028, "process_in_blocks": "0", "process_kernel_time": 0.472805, "process_mem_max_rss": "230211584", "process_out_blocks": "0", "process_user_time": 4.659437}
[0m17:42:49.552434 [debug] [MainThread]: Command `dbt test` failed at 17:42:49.552403 after 33.90 seconds
[0m17:42:49.552578 [debug] [MainThread]: Sending event: {'category': 'dbt', 'action': 'invocation', 'label': 'end', 'context': [<snowplow_tracker.self_describing_json.SelfDescribingJson object at 0x10785a750>, <snowplow_tracker.self_describing_json.SelfDescribingJson object at 0x1041273d0>, <snowplow_tracker.self_describing_json.SelfDescribingJson object at 0x1075fbe10>]}
[0m17:42:49.552714 [debug] [MainThread]: Flushing usage events
[0m17:42:49.918410 [debug] [MainThread]: An error was encountered while trying to flush usage events
[0m12:52:16.605044 [debug] [MainThread]: Sending event: {'category': 'dbt', 'action': 'invocation', 'label': 'start', 'context': [<snowplow_tracker.self_describing_json.SelfDescribingJson object at 0x104b85650>, <snowplow_tracker.self_describing_json.SelfDescribingJson object at 0x104d27850>, <snowplow_tracker.self_describing_json.SelfDescribingJson object at 0x104d27f50>]}


============================== 12:52:16.607759 | 0d287c43-18b3-4c15-be80-757a7676dfe7 ==============================
[0m12:52:16.607759 [info ] [MainThread]: Running with dbt=1.11.11
[0m12:52:16.608020 [debug] [MainThread]: running dbt with arguments {'fail_fast': 'False', 'partial_parse': 'True', 'debug': 'False', 'version_check': 'True', 'send_anonymous_usage_stats': 'True', 'warn_error': 'None', 'quiet': 'False', 'profiles_dir': '/Users/perrikwong/.dbt', 'log_format': 'default', 'use_colors': 'True', 'invocation_command': 'dbt snapshot', 'warn_error_options': 'WarnErrorOptionsV2(error=[], warn=[], silence=[])', 'use_experimental_parser': 'False', 'cache_selected_only': 'False', 'log_path': '/Users/perrikwong/Desktop/github_pulse/logs', 'log_cache_events': 'False', 'introspect': 'True', 'static_parser': 'True', 'write_json': 'True', 'target_path': 'None', 'indirect_selection': 'eager', 'printer_width': '80', 'empty': 'False', 'no_print': 'None'}
[0m12:52:19.110715 [debug] [MainThread]: Sending event: {'category': 'dbt', 'action': 'project_id', 'label': '0d287c43-18b3-4c15-be80-757a7676dfe7', 'context': [<snowplow_tracker.self_describing_json.SelfDescribingJson object at 0x104d15210>]}
[0m12:52:19.131419 [debug] [MainThread]: Sending event: {'category': 'dbt', 'action': 'adapter_info', 'label': '0d287c43-18b3-4c15-be80-757a7676dfe7', 'context': [<snowplow_tracker.self_describing_json.SelfDescribingJson object at 0x102315f10>]}
[0m12:52:19.131657 [info ] [MainThread]: Registered adapter: bigquery=1.11.1
[0m12:52:19.200909 [debug] [MainThread]: checksum: 30a8cc8fdcbf66701b0944d4ccce3fa46dd04b61e5df68b9f16d57b2e0e3f0be, vars: {}, profile: , target: , version: 1.11.11
[0m12:52:19.275913 [debug] [MainThread]: Partial parsing enabled: 0 files deleted, 5 files added, 1 files changed.
[0m12:52:19.276147 [debug] [MainThread]: Partial parsing: added file: github_pulse://models/marts/core/dim_date.sql
[0m12:52:19.276259 [debug] [MainThread]: Partial parsing: added file: github_pulse://snapshots/snap_repos.sql
[0m12:52:19.276384 [debug] [MainThread]: Partial parsing: added file: github_pulse://models/marts/core/_models.yml
[0m12:52:19.276478 [debug] [MainThread]: Partial parsing: added file: github_pulse://models/marts/core/dim_actor.sql
[0m12:52:19.276571 [debug] [MainThread]: Partial parsing: added file: github_pulse://models/marts/core/dim_repo.sql
[0m12:52:19.276703 [debug] [MainThread]: Partial parsing: updated file: github_pulse://models/staging/stg_github__watch_events.sql
[0m12:52:19.535873 [warn ] [MainThread]: [[33mWARNING[0m]: Configuration paths exist in your dbt_project.yml file which do not apply to any resources.
There are 4 unused configuration paths:
- models.github_pulse.marts.engagement
- models.github_pulse.marts.lifecycle
- models.github_pulse.intermediate
- models.github_pulse.marts.pull_requests
[0m12:52:19.541070 [debug] [MainThread]: Sending event: {'category': 'dbt', 'action': 'load_project', 'label': '0d287c43-18b3-4c15-be80-757a7676dfe7', 'context': [<snowplow_tracker.self_describing_json.SelfDescribingJson object at 0x110c24c90>]}
[0m12:52:19.584222 [debug] [MainThread]: Wrote artifact WritableManifest to /Users/perrikwong/Desktop/github_pulse/target/manifest.json
[0m12:52:19.585391 [debug] [MainThread]: Wrote artifact SemanticManifest to /Users/perrikwong/Desktop/github_pulse/target/semantic_manifest.json
[0m12:52:19.592512 [debug] [MainThread]: Sending event: {'category': 'dbt', 'action': 'resource_counts', 'label': '0d287c43-18b3-4c15-be80-757a7676dfe7', 'context': [<snowplow_tracker.self_describing_json.SelfDescribingJson object at 0x110a6dc10>]}
[0m12:52:19.592706 [info ] [MainThread]: Found 36 data tests, 7 models, 1 snapshot, 1 source, 549 macros
[0m12:52:19.592825 [debug] [MainThread]: Sending event: {'category': 'dbt', 'action': 'runnable_timing', 'label': '0d287c43-18b3-4c15-be80-757a7676dfe7', 'context': [<snowplow_tracker.self_describing_json.SelfDescribingJson object at 0x110c73ed0>]}
[0m12:52:19.593686 [info ] [MainThread]: 
[0m12:52:19.593812 [info ] [MainThread]: Concurrency: 4 threads (target='dev')
[0m12:52:19.593902 [info ] [MainThread]: 
[0m12:52:19.594067 [debug] [MainThread]: Acquiring new bigquery connection 'master'
[0m12:52:19.594371 [debug] [ThreadPool]: Acquiring new bigquery connection 'list_github-pulse-jumpy'
[0m12:52:19.594513 [debug] [ThreadPool]: Opening a new connection, currently in state init
[0m12:52:20.283580 [debug] [ThreadPool]: Re-using an available connection from the pool (formerly list_github-pulse-jumpy, now create_github-pulse-jumpy_snapshots)
[0m12:52:20.284680 [debug] [ThreadPool]: Creating schema "database: "github-pulse-jumpy"
schema: "snapshots"
"
[0m12:52:20.296944 [debug] [ThreadPool]: On create_github-pulse-jumpy_snapshots: /* {"app": "dbt", "dbt_version": "1.11.11", "profile_name": "github_pulse", "target_name": "dev", "connection_name": "create_github-pulse-jumpy_snapshots"} */
create schema if not exists `github-pulse-jumpy`.`snapshots`
  
[0m12:52:20.297422 [debug] [ThreadPool]: Opening a new connection, currently in state closed
[0m12:52:21.078416 [debug] [ThreadPool]: BigQuery adapter: https://console.cloud.google.com/bigquery?project=github-pulse-jumpy&j=bq:US:c7aae23a-a6ea-4638-b9dc-76c7e97f2fa8&page=queryresults
[0m12:52:22.223880 [debug] [ThreadPool]: SQL status: OK in 1.144 seconds
[0m12:52:22.294050 [debug] [ThreadPool]: Re-using an available connection from the pool (formerly create_github-pulse-jumpy_snapshots, now list_github-pulse-jumpy_github_pulse_analytics_dev_staging)
[0m12:52:22.294381 [debug] [ThreadPool]: Acquiring new bigquery connection 'list_github-pulse-jumpy_snapshots'
[0m12:52:22.294534 [debug] [ThreadPool]: Opening a new connection, currently in state closed
[0m12:52:22.294742 [debug] [ThreadPool]: Acquiring new bigquery connection 'list_github-pulse-jumpy_github_pulse_analytics_dev_core'
[0m12:52:22.294924 [debug] [ThreadPool]: Opening a new connection, currently in state init
[0m12:52:22.295154 [debug] [ThreadPool]: Opening a new connection, currently in state init
[0m12:52:23.031811 [debug] [MainThread]: Sending event: {'category': 'dbt', 'action': 'runnable_timing', 'label': '0d287c43-18b3-4c15-be80-757a7676dfe7', 'context': [<snowplow_tracker.self_describing_json.SelfDescribingJson object at 0x110b02850>]}
[0m12:52:23.032996 [debug] [MainThread]: Opening a new connection, currently in state init
[0m12:52:23.127171 [debug] [Thread-1 (]: Began running node snapshot.github_pulse.snap_repos
[0m12:52:23.127453 [info ] [Thread-1 (]: 1 of 1 START snapshot snapshots.snap_repos ..................................... [RUN]
[0m12:52:23.127640 [debug] [Thread-1 (]: Re-using an available connection from the pool (formerly list_github-pulse-jumpy_github_pulse_analytics_dev_staging, now snapshot.github_pulse.snap_repos)
[0m12:52:23.127761 [debug] [Thread-1 (]: Began compiling node snapshot.github_pulse.snap_repos
[0m12:52:23.131484 [debug] [Thread-1 (]: Began executing node snapshot.github_pulse.snap_repos
[0m12:52:23.156291 [debug] [Thread-1 (]: On snapshot.github_pulse.snap_repos: /* {"app": "dbt", "dbt_version": "1.11.11", "profile_name": "github_pulse", "target_name": "dev", "node_id": "snapshot.github_pulse.snap_repos"} */
select * from (
        
    

    select *,
        to_hex(md5(concat(coalesce(cast(repo_id as string), ''), '|',coalesce(cast(dbt_snapshot_at as string), '')))) as dbt_scd_id,
        dbt_snapshot_at as dbt_updated_at,
        dbt_snapshot_at as dbt_valid_from,
        
  
  coalesce(nullif(dbt_snapshot_at, dbt_snapshot_at), null)
  as dbt_valid_to
from (
        



with repos_union as (

    select repo_id, repo_name, org_login, event_at
    from `github-pulse-jumpy`.`github_pulse_analytics_dev_staging`.`stg_github__pull_request_events`
    union distinct
    select repo_id, repo_name, org_login, event_at
    from `github-pulse-jumpy`.`github_pulse_analytics_dev_staging`.`stg_github__watch_events`
    union distinct
    select repo_id, repo_name, org_login, event_at
    from `github-pulse-jumpy`.`github_pulse_analytics_dev_staging`.`stg_github__create_events`
    union distinct
    select repo_id, repo_name, org_login, event_at
    from `github-pulse-jumpy`.`github_pulse_analytics_dev_staging`.`stg_github__delete_events`

),

latest_per_repo as (

    select
        repo_id,
        repo_name,
        org_login,
        max(event_at) as dbt_snapshot_at

    from repos_union
    group by repo_id, repo_name, org_login

)

select * from latest_per_repo

    ) sbq



    ) as __dbt_sbq
    where false and current_timestamp() = current_timestamp()
    limit 0

[0m12:52:23.156483 [debug] [Thread-1 (]: Opening a new connection, currently in state closed
[0m12:52:24.246553 [debug] [Thread-1 (]: BigQuery adapter: https://console.cloud.google.com/bigquery?project=github-pulse-jumpy&j=bq:US:cf2199cc-cb5d-4021-8a6e-331e46cc2c6c&page=queryresults
[0m12:52:24.578383 [debug] [Thread-1 (]: SQL status: OK in 0.331 seconds
[0m12:52:24.591913 [debug] [Thread-1 (]: On snapshot.github_pulse.snap_repos: /* {"app": "dbt", "dbt_version": "1.11.11", "profile_name": "github_pulse", "target_name": "dev", "node_id": "snapshot.github_pulse.snap_repos"} */
select * from (
        select 
    current_timestamp()
 as dbt_snapshot_time
    ) as __dbt_sbq
    where false and current_timestamp() = current_timestamp()
    limit 0

[0m12:52:25.062061 [debug] [Thread-1 (]: BigQuery adapter: https://console.cloud.google.com/bigquery?project=github-pulse-jumpy&j=bq:US:e489eac0-d29b-4349-a363-a6b008be55b3&page=queryresults
[0m12:52:25.602445 [debug] [Thread-1 (]: SQL status: OK in 0.539 seconds
[0m12:52:25.603814 [debug] [Thread-1 (]: Writing runtime sql for node "snapshot.github_pulse.snap_repos"
[0m12:52:25.605829 [debug] [Thread-1 (]: On snapshot.github_pulse.snap_repos: /* {"app": "dbt", "dbt_version": "1.11.11", "profile_name": "github_pulse", "target_name": "dev", "node_id": "snapshot.github_pulse.snap_repos"} */

      
  
    

    create or replace table `github-pulse-jumpy`.`snapshots`.`snap_repos`
      
    
    

    
    OPTIONS()
    as (
      
    

    select *,
        to_hex(md5(concat(coalesce(cast(repo_id as string), ''), '|',coalesce(cast(dbt_snapshot_at as string), '')))) as dbt_scd_id,
        dbt_snapshot_at as dbt_updated_at,
        dbt_snapshot_at as dbt_valid_from,
        
  
  coalesce(nullif(dbt_snapshot_at, dbt_snapshot_at), null)
  as dbt_valid_to
from (
        



with repos_union as (

    select repo_id, repo_name, org_login, event_at
    from `github-pulse-jumpy`.`github_pulse_analytics_dev_staging`.`stg_github__pull_request_events`
    union distinct
    select repo_id, repo_name, org_login, event_at
    from `github-pulse-jumpy`.`github_pulse_analytics_dev_staging`.`stg_github__watch_events`
    union distinct
    select repo_id, repo_name, org_login, event_at
    from `github-pulse-jumpy`.`github_pulse_analytics_dev_staging`.`stg_github__create_events`
    union distinct
    select repo_id, repo_name, org_login, event_at
    from `github-pulse-jumpy`.`github_pulse_analytics_dev_staging`.`stg_github__delete_events`

),

latest_per_repo as (

    select
        repo_id,
        repo_name,
        org_login,
        max(event_at) as dbt_snapshot_at

    from repos_union
    group by repo_id, repo_name, org_login

)

select * from latest_per_repo

    ) sbq



    );
  
  
[0m12:52:26.836452 [debug] [Thread-1 (]: BigQuery adapter: https://console.cloud.google.com/bigquery?project=github-pulse-jumpy&j=bq:US:ecdcfefb-aa89-4a20-b278-75845e1b2186&page=queryresults
[0m12:52:32.310671 [debug] [Thread-1 (]: SQL status: OK in 5.473 seconds
[0m12:52:32.557646 [debug] [Thread-1 (]: Sending event: {'category': 'dbt', 'action': 'run_model', 'label': '0d287c43-18b3-4c15-be80-757a7676dfe7', 'context': [<snowplow_tracker.self_describing_json.SelfDescribingJson object at 0x110c228d0>]}
[0m12:52:32.558554 [info ] [Thread-1 (]: 1 of 1 OK snapshotted snapshots.snap_repos ..................................... [[32mCREATE TABLE (289.5k rows, 253.4 MiB processed)[0m in 9.43s]
[0m12:52:32.559073 [debug] [Thread-1 (]: Finished running node snapshot.github_pulse.snap_repos
[0m12:52:32.560177 [debug] [MainThread]: Opening a new connection, currently in state closed
[0m12:52:32.627203 [debug] [MainThread]: Connection 'master' was properly closed.
[0m12:52:32.627311 [debug] [MainThread]: Connection 'snapshot.github_pulse.snap_repos' was properly closed.
[0m12:52:32.627391 [debug] [MainThread]: Connection 'list_github-pulse-jumpy_snapshots' was properly closed.
[0m12:52:32.627468 [debug] [MainThread]: Connection 'list_github-pulse-jumpy_github_pulse_analytics_dev_core' was properly closed.
[0m12:52:32.627565 [info ] [MainThread]: 
[0m12:52:32.627675 [info ] [MainThread]: Finished running 1 snapshot in 0 hours 0 minutes and 13.03 seconds (13.03s).
[0m12:52:32.627907 [debug] [MainThread]: Command end result
[0m12:52:32.642563 [debug] [MainThread]: Wrote artifact WritableManifest to /Users/perrikwong/Desktop/github_pulse/target/manifest.json
[0m12:52:32.643225 [debug] [MainThread]: Wrote artifact SemanticManifest to /Users/perrikwong/Desktop/github_pulse/target/semantic_manifest.json
[0m12:52:32.645614 [debug] [MainThread]: Wrote artifact RunExecutionResult to /Users/perrikwong/Desktop/github_pulse/target/run_results.json
[0m12:52:32.645751 [info ] [MainThread]: 
[0m12:52:32.645907 [info ] [MainThread]: [32mCompleted successfully[0m
[0m12:52:32.646012 [info ] [MainThread]: 
[0m12:52:32.646121 [info ] [MainThread]: Done. PASS=1 WARN=0 ERROR=0 SKIP=0 NO-OP=0 TOTAL=1
[0m12:52:32.646340 [debug] [MainThread]: Resource report: {"command_name": "snapshot", "command_success": true, "command_wall_clock_time": 16.07988, "process_in_blocks": "0", "process_kernel_time": 0.339967, "process_mem_max_rss": "244924416", "process_out_blocks": "0", "process_user_time": 2.0873}
[0m12:52:32.646499 [debug] [MainThread]: Command `dbt snapshot` succeeded at 12:52:32.646470 after 16.08 seconds
[0m12:52:32.646630 [debug] [MainThread]: Sending event: {'category': 'dbt', 'action': 'invocation', 'label': 'end', 'context': [<snowplow_tracker.self_describing_json.SelfDescribingJson object at 0x104d26710>, <snowplow_tracker.self_describing_json.SelfDescribingJson object at 0x104d25210>, <snowplow_tracker.self_describing_json.SelfDescribingJson object at 0x1013c3050>]}
[0m12:52:32.646750 [debug] [MainThread]: Flushing usage events
[0m12:52:33.111596 [debug] [MainThread]: An error was encountered while trying to flush usage events
[0m13:00:32.342135 [debug] [MainThread]: Sending event: {'category': 'dbt', 'action': 'invocation', 'label': 'start', 'context': [<snowplow_tracker.self_describing_json.SelfDescribingJson object at 0x11a4ec290>, <snowplow_tracker.self_describing_json.SelfDescribingJson object at 0x11a5bb4d0>, <snowplow_tracker.self_describing_json.SelfDescribingJson object at 0x11a5bb790>]}


============================== 13:00:32.344694 | 7f05ef45-2657-4cac-87ad-14e1605879a7 ==============================
[0m13:00:32.344694 [info ] [MainThread]: Running with dbt=1.11.11
[0m13:00:32.344942 [debug] [MainThread]: running dbt with arguments {'cache_selected_only': 'False', 'log_format': 'default', 'warn_error_options': 'WarnErrorOptionsV2(error=[], warn=[], silence=[])', 'use_colors': 'True', 'printer_width': '80', 'quiet': 'False', 'introspect': 'True', 'invocation_command': 'dbt run --select marts.core', 'log_path': '/Users/perrikwong/Desktop/github_pulse/logs', 'write_json': 'True', 'log_cache_events': 'False', 'use_experimental_parser': 'False', 'fail_fast': 'False', 'target_path': 'None', 'partial_parse': 'True', 'version_check': 'True', 'static_parser': 'True', 'warn_error': 'None', 'profiles_dir': '/Users/perrikwong/.dbt', 'debug': 'False', 'no_print': 'None', 'send_anonymous_usage_stats': 'True', 'empty': 'False', 'indirect_selection': 'eager'}
[0m13:00:32.944922 [debug] [MainThread]: Sending event: {'category': 'dbt', 'action': 'project_id', 'label': '7f05ef45-2657-4cac-87ad-14e1605879a7', 'context': [<snowplow_tracker.self_describing_json.SelfDescribingJson object at 0x12b16c210>]}
[0m13:00:32.965601 [debug] [MainThread]: Sending event: {'category': 'dbt', 'action': 'adapter_info', 'label': '7f05ef45-2657-4cac-87ad-14e1605879a7', 'context': [<snowplow_tracker.self_describing_json.SelfDescribingJson object at 0x10665ab90>]}
[0m13:00:32.965856 [info ] [MainThread]: Registered adapter: bigquery=1.11.1
[0m13:00:33.033038 [debug] [MainThread]: checksum: 30a8cc8fdcbf66701b0944d4ccce3fa46dd04b61e5df68b9f16d57b2e0e3f0be, vars: {}, profile: , target: , version: 1.11.11
[0m13:00:33.114412 [debug] [MainThread]: Partial parsing enabled: 0 files deleted, 0 files added, 0 files changed.
[0m13:00:33.114595 [debug] [MainThread]: Nothing changed, skipping partial parsing.
[0m13:00:33.114691 [debug] [MainThread]: Partial parsing enabled, no changes found, skipping parsing
[0m13:00:33.116974 [warn ] [MainThread]: [[33mWARNING[0m]: Configuration paths exist in your dbt_project.yml file which do not apply to any resources.
There are 4 unused configuration paths:
- models.github_pulse.marts.lifecycle
- models.github_pulse.marts.engagement
- models.github_pulse.intermediate
- models.github_pulse.marts.pull_requests
[0m13:00:33.137458 [debug] [MainThread]: Sending event: {'category': 'dbt', 'action': 'load_project', 'label': '7f05ef45-2657-4cac-87ad-14e1605879a7', 'context': [<snowplow_tracker.self_describing_json.SelfDescribingJson object at 0x12ee30b10>]}
[0m13:00:33.181266 [debug] [MainThread]: Wrote artifact WritableManifest to /Users/perrikwong/Desktop/github_pulse/target/manifest.json
[0m13:00:33.182739 [debug] [MainThread]: Wrote artifact SemanticManifest to /Users/perrikwong/Desktop/github_pulse/target/semantic_manifest.json
[0m13:00:33.189240 [debug] [MainThread]: Sending event: {'category': 'dbt', 'action': 'resource_counts', 'label': '7f05ef45-2657-4cac-87ad-14e1605879a7', 'context': [<snowplow_tracker.self_describing_json.SelfDescribingJson object at 0x12f296e10>]}
[0m13:00:33.189420 [info ] [MainThread]: Found 36 data tests, 7 models, 1 snapshot, 1 source, 549 macros
[0m13:00:33.189542 [debug] [MainThread]: Sending event: {'category': 'dbt', 'action': 'runnable_timing', 'label': '7f05ef45-2657-4cac-87ad-14e1605879a7', 'context': [<snowplow_tracker.self_describing_json.SelfDescribingJson object at 0x12f2a7590>]}
[0m13:00:33.190287 [info ] [MainThread]: 
[0m13:00:33.190409 [info ] [MainThread]: Concurrency: 4 threads (target='dev')
[0m13:00:33.190504 [info ] [MainThread]: 
[0m13:00:33.190684 [debug] [MainThread]: Acquiring new bigquery connection 'master'
[0m13:00:33.192094 [debug] [ThreadPool]: Acquiring new bigquery connection 'list_github-pulse-jumpy'
[0m13:00:33.192234 [debug] [ThreadPool]: Opening a new connection, currently in state init
[0m13:00:33.853446 [debug] [ThreadPool]: Re-using an available connection from the pool (formerly list_github-pulse-jumpy, now create_github-pulse-jumpy_github_pulse_analytics_dev_core)
[0m13:00:33.854633 [debug] [ThreadPool]: Creating schema "database: "github-pulse-jumpy"
schema: "github_pulse_analytics_dev_core"
"
[0m13:00:33.869686 [debug] [ThreadPool]: On create_github-pulse-jumpy_github_pulse_analytics_dev_core: /* {"app": "dbt", "dbt_version": "1.11.11", "profile_name": "github_pulse", "target_name": "dev", "connection_name": "create_github-pulse-jumpy_github_pulse_analytics_dev_core"} */
create schema if not exists `github-pulse-jumpy`.`github_pulse_analytics_dev_core`
  
[0m13:00:33.870131 [debug] [ThreadPool]: Opening a new connection, currently in state closed
[0m13:00:34.563030 [debug] [ThreadPool]: BigQuery adapter: https://console.cloud.google.com/bigquery?project=github-pulse-jumpy&j=bq:US:a095acca-352c-4b24-9153-6a11c8098c99&page=queryresults
[0m13:00:35.459481 [debug] [ThreadPool]: SQL status: OK in 0.895 seconds
[0m13:00:35.525908 [debug] [ThreadPool]: Re-using an available connection from the pool (formerly create_github-pulse-jumpy_github_pulse_analytics_dev_core, now list_github-pulse-jumpy_snapshots)
[0m13:00:35.526244 [debug] [ThreadPool]: Opening a new connection, currently in state closed
[0m13:00:35.526443 [debug] [ThreadPool]: Acquiring new bigquery connection 'list_github-pulse-jumpy_github_pulse_analytics_dev_core'
[0m13:00:35.526688 [debug] [ThreadPool]: Acquiring new bigquery connection 'list_github-pulse-jumpy_github_pulse_analytics_dev_staging'
[0m13:00:35.526866 [debug] [ThreadPool]: Opening a new connection, currently in state init
[0m13:00:35.579273 [debug] [ThreadPool]: Opening a new connection, currently in state init
[0m13:00:36.306673 [debug] [MainThread]: Sending event: {'category': 'dbt', 'action': 'runnable_timing', 'label': '7f05ef45-2657-4cac-87ad-14e1605879a7', 'context': [<snowplow_tracker.self_describing_json.SelfDescribingJson object at 0x12ee02050>]}
[0m13:00:36.308309 [debug] [MainThread]: Opening a new connection, currently in state init
[0m13:00:36.399286 [debug] [Thread-1 (]: Began running node model.github_pulse.dim_actor
[0m13:00:36.399494 [debug] [Thread-2 (]: Began running node model.github_pulse.dim_date
[0m13:00:36.399647 [debug] [Thread-3 (]: Began running node model.github_pulse.dim_repo
[0m13:00:36.399842 [info ] [Thread-1 (]: 1 of 3 START sql table model github_pulse_analytics_dev_core.dim_actor ......... [RUN]
[0m13:00:36.400043 [info ] [Thread-2 (]: 2 of 3 START sql table model github_pulse_analytics_dev_core.dim_date .......... [RUN]
[0m13:00:36.400209 [info ] [Thread-3 (]: 3 of 3 START sql table model github_pulse_analytics_dev_core.dim_repo .......... [RUN]
[0m13:00:36.400379 [debug] [Thread-1 (]: Re-using an available connection from the pool (formerly list_github-pulse-jumpy_snapshots, now model.github_pulse.dim_actor)
[0m13:00:36.400511 [debug] [Thread-2 (]: Re-using an available connection from the pool (formerly list_github-pulse-jumpy_github_pulse_analytics_dev_core, now model.github_pulse.dim_date)
[0m13:00:36.400628 [debug] [Thread-3 (]: Re-using an available connection from the pool (formerly list_github-pulse-jumpy_github_pulse_analytics_dev_staging, now model.github_pulse.dim_repo)
[0m13:00:36.400743 [debug] [Thread-1 (]: Began compiling node model.github_pulse.dim_actor
[0m13:00:36.400850 [debug] [Thread-2 (]: Began compiling node model.github_pulse.dim_date
[0m13:00:36.400948 [debug] [Thread-3 (]: Began compiling node model.github_pulse.dim_repo
[0m13:00:36.404260 [debug] [Thread-1 (]: Writing injected SQL for node "model.github_pulse.dim_actor"
[0m13:00:36.405155 [debug] [Thread-2 (]: Writing injected SQL for node "model.github_pulse.dim_date"
[0m13:00:36.406124 [debug] [Thread-3 (]: Writing injected SQL for node "model.github_pulse.dim_repo"
[0m13:00:36.406569 [debug] [Thread-1 (]: Began executing node model.github_pulse.dim_actor
[0m13:00:36.406701 [debug] [Thread-2 (]: Began executing node model.github_pulse.dim_date
[0m13:00:36.418818 [debug] [Thread-3 (]: Began executing node model.github_pulse.dim_repo
[0m13:00:36.419222 [debug] [Thread-1 (]: Writing runtime sql for node "model.github_pulse.dim_actor"
[0m13:00:36.420125 [debug] [Thread-2 (]: Writing runtime sql for node "model.github_pulse.dim_date"
[0m13:00:36.421502 [debug] [Thread-3 (]: Writing runtime sql for node "model.github_pulse.dim_repo"
[0m13:00:36.421915 [debug] [Thread-3 (]: On model.github_pulse.dim_repo: /* {"app": "dbt", "dbt_version": "1.11.11", "profile_name": "github_pulse", "target_name": "dev", "node_id": "model.github_pulse.dim_repo"} */

  
    

    create or replace table `github-pulse-jumpy`.`github_pulse_analytics_dev_core`.`dim_repo`
      
    
    

    
    OPTIONS()
    as (
      

with snapshot_current as (

    select
        dbt_scd_id                                      as repo_sk,
        repo_id,
        repo_name,
        org_login,
        dbt_valid_from                                  as valid_from,
        dbt_valid_to,
        dbt_valid_to is null                            as is_current,
        split(repo_name, '/')[safe_offset(0)]           as repo_owner,
        split(repo_name, '/')[safe_offset(1)]           as repo_slug,
        concat('https://github.com/', repo_name)        as repo_url
    from `github-pulse-jumpy`.`snapshots`.`snap_repos`

)

select * from snapshot_current
    );
  
[0m13:00:36.422129 [debug] [Thread-1 (]: On model.github_pulse.dim_actor: /* {"app": "dbt", "dbt_version": "1.11.11", "profile_name": "github_pulse", "target_name": "dev", "node_id": "model.github_pulse.dim_actor"} */

  
    

    create or replace table `github-pulse-jumpy`.`github_pulse_analytics_dev_core`.`dim_actor`
      
    
    

    
    OPTIONS()
    as (
      

with actors_union as (

    select actor_id, actor_login from `github-pulse-jumpy`.`github_pulse_analytics_dev_staging`.`stg_github__pull_request_events`
    union distinct
    select actor_id, actor_login from `github-pulse-jumpy`.`github_pulse_analytics_dev_staging`.`stg_github__watch_events`
    union distinct
    select actor_id, actor_login from `github-pulse-jumpy`.`github_pulse_analytics_dev_staging`.`stg_github__create_events`
    union distinct
    select actor_id, actor_login from `github-pulse-jumpy`.`github_pulse_analytics_dev_staging`.`stg_github__delete_events`

),

deduped as (

    select
        actor_id,
        actor_login,
        row_number() over (
            partition by actor_id
            order by actor_login
        ) as rn
    from actors_union

),

final as (

    select
        actor_id,
        actor_login,
        concat('https://github.com/', actor_login)  as profile_url,
        current_timestamp()                         as dbt_updated_at
    from deduped
    where rn = 1

)

select * from final
    );
  
[0m13:00:36.422307 [debug] [Thread-2 (]: On model.github_pulse.dim_date: /* {"app": "dbt", "dbt_version": "1.11.11", "profile_name": "github_pulse", "target_name": "dev", "node_id": "model.github_pulse.dim_date"} */

  
    

    create or replace table `github-pulse-jumpy`.`github_pulse_analytics_dev_core`.`dim_date`
      
    
    

    
    OPTIONS()
    as (
      

with date_spine as (
    select date_add
)
    );
  
[0m13:00:36.422463 [debug] [Thread-3 (]: Opening a new connection, currently in state closed
[0m13:00:36.422605 [debug] [Thread-1 (]: Opening a new connection, currently in state closed
[0m13:00:36.422729 [debug] [Thread-2 (]: Opening a new connection, currently in state closed
[0m13:00:37.123043 [debug] [Thread-2 (]: BigQuery adapter: https://console.cloud.google.com/bigquery?project=github-pulse-jumpy&j=bq:US:cf1d142b-a534-48d3-b08b-85bd3c68c0fe&page=queryresults
[0m13:00:37.124292 [error] [Thread-2 (]: BigQuery adapter: https://console.cloud.google.com/bigquery?project=github-pulse-jumpy&j=bq:US:cf1d142b-a534-48d3-b08b-85bd3c68c0fe&page=queryresults
[0m13:00:37.144879 [debug] [Thread-2 (]: Database Error in model dim_date (models/marts/core/dim_date.sql)
  Syntax error: Unexpected ")" at [19:5]
  compiled code at target/run/github_pulse/models/marts/core/dim_date.sql
[0m13:00:37.148243 [debug] [Thread-2 (]: Sending event: {'category': 'dbt', 'action': 'run_model', 'label': '7f05ef45-2657-4cac-87ad-14e1605879a7', 'context': [<snowplow_tracker.self_describing_json.SelfDescribingJson object at 0x1335fa390>]}
[0m13:00:37.149179 [error] [Thread-2 (]: 2 of 3 ERROR creating sql table model github_pulse_analytics_dev_core.dim_date . [[31mERROR[0m in 0.75s]
[0m13:00:37.149788 [debug] [Thread-2 (]: Finished running node model.github_pulse.dim_date
[0m13:00:37.150263 [debug] [Thread-7 (]: Marking all children of 'model.github_pulse.dim_date' to be skipped because of status 'error'.  Reason: Database Error in model dim_date (models/marts/core/dim_date.sql)
  Syntax error: Unexpected ")" at [19:5]
  compiled code at target/run/github_pulse/models/marts/core/dim_date.sql.
[0m13:00:37.376246 [debug] [Thread-3 (]: BigQuery adapter: https://console.cloud.google.com/bigquery?project=github-pulse-jumpy&j=bq:US:822272c2-b8a9-4e01-8626-e38b171655f7&page=queryresults
[0m13:00:37.638334 [debug] [Thread-1 (]: BigQuery adapter: https://console.cloud.google.com/bigquery?project=github-pulse-jumpy&j=bq:US:a4085a0a-3825-456a-bc39-700ae55069c2&page=queryresults
[0m13:00:42.753748 [debug] [Thread-3 (]: SQL status: OK in 5.376 seconds
[0m13:00:43.012008 [debug] [Thread-3 (]: Sending event: {'category': 'dbt', 'action': 'run_model', 'label': '7f05ef45-2657-4cac-87ad-14e1605879a7', 'context': [<snowplow_tracker.self_describing_json.SelfDescribingJson object at 0x12eff7010>]}
[0m13:00:43.013015 [info ] [Thread-3 (]: 3 of 3 OK created sql table model github_pulse_analytics_dev_core.dim_repo ..... [[32mCREATE TABLE (289.5k rows, 22.6 MiB processed)[0m in 6.61s]
[0m13:00:43.013624 [debug] [Thread-3 (]: Finished running node model.github_pulse.dim_repo
[0m13:00:43.985314 [debug] [Thread-1 (]: SQL status: OK in 6.345 seconds
[0m13:00:44.320538 [debug] [Thread-1 (]: Sending event: {'category': 'dbt', 'action': 'run_model', 'label': '7f05ef45-2657-4cac-87ad-14e1605879a7', 'context': [<snowplow_tracker.self_describing_json.SelfDescribingJson object at 0x12eff6290>]}
[0m13:00:44.321592 [info ] [Thread-1 (]: 1 of 3 OK created sql table model github_pulse_analytics_dev_core.dim_actor .... [[32mCREATE TABLE (230.3k rows, 193.7 MiB processed)[0m in 7.92s]
[0m13:00:44.322353 [debug] [Thread-1 (]: Finished running node model.github_pulse.dim_actor
[0m13:00:44.323583 [debug] [MainThread]: Opening a new connection, currently in state closed
[0m13:00:44.410430 [debug] [MainThread]: Connection 'master' was properly closed.
[0m13:00:44.410708 [debug] [MainThread]: Connection 'model.github_pulse.dim_actor' was properly closed.
[0m13:00:44.410812 [debug] [MainThread]: Connection 'model.github_pulse.dim_date' was properly closed.
[0m13:00:44.410904 [debug] [MainThread]: Connection 'model.github_pulse.dim_repo' was properly closed.
[0m13:00:44.411048 [info ] [MainThread]: 
[0m13:00:44.411182 [info ] [MainThread]: Finished running 3 table models in 0 hours 0 minutes and 11.22 seconds (11.22s).
[0m13:00:44.411544 [debug] [MainThread]: Command end result
[0m13:00:44.426691 [debug] [MainThread]: Wrote artifact WritableManifest to /Users/perrikwong/Desktop/github_pulse/target/manifest.json
[0m13:00:44.427557 [debug] [MainThread]: Wrote artifact SemanticManifest to /Users/perrikwong/Desktop/github_pulse/target/semantic_manifest.json
[0m13:00:44.430059 [debug] [MainThread]: Wrote artifact RunExecutionResult to /Users/perrikwong/Desktop/github_pulse/target/run_results.json
[0m13:00:44.430184 [info ] [MainThread]: 
[0m13:00:44.430323 [info ] [MainThread]: [31mCompleted with 1 error, 0 partial successes, and 0 warnings:[0m
[0m13:00:44.430429 [info ] [MainThread]: 
[0m13:00:44.430563 [error] [MainThread]: [31mFailure in model dim_date (models/marts/core/dim_date.sql)[0m
[0m13:00:44.430686 [error] [MainThread]:   Database Error in model dim_date (models/marts/core/dim_date.sql)
  Syntax error: Unexpected ")" at [19:5]
  compiled code at target/run/github_pulse/models/marts/core/dim_date.sql
[0m13:00:44.430779 [info ] [MainThread]: 
[0m13:00:44.430888 [info ] [MainThread]:   compiled code at target/compiled/github_pulse/models/marts/core/dim_date.sql
[0m13:00:44.430979 [info ] [MainThread]: 
[0m13:00:44.431086 [info ] [MainThread]: Done. PASS=2 WARN=0 ERROR=1 SKIP=0 NO-OP=0 TOTAL=3
[0m13:00:44.431326 [debug] [MainThread]: Resource report: {"command_name": "run", "command_success": false, "command_wall_clock_time": 12.121955, "process_in_blocks": "0", "process_kernel_time": 0.277712, "process_mem_max_rss": "237895680", "process_out_blocks": "0", "process_user_time": 1.904435}
[0m13:00:44.431499 [debug] [MainThread]: Command `dbt run` failed at 13:00:44.431468 after 12.12 seconds
[0m13:00:44.431652 [debug] [MainThread]: Sending event: {'category': 'dbt', 'action': 'invocation', 'label': 'end', 'context': [<snowplow_tracker.self_describing_json.SelfDescribingJson object at 0x105752c90>, <snowplow_tracker.self_describing_json.SelfDescribingJson object at 0x105752c10>, <snowplow_tracker.self_describing_json.SelfDescribingJson object at 0x12f36e390>]}
[0m13:00:44.431773 [debug] [MainThread]: Flushing usage events
[0m13:00:44.926043 [debug] [MainThread]: An error was encountered while trying to flush usage events
[0m13:04:07.475506 [debug] [MainThread]: Sending event: {'category': 'dbt', 'action': 'invocation', 'label': 'start', 'context': [<snowplow_tracker.self_describing_json.SelfDescribingJson object at 0x10711acd0>, <snowplow_tracker.self_describing_json.SelfDescribingJson object at 0x1071196d0>, <snowplow_tracker.self_describing_json.SelfDescribingJson object at 0x107127b90>]}


============================== 13:04:07.478085 | a586a881-5bfd-4b79-a721-e85250923205 ==============================
[0m13:04:07.478085 [info ] [MainThread]: Running with dbt=1.11.11
[0m13:04:07.478345 [debug] [MainThread]: running dbt with arguments {'warn_error_options': 'WarnErrorOptionsV2(error=[], warn=[], silence=[])', 'warn_error': 'None', 'log_cache_events': 'False', 'write_json': 'True', 'log_format': 'default', 'send_anonymous_usage_stats': 'True', 'empty': 'False', 'indirect_selection': 'eager', 'printer_width': '80', 'no_print': 'None', 'target_path': 'None', 'profiles_dir': '/Users/perrikwong/.dbt', 'log_path': '/Users/perrikwong/Desktop/github_pulse/logs', 'quiet': 'False', 'cache_selected_only': 'False', 'partial_parse': 'True', 'use_colors': 'True', 'fail_fast': 'False', 'version_check': 'True', 'static_parser': 'True', 'invocation_command': 'dbt run --select dim_date', 'introspect': 'True', 'debug': 'False', 'use_experimental_parser': 'False'}
[0m13:04:08.080218 [debug] [MainThread]: Sending event: {'category': 'dbt', 'action': 'project_id', 'label': 'a586a881-5bfd-4b79-a721-e85250923205', 'context': [<snowplow_tracker.self_describing_json.SelfDescribingJson object at 0x1113e4590>]}
[0m13:04:08.101258 [debug] [MainThread]: Sending event: {'category': 'dbt', 'action': 'adapter_info', 'label': 'a586a881-5bfd-4b79-a721-e85250923205', 'context': [<snowplow_tracker.self_describing_json.SelfDescribingJson object at 0x104708d50>]}
[0m13:04:08.101500 [info ] [MainThread]: Registered adapter: bigquery=1.11.1
[0m13:04:08.169159 [debug] [MainThread]: checksum: 30a8cc8fdcbf66701b0944d4ccce3fa46dd04b61e5df68b9f16d57b2e0e3f0be, vars: {}, profile: , target: , version: 1.11.11
[0m13:04:08.251335 [debug] [MainThread]: Partial parsing enabled: 0 files deleted, 0 files added, 1 files changed.
[0m13:04:08.251674 [debug] [MainThread]: Partial parsing: updated file: github_pulse://models/marts/core/dim_date.sql
[0m13:04:08.401753 [warn ] [MainThread]: [[33mWARNING[0m]: Configuration paths exist in your dbt_project.yml file which do not apply to any resources.
There are 4 unused configuration paths:
- models.github_pulse.marts.engagement
- models.github_pulse.marts.lifecycle
- models.github_pulse.intermediate
- models.github_pulse.marts.pull_requests
[0m13:04:08.407023 [debug] [MainThread]: Sending event: {'category': 'dbt', 'action': 'load_project', 'label': 'a586a881-5bfd-4b79-a721-e85250923205', 'context': [<snowplow_tracker.self_describing_json.SelfDescribingJson object at 0x111a72090>]}
[0m13:04:08.491075 [debug] [MainThread]: Wrote artifact WritableManifest to /Users/perrikwong/Desktop/github_pulse/target/manifest.json
[0m13:04:08.493547 [debug] [MainThread]: Wrote artifact SemanticManifest to /Users/perrikwong/Desktop/github_pulse/target/semantic_manifest.json
[0m13:04:08.500116 [debug] [MainThread]: Sending event: {'category': 'dbt', 'action': 'resource_counts', 'label': 'a586a881-5bfd-4b79-a721-e85250923205', 'context': [<snowplow_tracker.self_describing_json.SelfDescribingJson object at 0x111670d50>]}
[0m13:04:08.500309 [info ] [MainThread]: Found 36 data tests, 7 models, 1 snapshot, 1 source, 549 macros
[0m13:04:08.500431 [debug] [MainThread]: Sending event: {'category': 'dbt', 'action': 'runnable_timing', 'label': 'a586a881-5bfd-4b79-a721-e85250923205', 'context': [<snowplow_tracker.self_describing_json.SelfDescribingJson object at 0x111bf4890>]}
[0m13:04:08.501119 [info ] [MainThread]: 
[0m13:04:08.501239 [info ] [MainThread]: Concurrency: 4 threads (target='dev')
[0m13:04:08.501331 [info ] [MainThread]: 
[0m13:04:08.501504 [debug] [MainThread]: Acquiring new bigquery connection 'master'
[0m13:04:08.501817 [debug] [ThreadPool]: Acquiring new bigquery connection 'list_github-pulse-jumpy'
[0m13:04:08.501950 [debug] [ThreadPool]: Opening a new connection, currently in state init
[0m13:04:09.102517 [debug] [ThreadPool]: Re-using an available connection from the pool (formerly list_github-pulse-jumpy, now list_github-pulse-jumpy_github_pulse_analytics_dev_staging)
[0m13:04:09.103369 [debug] [ThreadPool]: Acquiring new bigquery connection 'list_github-pulse-jumpy_snapshots'
[0m13:04:09.104062 [debug] [ThreadPool]: Acquiring new bigquery connection 'list_github-pulse-jumpy_github_pulse_analytics_dev_core'
[0m13:04:09.104431 [debug] [ThreadPool]: Opening a new connection, currently in state closed
[0m13:04:09.104863 [debug] [ThreadPool]: Opening a new connection, currently in state init
[0m13:04:09.105235 [debug] [ThreadPool]: Opening a new connection, currently in state init
[0m13:04:09.737161 [debug] [MainThread]: Sending event: {'category': 'dbt', 'action': 'runnable_timing', 'label': 'a586a881-5bfd-4b79-a721-e85250923205', 'context': [<snowplow_tracker.self_describing_json.SelfDescribingJson object at 0x10fa16d90>]}
[0m13:04:09.738153 [debug] [MainThread]: Opening a new connection, currently in state init
[0m13:04:09.818157 [debug] [Thread-1 (]: Began running node model.github_pulse.dim_date
[0m13:04:09.818456 [info ] [Thread-1 (]: 1 of 1 START sql table model github_pulse_analytics_dev_core.dim_date .......... [RUN]
[0m13:04:09.818665 [debug] [Thread-1 (]: Re-using an available connection from the pool (formerly list_github-pulse-jumpy_github_pulse_analytics_dev_staging, now model.github_pulse.dim_date)
[0m13:04:09.818799 [debug] [Thread-1 (]: Began compiling node model.github_pulse.dim_date
[0m13:04:09.821984 [debug] [Thread-1 (]: Writing injected SQL for node "model.github_pulse.dim_date"
[0m13:04:09.822264 [debug] [Thread-1 (]: Began executing node model.github_pulse.dim_date
[0m13:04:09.836423 [debug] [Thread-1 (]: Writing runtime sql for node "model.github_pulse.dim_date"
[0m13:04:09.836721 [debug] [Thread-1 (]: On model.github_pulse.dim_date: /* {"app": "dbt", "dbt_version": "1.11.11", "profile_name": "github_pulse", "target_name": "dev", "node_id": "model.github_pulse.dim_date"} */

  
    

    create or replace table `github-pulse-jumpy`.`github_pulse_analytics_dev_core`.`dim_date`
      
    
    

    
    OPTIONS()
    as (
      

with date_spine as (

    select
        date_add(date('2024-01-01'), interval cast(n as int64) day) as calendar_date
    from unnest(
        generate_array(0, date_diff(date('2027-12-31'), date('2024-01-01'), day))
    ) as n

),

final as (

    select
        cast(format_date('%Y%m%d', calendar_date) as int64)     as date_id,
        calendar_date,
        extract(year  from calendar_date)                        as year,
        extract(month from calendar_date)                        as month,
        extract(day   from calendar_date)                        as day,
        extract(week  from calendar_date)                        as week_of_year,
        extract(dayofweek from calendar_date)                    as day_of_week,
        format_date('%B', calendar_date)                         as month_name,
        format_date('%A', calendar_date)                         as day_name,
        format_date('%Y-%m', calendar_date)                      as year_month,
        format_date('%Y-W%W', calendar_date)                     as year_week,
        extract(dayofweek from calendar_date) in (1, 7)          as is_weekend,
        extract(dayofweek from calendar_date) not in (1, 7)      as is_weekday,
        extract(quarter from calendar_date)                      as quarter,
        concat('Q', cast(extract(quarter from calendar_date) as string)) as quarter_label
    from date_spine

)

select * from final
    );
  
[0m13:04:09.836911 [debug] [Thread-1 (]: Opening a new connection, currently in state closed
[0m13:04:10.648811 [debug] [Thread-1 (]: BigQuery adapter: https://console.cloud.google.com/bigquery?project=github-pulse-jumpy&j=bq:US:d4d36e45-1152-4f16-8a2d-daff17596edd&page=queryresults
[0m13:04:12.573771 [debug] [Thread-1 (]: SQL status: OK in 1.924 seconds
[0m13:04:13.038580 [debug] [Thread-1 (]: Sending event: {'category': 'dbt', 'action': 'run_model', 'label': 'a586a881-5bfd-4b79-a721-e85250923205', 'context': [<snowplow_tracker.self_describing_json.SelfDescribingJson object at 0x111c80250>]}
[0m13:04:13.039233 [info ] [Thread-1 (]: 1 of 1 OK created sql table model github_pulse_analytics_dev_core.dim_date ..... [[32mCREATE TABLE (1.5k rows, 0 processed)[0m in 3.22s]
[0m13:04:13.039666 [debug] [Thread-1 (]: Finished running node model.github_pulse.dim_date
[0m13:04:13.040607 [debug] [MainThread]: Opening a new connection, currently in state closed
[0m13:04:13.104625 [debug] [MainThread]: Connection 'master' was properly closed.
[0m13:04:13.104730 [debug] [MainThread]: Connection 'model.github_pulse.dim_date' was properly closed.
[0m13:04:13.104816 [debug] [MainThread]: Connection 'list_github-pulse-jumpy_snapshots' was properly closed.
[0m13:04:13.104903 [debug] [MainThread]: Connection 'list_github-pulse-jumpy_github_pulse_analytics_dev_core' was properly closed.
[0m13:04:13.105009 [info ] [MainThread]: 
[0m13:04:13.105122 [info ] [MainThread]: Finished running 1 table model in 0 hours 0 minutes and 4.60 seconds (4.60s).
[0m13:04:13.105357 [debug] [MainThread]: Command end result
[0m13:04:13.120423 [debug] [MainThread]: Wrote artifact WritableManifest to /Users/perrikwong/Desktop/github_pulse/target/manifest.json
[0m13:04:13.121096 [debug] [MainThread]: Wrote artifact SemanticManifest to /Users/perrikwong/Desktop/github_pulse/target/semantic_manifest.json
[0m13:04:13.123608 [debug] [MainThread]: Wrote artifact RunExecutionResult to /Users/perrikwong/Desktop/github_pulse/target/run_results.json
[0m13:04:13.123711 [info ] [MainThread]: 
[0m13:04:13.123852 [info ] [MainThread]: [32mCompleted successfully[0m
[0m13:04:13.123951 [info ] [MainThread]: 
[0m13:04:13.124066 [info ] [MainThread]: Done. PASS=1 WARN=0 ERROR=0 SKIP=0 NO-OP=0 TOTAL=1
[0m13:04:13.124296 [debug] [MainThread]: Resource report: {"command_name": "run", "command_success": true, "command_wall_clock_time": 5.6811748, "process_in_blocks": "0", "process_kernel_time": 0.248438, "process_mem_max_rss": "240615424", "process_out_blocks": "0", "process_user_time": 1.718578}
[0m13:04:13.124443 [debug] [MainThread]: Command `dbt run` succeeded at 13:04:13.124415 after 5.68 seconds
[0m13:04:13.124568 [debug] [MainThread]: Sending event: {'category': 'dbt', 'action': 'invocation', 'label': 'end', 'context': [<snowplow_tracker.self_describing_json.SelfDescribingJson object at 0x10711b150>, <snowplow_tracker.self_describing_json.SelfDescribingJson object at 0x10375f0d0>, <snowplow_tracker.self_describing_json.SelfDescribingJson object at 0x107042ed0>]}
[0m13:04:13.124685 [debug] [MainThread]: Flushing usage events
[0m13:04:13.513273 [debug] [MainThread]: An error was encountered while trying to flush usage events
[0m13:04:28.222892 [debug] [MainThread]: Sending event: {'category': 'dbt', 'action': 'invocation', 'label': 'start', 'context': [<snowplow_tracker.self_describing_json.SelfDescribingJson object at 0x106e5a210>, <snowplow_tracker.self_describing_json.SelfDescribingJson object at 0x107497510>, <snowplow_tracker.self_describing_json.SelfDescribingJson object at 0x107497d90>]}


============================== 13:04:28.224383 | c6e19d56-5ef4-4e4b-94e5-d3a9085c1fb8 ==============================
[0m13:04:28.224383 [info ] [MainThread]: Running with dbt=1.11.11
[0m13:04:28.224617 [debug] [MainThread]: running dbt with arguments {'no_print': 'None', 'static_parser': 'True', 'log_path': '/Users/perrikwong/Desktop/github_pulse/logs', 'cache_selected_only': 'False', 'log_format': 'default', 'version_check': 'True', 'log_cache_events': 'False', 'warn_error': 'None', 'invocation_command': 'dbt test --select marts.core', 'fail_fast': 'False', 'warn_error_options': 'WarnErrorOptionsV2(error=[], warn=[], silence=[])', 'indirect_selection': 'eager', 'send_anonymous_usage_stats': 'True', 'profiles_dir': '/Users/perrikwong/.dbt', 'target_path': 'None', 'partial_parse': 'True', 'quiet': 'False', 'empty': 'None', 'printer_width': '80', 'debug': 'False', 'introspect': 'True', 'use_colors': 'True', 'write_json': 'True', 'use_experimental_parser': 'False'}
[0m13:04:28.572100 [debug] [MainThread]: Sending event: {'category': 'dbt', 'action': 'project_id', 'label': 'c6e19d56-5ef4-4e4b-94e5-d3a9085c1fb8', 'context': [<snowplow_tracker.self_describing_json.SelfDescribingJson object at 0x1117bffd0>]}
[0m13:04:28.593184 [debug] [MainThread]: Sending event: {'category': 'dbt', 'action': 'adapter_info', 'label': 'c6e19d56-5ef4-4e4b-94e5-d3a9085c1fb8', 'context': [<snowplow_tracker.self_describing_json.SelfDescribingJson object at 0x104a22b50>]}
[0m13:04:28.593424 [info ] [MainThread]: Registered adapter: bigquery=1.11.1
[0m13:04:28.656828 [debug] [MainThread]: checksum: 30a8cc8fdcbf66701b0944d4ccce3fa46dd04b61e5df68b9f16d57b2e0e3f0be, vars: {}, profile: , target: , version: 1.11.11
[0m13:04:28.714841 [debug] [MainThread]: Partial parsing enabled: 0 files deleted, 0 files added, 0 files changed.
[0m13:04:28.715024 [debug] [MainThread]: Nothing changed, skipping partial parsing.
[0m13:04:28.715125 [debug] [MainThread]: Partial parsing enabled, no changes found, skipping parsing
[0m13:04:28.717506 [warn ] [MainThread]: [[33mWARNING[0m]: Configuration paths exist in your dbt_project.yml file which do not apply to any resources.
There are 4 unused configuration paths:
- models.github_pulse.marts.lifecycle
- models.github_pulse.marts.engagement
- models.github_pulse.marts.pull_requests
- models.github_pulse.intermediate
[0m13:04:28.738402 [debug] [MainThread]: Sending event: {'category': 'dbt', 'action': 'load_project', 'label': 'c6e19d56-5ef4-4e4b-94e5-d3a9085c1fb8', 'context': [<snowplow_tracker.self_describing_json.SelfDescribingJson object at 0x111a5ded0>]}
[0m13:04:28.782708 [debug] [MainThread]: Wrote artifact WritableManifest to /Users/perrikwong/Desktop/github_pulse/target/manifest.json
[0m13:04:28.783596 [debug] [MainThread]: Wrote artifact SemanticManifest to /Users/perrikwong/Desktop/github_pulse/target/semantic_manifest.json
[0m13:04:28.793172 [debug] [MainThread]: Sending event: {'category': 'dbt', 'action': 'resource_counts', 'label': 'c6e19d56-5ef4-4e4b-94e5-d3a9085c1fb8', 'context': [<snowplow_tracker.self_describing_json.SelfDescribingJson object at 0x111effad0>]}
[0m13:04:28.793356 [info ] [MainThread]: Found 36 data tests, 7 models, 1 snapshot, 1 source, 549 macros
[0m13:04:28.793478 [debug] [MainThread]: Sending event: {'category': 'dbt', 'action': 'runnable_timing', 'label': 'c6e19d56-5ef4-4e4b-94e5-d3a9085c1fb8', 'context': [<snowplow_tracker.self_describing_json.SelfDescribingJson object at 0x111bf8d50>]}
[0m13:04:28.794356 [info ] [MainThread]: 
[0m13:04:28.794474 [info ] [MainThread]: Concurrency: 4 threads (target='dev')
[0m13:04:28.794567 [info ] [MainThread]: 
[0m13:04:28.794748 [debug] [MainThread]: Acquiring new bigquery connection 'master'
[0m13:04:28.796345 [debug] [ThreadPool]: Acquiring new bigquery connection 'list_github-pulse-jumpy_github_pulse_analytics_dev_core'
[0m13:04:28.796503 [debug] [ThreadPool]: Opening a new connection, currently in state init
[0m13:04:28.796647 [debug] [ThreadPool]: Acquiring new bigquery connection 'list_github-pulse-jumpy_github_pulse_analytics_dev_staging'
[0m13:04:28.796927 [debug] [ThreadPool]: Acquiring new bigquery connection 'list_github-pulse-jumpy_snapshots'
[0m13:04:28.849051 [debug] [ThreadPool]: Opening a new connection, currently in state init
[0m13:04:28.849907 [debug] [ThreadPool]: Opening a new connection, currently in state init
[0m13:04:29.454205 [debug] [MainThread]: Sending event: {'category': 'dbt', 'action': 'runnable_timing', 'label': 'c6e19d56-5ef4-4e4b-94e5-d3a9085c1fb8', 'context': [<snowplow_tracker.self_describing_json.SelfDescribingJson object at 0x1073c6f50>]}
[0m13:04:29.455242 [debug] [MainThread]: Opening a new connection, currently in state init
[0m13:04:29.535267 [debug] [Thread-1 (]: Began running node test.github_pulse.not_null_dim_actor_actor_id.cf5f0e2f0d
[0m13:04:29.535471 [debug] [Thread-2 (]: Began running node test.github_pulse.not_null_dim_actor_actor_login.3c29d5d4bb
[0m13:04:29.535628 [debug] [Thread-3 (]: Began running node test.github_pulse.not_null_dim_date_calendar_date.98c13acc7a
[0m13:04:29.535742 [debug] [Thread-4 (]: Began running node test.github_pulse.not_null_dim_date_date_id.3077875806
[0m13:04:29.535864 [info ] [Thread-1 (]: 1 of 11 START test not_null_dim_actor_actor_id ................................. [RUN]
[0m13:04:29.536015 [info ] [Thread-2 (]: 2 of 11 START test not_null_dim_actor_actor_login .............................. [RUN]
[0m13:04:29.536155 [info ] [Thread-3 (]: 3 of 11 START test not_null_dim_date_calendar_date ............................. [RUN]
[0m13:04:29.536295 [info ] [Thread-4 (]: 4 of 11 START test not_null_dim_date_date_id ................................... [RUN]
[0m13:04:29.536463 [debug] [Thread-1 (]: Re-using an available connection from the pool (formerly list_github-pulse-jumpy_github_pulse_analytics_dev_core, now test.github_pulse.not_null_dim_actor_actor_id.cf5f0e2f0d)
[0m13:04:29.536593 [debug] [Thread-2 (]: Re-using an available connection from the pool (formerly list_github-pulse-jumpy_github_pulse_analytics_dev_staging, now test.github_pulse.not_null_dim_actor_actor_login.3c29d5d4bb)
[0m13:04:29.536806 [debug] [Thread-3 (]: Re-using an available connection from the pool (formerly list_github-pulse-jumpy_snapshots, now test.github_pulse.not_null_dim_date_calendar_date.98c13acc7a)
[0m13:04:29.536965 [debug] [Thread-4 (]: Acquiring new bigquery connection 'test.github_pulse.not_null_dim_date_date_id.3077875806'
[0m13:04:29.537079 [debug] [Thread-1 (]: Began compiling node test.github_pulse.not_null_dim_actor_actor_id.cf5f0e2f0d
[0m13:04:29.537185 [debug] [Thread-2 (]: Began compiling node test.github_pulse.not_null_dim_actor_actor_login.3c29d5d4bb
[0m13:04:29.537290 [debug] [Thread-3 (]: Began compiling node test.github_pulse.not_null_dim_date_calendar_date.98c13acc7a
[0m13:04:29.537399 [debug] [Thread-4 (]: Began compiling node test.github_pulse.not_null_dim_date_date_id.3077875806
[0m13:04:29.544305 [debug] [Thread-1 (]: Writing injected SQL for node "test.github_pulse.not_null_dim_actor_actor_id.cf5f0e2f0d"
[0m13:04:29.545698 [debug] [Thread-2 (]: Writing injected SQL for node "test.github_pulse.not_null_dim_actor_actor_login.3c29d5d4bb"
[0m13:04:29.547003 [debug] [Thread-3 (]: Writing injected SQL for node "test.github_pulse.not_null_dim_date_calendar_date.98c13acc7a"
[0m13:04:29.548279 [debug] [Thread-4 (]: Writing injected SQL for node "test.github_pulse.not_null_dim_date_date_id.3077875806"
[0m13:04:29.548683 [debug] [Thread-2 (]: Began executing node test.github_pulse.not_null_dim_actor_actor_login.3c29d5d4bb
[0m13:04:29.548834 [debug] [Thread-3 (]: Began executing node test.github_pulse.not_null_dim_date_calendar_date.98c13acc7a
[0m13:04:29.548971 [debug] [Thread-1 (]: Began executing node test.github_pulse.not_null_dim_actor_actor_id.cf5f0e2f0d
[0m13:04:29.557257 [debug] [Thread-2 (]: Writing runtime sql for node "test.github_pulse.not_null_dim_actor_actor_login.3c29d5d4bb"
[0m13:04:29.557391 [debug] [Thread-4 (]: Began executing node test.github_pulse.not_null_dim_date_date_id.3077875806
[0m13:04:29.558306 [debug] [Thread-3 (]: Writing runtime sql for node "test.github_pulse.not_null_dim_date_calendar_date.98c13acc7a"
[0m13:04:29.559124 [debug] [Thread-1 (]: Writing runtime sql for node "test.github_pulse.not_null_dim_actor_actor_id.cf5f0e2f0d"
[0m13:04:29.560029 [debug] [Thread-4 (]: Writing runtime sql for node "test.github_pulse.not_null_dim_date_date_id.3077875806"
[0m13:04:29.560326 [debug] [Thread-2 (]: On test.github_pulse.not_null_dim_actor_actor_login.3c29d5d4bb: /* {"app": "dbt", "dbt_version": "1.11.11", "profile_name": "github_pulse", "target_name": "dev", "node_id": "test.github_pulse.not_null_dim_actor_actor_login.3c29d5d4bb"} */

    
    select
      count(*) as failures,
      count(*) != 0 as should_warn,
      count(*) != 0 as should_error
    from (
      
    
  
    
    



select actor_login
from `github-pulse-jumpy`.`github_pulse_analytics_dev_core`.`dim_actor`
where actor_login is null



  
  
      
    ) dbt_internal_test
[0m13:04:29.560537 [debug] [Thread-3 (]: On test.github_pulse.not_null_dim_date_calendar_date.98c13acc7a: /* {"app": "dbt", "dbt_version": "1.11.11", "profile_name": "github_pulse", "target_name": "dev", "node_id": "test.github_pulse.not_null_dim_date_calendar_date.98c13acc7a"} */

    
    select
      count(*) as failures,
      count(*) != 0 as should_warn,
      count(*) != 0 as should_error
    from (
      
    
  
    
    



select calendar_date
from `github-pulse-jumpy`.`github_pulse_analytics_dev_core`.`dim_date`
where calendar_date is null



  
  
      
    ) dbt_internal_test
[0m13:04:29.560698 [debug] [Thread-2 (]: Opening a new connection, currently in state closed
[0m13:04:29.560847 [debug] [Thread-1 (]: On test.github_pulse.not_null_dim_actor_actor_id.cf5f0e2f0d: /* {"app": "dbt", "dbt_version": "1.11.11", "profile_name": "github_pulse", "target_name": "dev", "node_id": "test.github_pulse.not_null_dim_actor_actor_id.cf5f0e2f0d"} */

    
    select
      count(*) as failures,
      count(*) != 0 as should_warn,
      count(*) != 0 as should_error
    from (
      
    
  
    
    



select actor_id
from `github-pulse-jumpy`.`github_pulse_analytics_dev_core`.`dim_actor`
where actor_id is null



  
  
      
    ) dbt_internal_test
[0m13:04:29.560998 [debug] [Thread-3 (]: Opening a new connection, currently in state closed
[0m13:04:29.561147 [debug] [Thread-4 (]: On test.github_pulse.not_null_dim_date_date_id.3077875806: /* {"app": "dbt", "dbt_version": "1.11.11", "profile_name": "github_pulse", "target_name": "dev", "node_id": "test.github_pulse.not_null_dim_date_date_id.3077875806"} */

    
    select
      count(*) as failures,
      count(*) != 0 as should_warn,
      count(*) != 0 as should_error
    from (
      
    
  
    
    



select date_id
from `github-pulse-jumpy`.`github_pulse_analytics_dev_core`.`dim_date`
where date_id is null



  
  
      
    ) dbt_internal_test
[0m13:04:29.561326 [debug] [Thread-1 (]: Opening a new connection, currently in state closed
[0m13:04:29.661001 [debug] [Thread-4 (]: Opening a new connection, currently in state init
[0m13:04:30.598675 [debug] [Thread-4 (]: BigQuery adapter: https://console.cloud.google.com/bigquery?project=github-pulse-jumpy&j=bq:US:32416999-b96f-4033-9528-d84a5e4d63bd&page=queryresults
[0m13:04:30.599919 [debug] [Thread-3 (]: BigQuery adapter: https://console.cloud.google.com/bigquery?project=github-pulse-jumpy&j=bq:US:eef575f0-22c2-4e32-833c-60a06c64abd6&page=queryresults
[0m13:04:30.642786 [debug] [Thread-2 (]: BigQuery adapter: https://console.cloud.google.com/bigquery?project=github-pulse-jumpy&j=bq:US:9d29d363-5f21-488d-8c5b-e713292b5abe&page=queryresults
[0m13:04:30.691756 [debug] [Thread-1 (]: BigQuery adapter: https://console.cloud.google.com/bigquery?project=github-pulse-jumpy&j=bq:US:81a20145-604b-4c6c-a819-1fe33745f486&page=queryresults
[0m13:04:30.905216 [debug] [Thread-4 (]: SQL status: OK in 0.304 seconds
[0m13:04:30.906251 [debug] [Thread-3 (]: SQL status: OK in 0.304 seconds
[0m13:04:30.920178 [debug] [Thread-1 (]: SQL status: OK in 0.228 seconds
[0m13:04:30.986475 [debug] [Thread-2 (]: SQL status: OK in 0.343 seconds
[0m13:04:31.427095 [info ] [Thread-4 (]: 4 of 11 PASS not_null_dim_date_date_id ......................................... [[32mPASS[0m in 1.89s]
[0m13:04:31.428152 [debug] [Thread-4 (]: Finished running node test.github_pulse.not_null_dim_date_date_id.3077875806
[0m13:04:31.428721 [debug] [Thread-4 (]: Began running node test.github_pulse.not_null_dim_repo_is_current.56a592eb97
[0m13:04:31.429336 [info ] [Thread-4 (]: 5 of 11 START test not_null_dim_repo_is_current ................................ [RUN]
[0m13:04:31.429951 [debug] [Thread-4 (]: Re-using an available connection from the pool (formerly test.github_pulse.not_null_dim_date_date_id.3077875806, now test.github_pulse.not_null_dim_repo_is_current.56a592eb97)
[0m13:04:31.430435 [debug] [Thread-4 (]: Began compiling node test.github_pulse.not_null_dim_repo_is_current.56a592eb97
[0m13:04:31.436026 [debug] [Thread-4 (]: Writing injected SQL for node "test.github_pulse.not_null_dim_repo_is_current.56a592eb97"
[0m13:04:31.436856 [debug] [Thread-4 (]: Began executing node test.github_pulse.not_null_dim_repo_is_current.56a592eb97
[0m13:04:31.439088 [debug] [Thread-4 (]: Writing runtime sql for node "test.github_pulse.not_null_dim_repo_is_current.56a592eb97"
[0m13:04:31.442048 [debug] [Thread-4 (]: On test.github_pulse.not_null_dim_repo_is_current.56a592eb97: /* {"app": "dbt", "dbt_version": "1.11.11", "profile_name": "github_pulse", "target_name": "dev", "node_id": "test.github_pulse.not_null_dim_repo_is_current.56a592eb97"} */

    
    select
      count(*) as failures,
      count(*) != 0 as should_warn,
      count(*) != 0 as should_error
    from (
      
    
  
    
    



select is_current
from `github-pulse-jumpy`.`github_pulse_analytics_dev_core`.`dim_repo`
where is_current is null



  
  
      
    ) dbt_internal_test
[0m13:04:31.441752 [info ] [Thread-1 (]: 1 of 11 PASS not_null_dim_actor_actor_id ....................................... [[32mPASS[0m in 1.91s]
[0m13:04:31.442476 [debug] [Thread-4 (]: Opening a new connection, currently in state closed
[0m13:04:31.442820 [debug] [Thread-1 (]: Finished running node test.github_pulse.not_null_dim_actor_actor_id.cf5f0e2f0d
[0m13:04:31.443148 [debug] [Thread-1 (]: Began running node test.github_pulse.not_null_dim_repo_repo_id.5882758698
[0m13:04:31.508596 [info ] [Thread-1 (]: 6 of 11 START test not_null_dim_repo_repo_id ................................... [RUN]
[0m13:04:31.509769 [debug] [Thread-1 (]: Re-using an available connection from the pool (formerly test.github_pulse.not_null_dim_actor_actor_id.cf5f0e2f0d, now test.github_pulse.not_null_dim_repo_repo_id.5882758698)
[0m13:04:31.510220 [debug] [Thread-1 (]: Began compiling node test.github_pulse.not_null_dim_repo_repo_id.5882758698
[0m13:04:31.511044 [info ] [Thread-2 (]: 2 of 11 PASS not_null_dim_actor_actor_login .................................... [[32mPASS[0m in 1.97s]
[0m13:04:31.511547 [info ] [Thread-3 (]: 3 of 11 PASS not_null_dim_date_calendar_date ................................... [[32mPASS[0m in 1.97s]
[0m13:04:31.513297 [debug] [Thread-1 (]: Writing injected SQL for node "test.github_pulse.not_null_dim_repo_repo_id.5882758698"
[0m13:04:31.513702 [debug] [Thread-2 (]: Finished running node test.github_pulse.not_null_dim_actor_actor_login.3c29d5d4bb
[0m13:04:31.513927 [debug] [Thread-3 (]: Finished running node test.github_pulse.not_null_dim_date_calendar_date.98c13acc7a
[0m13:04:31.514230 [debug] [Thread-2 (]: Began running node test.github_pulse.not_null_dim_repo_repo_sk.ab4723b007
[0m13:04:31.514423 [debug] [Thread-3 (]: Began running node test.github_pulse.unique_dim_actor_actor_id.dd3f6b93f4
[0m13:04:31.514606 [info ] [Thread-2 (]: 7 of 11 START test not_null_dim_repo_repo_sk ................................... [RUN]
[0m13:04:31.514770 [info ] [Thread-3 (]: 8 of 11 START test unique_dim_actor_actor_id ................................... [RUN]
[0m13:04:31.514904 [debug] [Thread-1 (]: Began executing node test.github_pulse.not_null_dim_repo_repo_id.5882758698
[0m13:04:31.515052 [debug] [Thread-2 (]: Re-using an available connection from the pool (formerly test.github_pulse.not_null_dim_actor_actor_login.3c29d5d4bb, now test.github_pulse.not_null_dim_repo_repo_sk.ab4723b007)
[0m13:04:31.515184 [debug] [Thread-3 (]: Re-using an available connection from the pool (formerly test.github_pulse.not_null_dim_date_calendar_date.98c13acc7a, now test.github_pulse.unique_dim_actor_actor_id.dd3f6b93f4)
[0m13:04:31.516585 [debug] [Thread-1 (]: Writing runtime sql for node "test.github_pulse.not_null_dim_repo_repo_id.5882758698"
[0m13:04:31.516736 [debug] [Thread-2 (]: Began compiling node test.github_pulse.not_null_dim_repo_repo_sk.ab4723b007
[0m13:04:31.516870 [debug] [Thread-3 (]: Began compiling node test.github_pulse.unique_dim_actor_actor_id.dd3f6b93f4
[0m13:04:31.518303 [debug] [Thread-2 (]: Writing injected SQL for node "test.github_pulse.not_null_dim_repo_repo_sk.ab4723b007"
[0m13:04:31.520435 [debug] [Thread-3 (]: Writing injected SQL for node "test.github_pulse.unique_dim_actor_actor_id.dd3f6b93f4"
[0m13:04:31.520641 [debug] [Thread-1 (]: On test.github_pulse.not_null_dim_repo_repo_id.5882758698: /* {"app": "dbt", "dbt_version": "1.11.11", "profile_name": "github_pulse", "target_name": "dev", "node_id": "test.github_pulse.not_null_dim_repo_repo_id.5882758698"} */

    
    select
      count(*) as failures,
      count(*) != 0 as should_warn,
      count(*) != 0 as should_error
    from (
      
    
  
    
    



select repo_id
from `github-pulse-jumpy`.`github_pulse_analytics_dev_core`.`dim_repo`
where repo_id is null



  
  
      
    ) dbt_internal_test
[0m13:04:31.520846 [debug] [Thread-1 (]: Opening a new connection, currently in state closed
[0m13:04:31.520966 [debug] [Thread-2 (]: Began executing node test.github_pulse.not_null_dim_repo_repo_sk.ab4723b007
[0m13:04:31.521105 [debug] [Thread-3 (]: Began executing node test.github_pulse.unique_dim_actor_actor_id.dd3f6b93f4
[0m13:04:31.570836 [debug] [Thread-2 (]: Writing runtime sql for node "test.github_pulse.not_null_dim_repo_repo_sk.ab4723b007"
[0m13:04:31.571974 [debug] [Thread-3 (]: Writing runtime sql for node "test.github_pulse.unique_dim_actor_actor_id.dd3f6b93f4"
[0m13:04:31.572302 [debug] [Thread-2 (]: On test.github_pulse.not_null_dim_repo_repo_sk.ab4723b007: /* {"app": "dbt", "dbt_version": "1.11.11", "profile_name": "github_pulse", "target_name": "dev", "node_id": "test.github_pulse.not_null_dim_repo_repo_sk.ab4723b007"} */

    
    select
      count(*) as failures,
      count(*) != 0 as should_warn,
      count(*) != 0 as should_error
    from (
      
    
  
    
    



select repo_sk
from `github-pulse-jumpy`.`github_pulse_analytics_dev_core`.`dim_repo`
where repo_sk is null



  
  
      
    ) dbt_internal_test
[0m13:04:31.572455 [debug] [Thread-2 (]: Opening a new connection, currently in state closed
[0m13:04:31.572643 [debug] [Thread-3 (]: On test.github_pulse.unique_dim_actor_actor_id.dd3f6b93f4: /* {"app": "dbt", "dbt_version": "1.11.11", "profile_name": "github_pulse", "target_name": "dev", "node_id": "test.github_pulse.unique_dim_actor_actor_id.dd3f6b93f4"} */

    
    select
      count(*) as failures,
      count(*) != 0 as should_warn,
      count(*) != 0 as should_error
    from (
      
    
  
    
    

with dbt_test__target as (

  select actor_id as unique_field
  from `github-pulse-jumpy`.`github_pulse_analytics_dev_core`.`dim_actor`
  where actor_id is not null

)

select
    unique_field,
    count(*) as n_records

from dbt_test__target
group by unique_field
having count(*) > 1



  
  
      
    ) dbt_internal_test
[0m13:04:31.622620 [debug] [Thread-3 (]: Opening a new connection, currently in state closed
[0m13:04:32.339402 [debug] [Thread-4 (]: BigQuery adapter: https://console.cloud.google.com/bigquery?project=github-pulse-jumpy&j=bq:US:13db339b-2fe7-45e6-ad5a-3b58e07c2933&page=queryresults
[0m13:04:32.394230 [debug] [Thread-1 (]: BigQuery adapter: https://console.cloud.google.com/bigquery?project=github-pulse-jumpy&j=bq:US:ed1f02af-a9f4-4e06-9241-2621aad206b5&page=queryresults
[0m13:04:32.402125 [debug] [Thread-2 (]: BigQuery adapter: https://console.cloud.google.com/bigquery?project=github-pulse-jumpy&j=bq:US:8cb56241-9ea2-4a48-b59a-d802f334626f&page=queryresults
[0m13:04:32.411210 [debug] [Thread-3 (]: BigQuery adapter: https://console.cloud.google.com/bigquery?project=github-pulse-jumpy&j=bq:US:24ebd03a-a7be-4f09-84f3-f308d3c94c8d&page=queryresults
[0m13:04:32.560492 [debug] [Thread-4 (]: SQL status: OK in 0.219 seconds
[0m13:04:32.596115 [debug] [Thread-1 (]: SQL status: OK in 0.201 seconds
[0m13:04:32.643732 [debug] [Thread-2 (]: SQL status: OK in 0.241 seconds
[0m13:04:32.644618 [debug] [Thread-3 (]: SQL status: OK in 0.233 seconds
[0m13:04:33.043563 [info ] [Thread-1 (]: 6 of 11 PASS not_null_dim_repo_repo_id ......................................... [[32mPASS[0m in 1.53s]
[0m13:04:33.044726 [debug] [Thread-1 (]: Finished running node test.github_pulse.not_null_dim_repo_repo_id.5882758698
[0m13:04:33.045314 [debug] [Thread-1 (]: Began running node test.github_pulse.unique_dim_date_calendar_date.abd0942d2a
[0m13:04:33.047169 [info ] [Thread-1 (]: 9 of 11 START test unique_dim_date_calendar_date ............................... [RUN]
[0m13:04:33.049902 [info ] [Thread-3 (]: 8 of 11 PASS unique_dim_actor_actor_id ......................................... [[32mPASS[0m in 1.53s]
[0m13:04:33.050450 [debug] [Thread-1 (]: Re-using an available connection from the pool (formerly test.github_pulse.not_null_dim_repo_repo_id.5882758698, now test.github_pulse.unique_dim_date_calendar_date.abd0942d2a)
[0m13:04:33.051034 [debug] [Thread-3 (]: Finished running node test.github_pulse.unique_dim_actor_actor_id.dd3f6b93f4
[0m13:04:33.051419 [debug] [Thread-1 (]: Began compiling node test.github_pulse.unique_dim_date_calendar_date.abd0942d2a
[0m13:04:33.051827 [debug] [Thread-3 (]: Began running node test.github_pulse.unique_dim_date_date_id.7286dcb90d
[0m13:04:33.057387 [debug] [Thread-1 (]: Writing injected SQL for node "test.github_pulse.unique_dim_date_calendar_date.abd0942d2a"
[0m13:04:33.057694 [info ] [Thread-3 (]: 10 of 11 START test unique_dim_date_date_id .................................... [RUN]
[0m13:04:33.058084 [debug] [Thread-3 (]: Re-using an available connection from the pool (formerly test.github_pulse.unique_dim_actor_actor_id.dd3f6b93f4, now test.github_pulse.unique_dim_date_date_id.7286dcb90d)
[0m13:04:33.058304 [debug] [Thread-3 (]: Began compiling node test.github_pulse.unique_dim_date_date_id.7286dcb90d
[0m13:04:33.061700 [debug] [Thread-3 (]: Writing injected SQL for node "test.github_pulse.unique_dim_date_date_id.7286dcb90d"
[0m13:04:33.061953 [debug] [Thread-1 (]: Began executing node test.github_pulse.unique_dim_date_calendar_date.abd0942d2a
[0m13:04:33.063346 [debug] [Thread-1 (]: Writing runtime sql for node "test.github_pulse.unique_dim_date_calendar_date.abd0942d2a"
[0m13:04:33.063631 [debug] [Thread-3 (]: Began executing node test.github_pulse.unique_dim_date_date_id.7286dcb90d
[0m13:04:33.064777 [debug] [Thread-3 (]: Writing runtime sql for node "test.github_pulse.unique_dim_date_date_id.7286dcb90d"
[0m13:04:33.065042 [debug] [Thread-1 (]: On test.github_pulse.unique_dim_date_calendar_date.abd0942d2a: /* {"app": "dbt", "dbt_version": "1.11.11", "profile_name": "github_pulse", "target_name": "dev", "node_id": "test.github_pulse.unique_dim_date_calendar_date.abd0942d2a"} */

    
    select
      count(*) as failures,
      count(*) != 0 as should_warn,
      count(*) != 0 as should_error
    from (
      
    
  
    
    

with dbt_test__target as (

  select calendar_date as unique_field
  from `github-pulse-jumpy`.`github_pulse_analytics_dev_core`.`dim_date`
  where calendar_date is not null

)

select
    unique_field,
    count(*) as n_records

from dbt_test__target
group by unique_field
having count(*) > 1



  
  
      
    ) dbt_internal_test
[0m13:04:33.065276 [debug] [Thread-1 (]: Opening a new connection, currently in state closed
[0m13:04:33.065437 [debug] [Thread-3 (]: On test.github_pulse.unique_dim_date_date_id.7286dcb90d: /* {"app": "dbt", "dbt_version": "1.11.11", "profile_name": "github_pulse", "target_name": "dev", "node_id": "test.github_pulse.unique_dim_date_date_id.7286dcb90d"} */

    
    select
      count(*) as failures,
      count(*) != 0 as should_warn,
      count(*) != 0 as should_error
    from (
      
    
  
    
    

with dbt_test__target as (

  select date_id as unique_field
  from `github-pulse-jumpy`.`github_pulse_analytics_dev_core`.`dim_date`
  where date_id is not null

)

select
    unique_field,
    count(*) as n_records

from dbt_test__target
group by unique_field
having count(*) > 1



  
  
      
    ) dbt_internal_test
[0m13:04:33.065669 [debug] [Thread-3 (]: Opening a new connection, currently in state closed
[0m13:04:33.183505 [info ] [Thread-2 (]: 7 of 11 PASS not_null_dim_repo_repo_sk ......................................... [[32mPASS[0m in 1.67s]
[0m13:04:33.184007 [debug] [Thread-2 (]: Finished running node test.github_pulse.not_null_dim_repo_repo_sk.ab4723b007
[0m13:04:33.184262 [debug] [Thread-2 (]: Began running node test.github_pulse.unique_dim_repo_repo_sk.b6de0dc7ba
[0m13:04:33.184464 [info ] [Thread-2 (]: 11 of 11 START test unique_dim_repo_repo_sk .................................... [RUN]
[0m13:04:33.184623 [debug] [Thread-2 (]: Re-using an available connection from the pool (formerly test.github_pulse.not_null_dim_repo_repo_sk.ab4723b007, now test.github_pulse.unique_dim_repo_repo_sk.b6de0dc7ba)
[0m13:04:33.184955 [debug] [Thread-2 (]: Began compiling node test.github_pulse.unique_dim_repo_repo_sk.b6de0dc7ba
[0m13:04:33.186674 [debug] [Thread-2 (]: Writing injected SQL for node "test.github_pulse.unique_dim_repo_repo_sk.b6de0dc7ba"
[0m13:04:33.187124 [debug] [Thread-2 (]: Began executing node test.github_pulse.unique_dim_repo_repo_sk.b6de0dc7ba
[0m13:04:33.188057 [debug] [Thread-2 (]: Writing runtime sql for node "test.github_pulse.unique_dim_repo_repo_sk.b6de0dc7ba"
[0m13:04:33.188404 [debug] [Thread-2 (]: On test.github_pulse.unique_dim_repo_repo_sk.b6de0dc7ba: /* {"app": "dbt", "dbt_version": "1.11.11", "profile_name": "github_pulse", "target_name": "dev", "node_id": "test.github_pulse.unique_dim_repo_repo_sk.b6de0dc7ba"} */

    
    select
      count(*) as failures,
      count(*) != 0 as should_warn,
      count(*) != 0 as should_error
    from (
      
    
  
    
    

with dbt_test__target as (

  select repo_sk as unique_field
  from `github-pulse-jumpy`.`github_pulse_analytics_dev_core`.`dim_repo`
  where repo_sk is not null

)

select
    unique_field,
    count(*) as n_records

from dbt_test__target
group by unique_field
having count(*) > 1



  
  
      
    ) dbt_internal_test
[0m13:04:33.188566 [debug] [Thread-2 (]: Opening a new connection, currently in state closed
[0m13:04:33.772033 [info ] [Thread-4 (]: 5 of 11 PASS not_null_dim_repo_is_current ...................................... [[32mPASS[0m in 2.34s]
[0m13:04:33.773225 [debug] [Thread-4 (]: Finished running node test.github_pulse.not_null_dim_repo_is_current.56a592eb97
[0m13:04:33.835393 [debug] [Thread-3 (]: BigQuery adapter: https://console.cloud.google.com/bigquery?project=github-pulse-jumpy&j=bq:US:16de3131-de09-48ed-9f25-b561d713cf20&page=queryresults
[0m13:04:33.994796 [debug] [Thread-1 (]: BigQuery adapter: https://console.cloud.google.com/bigquery?project=github-pulse-jumpy&j=bq:US:82472215-61b6-4089-8172-4ee0d1607672&page=queryresults
[0m13:04:34.132085 [debug] [Thread-3 (]: SQL status: OK in 0.296 seconds
[0m13:04:34.183583 [debug] [Thread-2 (]: BigQuery adapter: https://console.cloud.google.com/bigquery?project=github-pulse-jumpy&j=bq:US:0caa2137-6992-42e3-9035-9f01d908b984&page=queryresults
[0m13:04:34.199038 [debug] [Thread-1 (]: SQL status: OK in 0.203 seconds
[0m13:04:34.397633 [debug] [Thread-2 (]: SQL status: OK in 0.213 seconds
[0m13:04:34.526042 [info ] [Thread-3 (]: 10 of 11 PASS unique_dim_date_date_id .......................................... [[32mPASS[0m in 1.47s]
[0m13:04:34.526834 [debug] [Thread-3 (]: Finished running node test.github_pulse.unique_dim_date_date_id.7286dcb90d
[0m13:04:34.620155 [info ] [Thread-1 (]: 9 of 11 PASS unique_dim_date_calendar_date ..................................... [[32mPASS[0m in 1.57s]
[0m13:04:34.620998 [debug] [Thread-1 (]: Finished running node test.github_pulse.unique_dim_date_calendar_date.abd0942d2a
[0m13:04:34.810587 [info ] [Thread-2 (]: 11 of 11 PASS unique_dim_repo_repo_sk .......................................... [[32mPASS[0m in 1.63s]
[0m13:04:34.811643 [debug] [Thread-2 (]: Finished running node test.github_pulse.unique_dim_repo_repo_sk.b6de0dc7ba
[0m13:04:34.813895 [debug] [MainThread]: Opening a new connection, currently in state closed
[0m13:04:34.893378 [debug] [MainThread]: Connection 'master' was properly closed.
[0m13:04:34.893618 [debug] [MainThread]: Connection 'test.github_pulse.unique_dim_date_calendar_date.abd0942d2a' was properly closed.
[0m13:04:34.893725 [debug] [MainThread]: Connection 'test.github_pulse.unique_dim_repo_repo_sk.b6de0dc7ba' was properly closed.
[0m13:04:34.893817 [debug] [MainThread]: Connection 'test.github_pulse.unique_dim_date_date_id.7286dcb90d' was properly closed.
[0m13:04:34.893905 [debug] [MainThread]: Connection 'test.github_pulse.not_null_dim_repo_is_current.56a592eb97' was properly closed.
[0m13:04:34.894043 [info ] [MainThread]: 
[0m13:04:34.894165 [info ] [MainThread]: Finished running 11 data tests in 0 hours 0 minutes and 6.10 seconds (6.10s).
[0m13:04:34.894851 [debug] [MainThread]: Command end result
[0m13:04:34.910654 [debug] [MainThread]: Wrote artifact WritableManifest to /Users/perrikwong/Desktop/github_pulse/target/manifest.json
[0m13:04:34.911397 [debug] [MainThread]: Wrote artifact SemanticManifest to /Users/perrikwong/Desktop/github_pulse/target/semantic_manifest.json
[0m13:04:34.914048 [debug] [MainThread]: Wrote artifact RunExecutionResult to /Users/perrikwong/Desktop/github_pulse/target/run_results.json
[0m13:04:34.914155 [info ] [MainThread]: 
[0m13:04:34.914286 [info ] [MainThread]: [32mCompleted successfully[0m
[0m13:04:34.914387 [info ] [MainThread]: 
[0m13:04:34.914504 [info ] [MainThread]: Done. PASS=11 WARN=0 ERROR=0 SKIP=0 NO-OP=0 TOTAL=11
[0m13:04:34.914749 [debug] [MainThread]: Resource report: {"command_name": "test", "command_success": true, "command_wall_clock_time": 6.7174106, "process_in_blocks": "0", "process_kernel_time": 0.222836, "process_mem_max_rss": "240418816", "process_out_blocks": "0", "process_user_time": 2.336742}
[0m13:04:34.914909 [debug] [MainThread]: Command `dbt test` succeeded at 13:04:34.914880 after 6.72 seconds
[0m13:04:34.915036 [debug] [MainThread]: Sending event: {'category': 'dbt', 'action': 'invocation', 'label': 'end', 'context': [<snowplow_tracker.self_describing_json.SelfDescribingJson object at 0x1074943d0>, <snowplow_tracker.self_describing_json.SelfDescribingJson object at 0x1074a6110>, <snowplow_tracker.self_describing_json.SelfDescribingJson object at 0x103bcb0d0>]}
[0m13:04:34.915171 [debug] [MainThread]: Flushing usage events
[0m13:04:35.237803 [debug] [MainThread]: An error was encountered while trying to flush usage events
[0m12:35:12.072007 [debug] [MainThread]: Sending event: {'category': 'dbt', 'action': 'invocation', 'label': 'start', 'context': [<snowplow_tracker.self_describing_json.SelfDescribingJson object at 0x107835790>, <snowplow_tracker.self_describing_json.SelfDescribingJson object at 0x107822990>, <snowplow_tracker.self_describing_json.SelfDescribingJson object at 0x1075c3c10>]}


============================== 12:35:12.075067 | 96b7d009-5b39-43c1-bdf8-7dc7f0f35115 ==============================
[0m12:35:12.075067 [info ] [MainThread]: Running with dbt=1.11.11
[0m12:35:12.075337 [debug] [MainThread]: running dbt with arguments {'partial_parse': 'True', 'quiet': 'False', 'profiles_dir': '/Users/perrikwong/.dbt', 'warn_error': 'None', 'static_parser': 'True', 'use_colors': 'True', 'log_path': '/Users/perrikwong/Desktop/github_pulse/logs', 'warn_error_options': 'WarnErrorOptionsV2(error=[], warn=[], silence=[])', 'debug': 'False', 'log_cache_events': 'False', 'use_experimental_parser': 'False', 'invocation_command': 'dbt deps', 'write_json': 'True', 'empty': 'None', 'indirect_selection': 'eager', 'send_anonymous_usage_stats': 'True', 'target_path': 'None', 'log_format': 'default', 'no_print': 'None', 'version_check': 'True', 'printer_width': '80', 'fail_fast': 'False', 'introspect': 'True', 'cache_selected_only': 'False'}
[0m12:35:12.122704 [debug] [MainThread]: Sending event: {'category': 'dbt', 'action': 'project_id', 'label': '96b7d009-5b39-43c1-bdf8-7dc7f0f35115', 'context': [<snowplow_tracker.self_describing_json.SelfDescribingJson object at 0x1078e3690>]}
[0m12:35:12.138506 [info ] [MainThread]: Warning: No packages were found in packages.yml
[0m12:35:12.138831 [info ] [MainThread]: Warning: No packages were found in packages.yml
[0m12:35:12.139078 [debug] [MainThread]: Resource report: {"command_name": "deps", "command_success": true, "command_wall_clock_time": 0.10738637, "process_in_blocks": "0", "process_kernel_time": 0.10645, "process_mem_max_rss": "113360896", "process_out_blocks": "0", "process_user_time": 0.515646}
[0m12:35:12.139266 [debug] [MainThread]: Command `dbt deps` succeeded at 12:35:12.139219 after 0.11 seconds
[0m12:35:12.139416 [debug] [MainThread]: Sending event: {'category': 'dbt', 'action': 'invocation', 'label': 'end', 'context': [<snowplow_tracker.self_describing_json.SelfDescribingJson object at 0x10404b210>, <snowplow_tracker.self_describing_json.SelfDescribingJson object at 0x10777c510>, <snowplow_tracker.self_describing_json.SelfDescribingJson object at 0x1079d1b90>]}
[0m12:35:12.139542 [debug] [MainThread]: Flushing usage events
[0m12:35:12.524477 [debug] [MainThread]: An error was encountered while trying to flush usage events
[0m12:36:18.305464 [debug] [MainThread]: Sending event: {'category': 'dbt', 'action': 'invocation', 'label': 'start', 'context': [<snowplow_tracker.self_describing_json.SelfDescribingJson object at 0x107fd6f50>, <snowplow_tracker.self_describing_json.SelfDescribingJson object at 0x118062c10>, <snowplow_tracker.self_describing_json.SelfDescribingJson object at 0x118063190>]}


============================== 12:36:18.308409 | 415cc7fc-fc42-4252-ab1e-6f4337b8a8f3 ==============================
[0m12:36:18.308409 [info ] [MainThread]: Running with dbt=1.11.11
[0m12:36:18.308671 [debug] [MainThread]: running dbt with arguments {'cache_selected_only': 'False', 'debug': 'False', 'no_print': 'None', 'partial_parse': 'True', 'warn_error_options': 'WarnErrorOptionsV2(error=[], warn=[], silence=[])', 'static_parser': 'True', 'introspect': 'True', 'printer_width': '80', 'version_check': 'True', 'write_json': 'True', 'fail_fast': 'False', 'indirect_selection': 'eager', 'quiet': 'False', 'log_path': '/Users/perrikwong/Desktop/github_pulse/logs', 'log_cache_events': 'False', 'empty': 'None', 'warn_error': 'None', 'use_colors': 'True', 'profiles_dir': '/Users/perrikwong/.dbt', 'invocation_command': 'dbt deps', 'use_experimental_parser': 'False', 'log_format': 'default', 'send_anonymous_usage_stats': 'True', 'target_path': 'None'}
[0m12:36:18.360418 [debug] [MainThread]: Sending event: {'category': 'dbt', 'action': 'project_id', 'label': '415cc7fc-fc42-4252-ab1e-6f4337b8a8f3', 'context': [<snowplow_tracker.self_describing_json.SelfDescribingJson object at 0x11815a210>]}
[0m12:36:18.371237 [debug] [MainThread]: Set downloads directory='/var/folders/sr/6j2rytm57vzdsvgfh8qhc68w0000gn/T/dbt-downloads-jkg2bzda'
[0m12:36:18.371440 [debug] [MainThread]: Making package index registry request: GET https://hub.getdbt.com/api/v1/index.json
[0m12:36:18.485318 [debug] [MainThread]: Response from registry index: GET https://hub.getdbt.com/api/v1/index.json 200
[0m12:36:18.486286 [debug] [MainThread]: Making package registry request: GET https://hub.getdbt.com/api/v1/dbt-labs/dbt_utils.json
[0m12:36:18.562352 [debug] [MainThread]: Response from registry: GET https://hub.getdbt.com/api/v1/dbt-labs/dbt_utils.json 200
[0m12:36:18.573359 [info ] [MainThread]: Updating lock file in file path: /Users/perrikwong/Desktop/github_pulse/package-lock.yml
[0m12:36:18.575043 [debug] [MainThread]: Set downloads directory='/var/folders/sr/6j2rytm57vzdsvgfh8qhc68w0000gn/T/dbt-downloads-jxcl5q98'
[0m12:36:18.577237 [info ] [MainThread]: Installing dbt-labs/dbt_utils
[0m12:36:19.596234 [info ] [MainThread]: Installed from version 1.3.3
[0m12:36:19.596454 [info ] [MainThread]: Up to date!
[0m12:36:19.596612 [debug] [MainThread]: Sending event: {'category': 'dbt', 'action': 'package', 'label': '415cc7fc-fc42-4252-ab1e-6f4337b8a8f3', 'property_': 'install', 'context': [<snowplow_tracker.self_describing_json.SelfDescribingJson object at 0x118062c50>, <snowplow_tracker.self_describing_json.SelfDescribingJson object at 0x118208c10>]}
[0m12:36:19.597168 [debug] [MainThread]: Resource report: {"command_name": "deps", "command_success": true, "command_wall_clock_time": 1.3255218, "process_in_blocks": "0", "process_kernel_time": 0.175242, "process_mem_max_rss": "117522432", "process_out_blocks": "0", "process_user_time": 0.617085}
[0m12:36:19.597366 [debug] [MainThread]: Command `dbt deps` succeeded at 12:36:19.597325 after 1.33 seconds
[0m12:36:19.597514 [debug] [MainThread]: Sending event: {'category': 'dbt', 'action': 'invocation', 'label': 'end', 'context': [<snowplow_tracker.self_describing_json.SelfDescribingJson object at 0x107c84210>, <snowplow_tracker.self_describing_json.SelfDescribingJson object at 0x107f33e50>, <snowplow_tracker.self_describing_json.SelfDescribingJson object at 0x107c75e90>]}
[0m12:36:19.597651 [debug] [MainThread]: Flushing usage events
[0m12:36:19.920951 [debug] [MainThread]: An error was encountered while trying to flush usage events
[0m13:08:45.490019 [debug] [MainThread]: Sending event: {'category': 'dbt', 'action': 'invocation', 'label': 'start', 'context': [<snowplow_tracker.self_describing_json.SelfDescribingJson object at 0x1079ec2d0>, <snowplow_tracker.self_describing_json.SelfDescribingJson object at 0x107abb390>, <snowplow_tracker.self_describing_json.SelfDescribingJson object at 0x107abaa50>]}


============================== 13:08:45.492623 | 5d6e7782-521e-4ec6-9054-b7041b371e22 ==============================
[0m13:08:45.492623 [info ] [MainThread]: Running with dbt=1.11.11
[0m13:08:45.492896 [debug] [MainThread]: running dbt with arguments {'target_path': 'None', 'no_print': 'None', 'introspect': 'True', 'fail_fast': 'False', 'cache_selected_only': 'False', 'version_check': 'True', 'indirect_selection': 'eager', 'log_path': '/Users/perrikwong/Desktop/github_pulse/logs', 'write_json': 'True', 'warn_error': 'None', 'invocation_command': 'dbt run --select marts.pull_requests marts.engagement marts.lifecycle', 'partial_parse': 'True', 'warn_error_options': 'WarnErrorOptionsV2(error=[], warn=[], silence=[])', 'profiles_dir': '/Users/perrikwong/.dbt', 'printer_width': '80', 'send_anonymous_usage_stats': 'True', 'quiet': 'False', 'use_colors': 'True', 'use_experimental_parser': 'False', 'debug': 'False', 'static_parser': 'True', 'log_cache_events': 'False', 'log_format': 'default', 'empty': 'False'}
[0m13:08:46.159151 [debug] [MainThread]: Sending event: {'category': 'dbt', 'action': 'project_id', 'label': '5d6e7782-521e-4ec6-9054-b7041b371e22', 'context': [<snowplow_tracker.self_describing_json.SelfDescribingJson object at 0x11c1f4c10>]}
[0m13:08:46.180535 [debug] [MainThread]: Sending event: {'category': 'dbt', 'action': 'adapter_info', 'label': '5d6e7782-521e-4ec6-9054-b7041b371e22', 'context': [<snowplow_tracker.self_describing_json.SelfDescribingJson object at 0x104676b90>]}
[0m13:08:46.180777 [info ] [MainThread]: Registered adapter: bigquery=1.11.1
[0m13:08:46.250942 [debug] [MainThread]: checksum: 30a8cc8fdcbf66701b0944d4ccce3fa46dd04b61e5df68b9f16d57b2e0e3f0be, vars: {}, profile: , target: , version: 1.11.11
[0m13:08:46.299257 [info ] [MainThread]: Unable to do partial parsing because a project dependency has been added
[0m13:08:46.299526 [debug] [MainThread]: Sending event: {'category': 'dbt', 'action': 'partial_parser', 'label': '5d6e7782-521e-4ec6-9054-b7041b371e22', 'context': [<snowplow_tracker.self_describing_json.SelfDescribingJson object at 0x1067c4bd0>]}
[0m13:08:46.747911 [error] [MainThread]: Encountered an error:
Compilation Error
  dbt found two models with the name "fct_pull_requests".
  
  Since these resources have the same name, dbt will be unable to find the correct resource
  when looking for ref("fct_pull_requests").
  
  To fix this, change the name of one of these resources:
  - model.github_pulse.fct_pull_requests (models/marts/pull_requests/fct_pull_requests.sql)
  - model.github_pulse.fct_pull_requests (models/pull_requests/fct_pull_requests.sql)
[0m13:08:46.748251 [debug] [MainThread]: Resource report: {"command_name": "run", "command_success": false, "command_wall_clock_time": 1.2912811, "process_in_blocks": "0", "process_kernel_time": 0.21522, "process_mem_max_rss": "222494720", "process_out_blocks": "0", "process_user_time": 1.289036}
[0m13:08:46.748473 [debug] [MainThread]: Command `dbt run` failed at 13:08:46.748438 after 1.29 seconds
[0m13:08:46.748623 [debug] [MainThread]: Sending event: {'category': 'dbt', 'action': 'invocation', 'label': 'end', 'context': [<snowplow_tracker.self_describing_json.SelfDescribingJson object at 0x107abbc50>, <snowplow_tracker.self_describing_json.SelfDescribingJson object at 0x11d36c290>, <snowplow_tracker.self_describing_json.SelfDescribingJson object at 0x11d09d490>]}
[0m13:08:46.748750 [debug] [MainThread]: Flushing usage events
[0m13:08:47.142134 [debug] [MainThread]: An error was encountered while trying to flush usage events
[0m13:12:54.423795 [debug] [MainThread]: Sending event: {'category': 'dbt', 'action': 'invocation', 'label': 'start', 'context': [<snowplow_tracker.self_describing_json.SelfDescribingJson object at 0x107724550>, <snowplow_tracker.self_describing_json.SelfDescribingJson object at 0x1077f5810>, <snowplow_tracker.self_describing_json.SelfDescribingJson object at 0x1077f7f90>]}


============================== 13:12:54.426013 | f5a4ecb6-4d81-4e8d-9561-c6113e56efb8 ==============================
[0m13:12:54.426013 [info ] [MainThread]: Running with dbt=1.11.11
[0m13:12:54.426293 [debug] [MainThread]: running dbt with arguments {'warn_error': 'None', 'log_cache_events': 'False', 'target_path': 'None', 'invocation_command': 'dbt run --select marts.pull_requests marts.engagement marts.lifecycle', 'write_json': 'True', 'printer_width': '80', 'no_print': 'None', 'log_path': '/Users/perrikwong/Desktop/github_pulse/logs', 'indirect_selection': 'eager', 'fail_fast': 'False', 'send_anonymous_usage_stats': 'True', 'debug': 'False', 'warn_error_options': 'WarnErrorOptionsV2(error=[], warn=[], silence=[])', 'static_parser': 'True', 'log_format': 'default', 'partial_parse': 'True', 'quiet': 'False', 'use_colors': 'True', 'introspect': 'True', 'profiles_dir': '/Users/perrikwong/.dbt', 'cache_selected_only': 'False', 'empty': 'False', 'use_experimental_parser': 'False', 'version_check': 'True'}
[0m13:12:54.991810 [debug] [MainThread]: Sending event: {'category': 'dbt', 'action': 'project_id', 'label': 'f5a4ecb6-4d81-4e8d-9561-c6113e56efb8', 'context': [<snowplow_tracker.self_describing_json.SelfDescribingJson object at 0x111adec90>]}
[0m13:12:55.013532 [debug] [MainThread]: Sending event: {'category': 'dbt', 'action': 'adapter_info', 'label': 'f5a4ecb6-4d81-4e8d-9561-c6113e56efb8', 'context': [<snowplow_tracker.self_describing_json.SelfDescribingJson object at 0x104de2850>]}
[0m13:12:55.013777 [info ] [MainThread]: Registered adapter: bigquery=1.11.1
[0m13:12:55.084704 [debug] [MainThread]: checksum: 30a8cc8fdcbf66701b0944d4ccce3fa46dd04b61e5df68b9f16d57b2e0e3f0be, vars: {}, profile: , target: , version: 1.11.11
[0m13:12:55.132713 [info ] [MainThread]: Unable to do partial parsing because a project dependency has been added
[0m13:12:55.132953 [debug] [MainThread]: Sending event: {'category': 'dbt', 'action': 'partial_parser', 'label': 'f5a4ecb6-4d81-4e8d-9561-c6113e56efb8', 'context': [<snowplow_tracker.self_describing_json.SelfDescribingJson object at 0x1069009d0>]}
[0m13:12:55.876704 [warn ] [MainThread]: [[33mWARNING[0m]: Configuration paths exist in your dbt_project.yml file which do not apply to any resources.
There are 1 unused configuration paths:
- models.github_pulse.intermediate
[0m13:12:55.880666 [debug] [MainThread]: Sending event: {'category': 'dbt', 'action': 'load_project', 'label': 'f5a4ecb6-4d81-4e8d-9561-c6113e56efb8', 'context': [<snowplow_tracker.self_describing_json.SelfDescribingJson object at 0x1122d9fd0>]}
[0m13:12:55.926091 [debug] [MainThread]: Wrote artifact WritableManifest to /Users/perrikwong/Desktop/github_pulse/target/manifest.json
[0m13:12:55.927637 [debug] [MainThread]: Wrote artifact SemanticManifest to /Users/perrikwong/Desktop/github_pulse/target/semantic_manifest.json
[0m13:12:55.934816 [debug] [MainThread]: Sending event: {'category': 'dbt', 'action': 'resource_counts', 'label': 'f5a4ecb6-4d81-4e8d-9561-c6113e56efb8', 'context': [<snowplow_tracker.self_describing_json.SelfDescribingJson object at 0x1122b7d50>]}
[0m13:12:55.935001 [info ] [MainThread]: Found 10 models, 1 snapshot, 54 data tests, 1 source, 665 macros
[0m13:12:55.935125 [debug] [MainThread]: Sending event: {'category': 'dbt', 'action': 'runnable_timing', 'label': 'f5a4ecb6-4d81-4e8d-9561-c6113e56efb8', 'context': [<snowplow_tracker.self_describing_json.SelfDescribingJson object at 0x111f57910>]}
[0m13:12:55.936148 [info ] [MainThread]: 
[0m13:12:55.936268 [info ] [MainThread]: Concurrency: 4 threads (target='dev')
[0m13:12:55.936360 [info ] [MainThread]: 
[0m13:12:55.936526 [debug] [MainThread]: Acquiring new bigquery connection 'master'
[0m13:12:55.937941 [debug] [ThreadPool]: Acquiring new bigquery connection 'list_github-pulse-jumpy'
[0m13:12:55.938083 [debug] [ThreadPool]: Opening a new connection, currently in state init
[0m13:12:56.565309 [debug] [ThreadPool]: Re-using an available connection from the pool (formerly list_github-pulse-jumpy, now create_github-pulse-jumpy_github_pulse_analytics_dev_marts)
[0m13:12:56.566341 [debug] [ThreadPool]: Creating schema "database: "github-pulse-jumpy"
schema: "github_pulse_analytics_dev_marts"
"
[0m13:12:56.578156 [debug] [ThreadPool]: On create_github-pulse-jumpy_github_pulse_analytics_dev_marts: /* {"app": "dbt", "dbt_version": "1.11.11", "profile_name": "github_pulse", "target_name": "dev", "connection_name": "create_github-pulse-jumpy_github_pulse_analytics_dev_marts"} */
create schema if not exists `github-pulse-jumpy`.`github_pulse_analytics_dev_marts`
  
[0m13:12:56.578640 [debug] [ThreadPool]: Opening a new connection, currently in state closed
[0m13:12:57.354354 [debug] [ThreadPool]: BigQuery adapter: https://console.cloud.google.com/bigquery?project=github-pulse-jumpy&j=bq:US:15fb6fe7-1835-4aa6-8699-a0306ea434f6&page=queryresults
[0m13:12:58.219837 [debug] [ThreadPool]: SQL status: OK in 0.864 seconds
[0m13:12:58.279861 [debug] [ThreadPool]: Re-using an available connection from the pool (formerly create_github-pulse-jumpy_github_pulse_analytics_dev_marts, now list_github-pulse-jumpy_snapshots)
[0m13:12:58.280135 [debug] [ThreadPool]: Acquiring new bigquery connection 'list_github-pulse-jumpy_github_pulse_analytics_dev_core'
[0m13:12:58.280276 [debug] [ThreadPool]: Opening a new connection, currently in state closed
[0m13:12:58.280510 [debug] [ThreadPool]: Acquiring new bigquery connection 'list_github-pulse-jumpy_github_pulse_analytics_dev_staging'
[0m13:12:58.280747 [debug] [ThreadPool]: Acquiring new bigquery connection 'list_github-pulse-jumpy_github_pulse_analytics_dev_marts'
[0m13:12:58.280869 [debug] [ThreadPool]: Opening a new connection, currently in state init
[0m13:12:58.281084 [debug] [ThreadPool]: Opening a new connection, currently in state init
[0m13:12:58.332891 [debug] [ThreadPool]: Opening a new connection, currently in state init
[0m13:12:58.997750 [debug] [MainThread]: Sending event: {'category': 'dbt', 'action': 'runnable_timing', 'label': 'f5a4ecb6-4d81-4e8d-9561-c6113e56efb8', 'context': [<snowplow_tracker.self_describing_json.SelfDescribingJson object at 0x104bbe7d0>]}
[0m13:12:58.998440 [debug] [MainThread]: Opening a new connection, currently in state init
[0m13:12:59.070780 [debug] [Thread-1 (]: Began running node model.github_pulse.fct_pull_requests
[0m13:12:59.070948 [debug] [Thread-2 (]: Began running node model.github_pulse.fct_repo_engagement
[0m13:12:59.071106 [debug] [Thread-3 (]: Began running node model.github_pulse.fct_repo_lifecycle
[0m13:12:59.071299 [info ] [Thread-1 (]: 1 of 3 START sql table model github_pulse_analytics_dev_marts.fct_pull_requests  [RUN]
[0m13:12:59.071493 [info ] [Thread-2 (]: 2 of 3 START sql table model github_pulse_analytics_dev_marts.fct_repo_engagement  [RUN]
[0m13:12:59.071659 [info ] [Thread-3 (]: 3 of 3 START sql table model github_pulse_analytics_dev_marts.fct_repo_lifecycle  [RUN]
[0m13:12:59.071816 [debug] [Thread-1 (]: Re-using an available connection from the pool (formerly list_github-pulse-jumpy_snapshots, now model.github_pulse.fct_pull_requests)
[0m13:12:59.071938 [debug] [Thread-2 (]: Re-using an available connection from the pool (formerly list_github-pulse-jumpy_github_pulse_analytics_dev_core, now model.github_pulse.fct_repo_engagement)
[0m13:12:59.072056 [debug] [Thread-3 (]: Re-using an available connection from the pool (formerly list_github-pulse-jumpy_github_pulse_analytics_dev_staging, now model.github_pulse.fct_repo_lifecycle)
[0m13:12:59.072175 [debug] [Thread-1 (]: Began compiling node model.github_pulse.fct_pull_requests
[0m13:12:59.072287 [debug] [Thread-2 (]: Began compiling node model.github_pulse.fct_repo_engagement
[0m13:12:59.072394 [debug] [Thread-3 (]: Began compiling node model.github_pulse.fct_repo_lifecycle
[0m13:12:59.076318 [debug] [Thread-1 (]: Writing injected SQL for node "model.github_pulse.fct_pull_requests"
[0m13:12:59.078139 [debug] [Thread-2 (]: Writing injected SQL for node "model.github_pulse.fct_repo_engagement"
[0m13:12:59.079818 [debug] [Thread-3 (]: Writing injected SQL for node "model.github_pulse.fct_repo_lifecycle"
[0m13:12:59.080278 [debug] [Thread-2 (]: Began executing node model.github_pulse.fct_repo_engagement
[0m13:12:59.080412 [debug] [Thread-3 (]: Began executing node model.github_pulse.fct_repo_lifecycle
[0m13:12:59.080535 [debug] [Thread-1 (]: Began executing node model.github_pulse.fct_pull_requests
[0m13:12:59.092978 [debug] [Thread-2 (]: Writing runtime sql for node "model.github_pulse.fct_repo_engagement"
[0m13:12:59.094589 [debug] [Thread-3 (]: Writing runtime sql for node "model.github_pulse.fct_repo_lifecycle"
[0m13:12:59.095611 [debug] [Thread-1 (]: Writing runtime sql for node "model.github_pulse.fct_pull_requests"
[0m13:12:59.096026 [debug] [Thread-2 (]: On model.github_pulse.fct_repo_engagement: /* {"app": "dbt", "dbt_version": "1.11.11", "profile_name": "github_pulse", "target_name": "dev", "node_id": "model.github_pulse.fct_repo_engagement"} */

  
    

    create or replace table `github-pulse-jumpy`.`github_pulse_analytics_dev_marts`.`fct_repo_engagement`
      
    
    

    
    OPTIONS()
    as (
      

with watch_events as (

    select * from `github-pulse-jumpy`.`github_pulse_analytics_dev_staging`.`stg_github__watch_events`

),

dim_repo as (

    select repo_id, repo_sk, repo_name, repo_owner, repo_slug, repo_url
    from `github-pulse-jumpy`.`github_pulse_analytics_dev_core`.`dim_repo`
    where is_current

),

dim_actor as (

    select actor_id, actor_login
    from `github-pulse-jumpy`.`github_pulse_analytics_dev_core`.`dim_actor`

),

dim_date as (

    select date_id, calendar_date
    from `github-pulse-jumpy`.`github_pulse_analytics_dev_core`.`dim_date`

),

final as (

    select
        -- surrogate key
        to_hex(md5(cast(coalesce(cast(w.event_id as string), '_dbt_utils_surrogate_key_null_') as string)))      as engagement_sk,

        -- foreign keys
        w.event_id,
        coalesce(r.repo_sk, 'unknown')                              as repo_sk,
        coalesce(
            d.date_id,
            cast(format_date('%Y%m%d', date(w.event_at)) as int64)
        )                                                           as date_id,

        -- actor
        w.actor_id,
        coalesce(a.actor_login, w.actor_login)                      as actor_login,

        -- repo (denormalized)
        coalesce(r.repo_name, w.repo_name)                          as repo_name,
        r.repo_owner,
        r.repo_slug,
        r.repo_url,

        -- engagement type (always 'started' = starred for WatchEvent)
        w.engagement_action,

        -- timestamp
        w.event_at

    from watch_events w
    left join dim_repo   r on w.repo_id  = r.repo_id
    left join dim_actor  a on w.actor_id = a.actor_id
    left join dim_date   d on date(w.event_at) = d.calendar_date

)

select * from final
    );
  
[0m13:12:59.096238 [debug] [Thread-2 (]: Opening a new connection, currently in state closed
[0m13:12:59.096471 [debug] [Thread-3 (]: On model.github_pulse.fct_repo_lifecycle: /* {"app": "dbt", "dbt_version": "1.11.11", "profile_name": "github_pulse", "target_name": "dev", "node_id": "model.github_pulse.fct_repo_lifecycle"} */

  
    

    create or replace table `github-pulse-jumpy`.`github_pulse_analytics_dev_marts`.`fct_repo_lifecycle`
      
    
    

    
    OPTIONS()
    as (
      

with create_events as (

    select
        event_id,
        actor_id,
        actor_login,
        repo_id,
        repo_name,
        org_id,
        org_login,
        ref_type,
        ref_name,
        event_at,
        'created'   as lifecycle_action
    from `github-pulse-jumpy`.`github_pulse_analytics_dev_staging`.`stg_github__create_events`

),

delete_events as (

    select
        event_id,
        actor_id,
        actor_login,
        repo_id,
        repo_name,
        org_id,
        org_login,
        ref_type,
        ref_name,
        event_at,
        'deleted'   as lifecycle_action
    from `github-pulse-jumpy`.`github_pulse_analytics_dev_staging`.`stg_github__delete_events`

),

unioned as (

    select * from create_events
    union all
    select * from delete_events

),

dim_repo as (

    select repo_id, repo_sk, repo_name, repo_owner, repo_slug
    from `github-pulse-jumpy`.`github_pulse_analytics_dev_core`.`dim_repo`
    where is_current

),

dim_date as (

    select date_id, calendar_date
    from `github-pulse-jumpy`.`github_pulse_analytics_dev_core`.`dim_date`

),

final as (

    select
        to_hex(md5(cast(coalesce(cast(u.event_id as string), '_dbt_utils_surrogate_key_null_') as string)))      as lifecycle_sk,

        u.event_id,
        coalesce(r.repo_sk, 'unknown')                              as repo_sk,
        coalesce(
            d.date_id,
            cast(format_date('%Y%m%d', date(u.event_at)) as int64)
        )                                                           as date_id,

        u.actor_id,
        u.actor_login,

        -- repo (denormalized)
        coalesce(r.repo_name, u.repo_name)                          as repo_name,
        r.repo_owner,
        r.repo_slug,

        -- lifecycle details
        u.lifecycle_action,     -- 'created' or 'deleted'
        u.ref_type,             -- 'branch', 'tag', or 'repository'
        u.ref_name,

        -- derived
        u.ref_type = 'branch'   as is_branch_event,
        u.ref_type = 'tag'      as is_tag_event,

        u.event_at

    from unioned u
    left join dim_repo  r on u.repo_id = r.repo_id
    left join dim_date  d on date(u.event_at) = d.calendar_date

)

select * from final
    );
  
[0m13:12:59.096687 [debug] [Thread-3 (]: Opening a new connection, currently in state closed
[0m13:12:59.195487 [debug] [Thread-1 (]: On model.github_pulse.fct_pull_requests: /* {"app": "dbt", "dbt_version": "1.11.11", "profile_name": "github_pulse", "target_name": "dev", "node_id": "model.github_pulse.fct_pull_requests"} */

  
    

    create or replace table `github-pulse-jumpy`.`github_pulse_analytics_dev_marts`.`fct_pull_requests`
      
    
    

    
    OPTIONS()
    as (
      

with pr_events as (

    select * from `github-pulse-jumpy`.`github_pulse_analytics_dev_staging`.`stg_github__pull_request_events`

),

dim_repo as (

    select repo_id, repo_sk, repo_name, repo_owner, repo_slug, repo_url
    from `github-pulse-jumpy`.`github_pulse_analytics_dev_core`.`dim_repo`
    where is_current

),

dim_actor as (

    select actor_id, actor_login, profile_url
    from `github-pulse-jumpy`.`github_pulse_analytics_dev_core`.`dim_actor`

),

dim_date as (

    select date_id, calendar_date
    from `github-pulse-jumpy`.`github_pulse_analytics_dev_core`.`dim_date`

),

final as (

    select
        -- surrogate key
        to_hex(md5(cast(coalesce(cast(pr.event_id as string), '_dbt_utils_surrogate_key_null_') as string)))     as pr_event_sk,

        -- foreign keys
        pr.event_id,
        pr.pr_id,
        pr.pr_number,
        coalesce(r.repo_sk, 'unknown')                              as repo_sk,
        coalesce(
            d.date_id,
            cast(format_date('%Y%m%d', date(pr.event_at)) as int64)
        )                                                           as date_id,

        -- actor info (denormalized for query convenience)
        pr.actor_id,
        coalesce(a.actor_login, pr.actor_login)                     as actor_login,

        -- repo info (denormalized)
        coalesce(r.repo_name, pr.repo_name)                         as repo_name,
        r.repo_owner,
        r.repo_slug,

        -- event details
        pr.pr_action,
        pr.is_opened,
        pr.is_closed,
        pr.is_merged,
        pr.is_reopened,
        pr.is_labeled,

        -- timestamp
        pr.event_at

    from pr_events pr
    left join dim_repo   r on pr.repo_id  = r.repo_id
    left join dim_actor  a on pr.actor_id = a.actor_id
    left join dim_date   d on date(pr.event_at) = d.calendar_date

)

select * from final
    );
  
[0m13:12:59.196157 [debug] [Thread-1 (]: Opening a new connection, currently in state closed
[0m13:13:00.309812 [debug] [Thread-1 (]: BigQuery adapter: https://console.cloud.google.com/bigquery?project=github-pulse-jumpy&j=bq:US:870d1d83-05cb-438b-bae5-6f4333ad638f&page=queryresults
[0m13:13:00.332068 [debug] [Thread-3 (]: BigQuery adapter: https://console.cloud.google.com/bigquery?project=github-pulse-jumpy&j=bq:US:2e4567e5-a706-4209-9082-024ae757bd68&page=queryresults
[0m13:13:00.390312 [debug] [Thread-2 (]: BigQuery adapter: https://console.cloud.google.com/bigquery?project=github-pulse-jumpy&j=bq:US:29e73802-5627-4c58-be35-293dc63a7061&page=queryresults
[0m13:13:14.174627 [debug] [Thread-1 (]: SQL status: OK in 13.863 seconds
[0m13:13:14.754788 [debug] [Thread-1 (]: Sending event: {'category': 'dbt', 'action': 'run_model', 'label': 'f5a4ecb6-4d81-4e8d-9561-c6113e56efb8', 'context': [<snowplow_tracker.self_describing_json.SelfDescribingJson object at 0x1124d9d50>]}
[0m13:13:14.755630 [info ] [Thread-1 (]: 1 of 3 OK created sql table model github_pulse_analytics_dev_marts.fct_pull_requests  [[32mCREATE TABLE (98.2k rows, 1.9 GiB processed)[0m in 15.68s]
[0m13:13:14.756235 [debug] [Thread-1 (]: Finished running node model.github_pulse.fct_pull_requests
[0m13:13:15.394477 [debug] [Thread-3 (]: SQL status: OK in 15.061 seconds
[0m13:13:15.674042 [debug] [Thread-3 (]: Sending event: {'category': 'dbt', 'action': 'run_model', 'label': 'f5a4ecb6-4d81-4e8d-9561-c6113e56efb8', 'context': [<snowplow_tracker.self_describing_json.SelfDescribingJson object at 0x11552ce90>]}
[0m13:13:15.675266 [info ] [Thread-3 (]: 3 of 3 OK created sql table model github_pulse_analytics_dev_marts.fct_repo_lifecycle  [[32mCREATE TABLE (568.0k rows, 1.9 GiB processed)[0m in 16.60s]
[0m13:13:15.676160 [debug] [Thread-3 (]: Finished running node model.github_pulse.fct_repo_lifecycle
[0m13:13:26.718997 [debug] [Thread-2 (]: SQL status: OK in 26.327 seconds
[0m13:13:26.964874 [debug] [Thread-2 (]: Sending event: {'category': 'dbt', 'action': 'run_model', 'label': 'f5a4ecb6-4d81-4e8d-9561-c6113e56efb8', 'context': [<snowplow_tracker.self_describing_json.SelfDescribingJson object at 0x1154d2a50>]}
[0m13:13:26.966346 [info ] [Thread-2 (]: 2 of 3 OK created sql table model github_pulse_analytics_dev_marts.fct_repo_engagement  [[32mCREATE TABLE (27.0k rows, 1.9 GiB processed)[0m in 27.89s]
[0m13:13:26.967555 [debug] [Thread-2 (]: Finished running node model.github_pulse.fct_repo_engagement
[0m13:13:26.969938 [debug] [MainThread]: Opening a new connection, currently in state closed
[0m13:13:27.051378 [debug] [MainThread]: Connection 'master' was properly closed.
[0m13:13:27.051622 [debug] [MainThread]: Connection 'model.github_pulse.fct_pull_requests' was properly closed.
[0m13:13:27.051731 [debug] [MainThread]: Connection 'model.github_pulse.fct_repo_engagement' was properly closed.
[0m13:13:27.051823 [debug] [MainThread]: Connection 'model.github_pulse.fct_repo_lifecycle' was properly closed.
[0m13:13:27.051912 [debug] [MainThread]: Connection 'list_github-pulse-jumpy_github_pulse_analytics_dev_marts' was properly closed.
[0m13:13:27.052098 [info ] [MainThread]: 
[0m13:13:27.052239 [info ] [MainThread]: Finished running 3 table models in 0 hours 0 minutes and 31.12 seconds (31.12s).
[0m13:13:27.052674 [debug] [MainThread]: Command end result
[0m13:13:27.073330 [debug] [MainThread]: Wrote artifact WritableManifest to /Users/perrikwong/Desktop/github_pulse/target/manifest.json
[0m13:13:27.074911 [debug] [MainThread]: Wrote artifact SemanticManifest to /Users/perrikwong/Desktop/github_pulse/target/semantic_manifest.json
[0m13:13:27.077590 [debug] [MainThread]: Wrote artifact RunExecutionResult to /Users/perrikwong/Desktop/github_pulse/target/run_results.json
[0m13:13:27.077725 [info ] [MainThread]: 
[0m13:13:27.077891 [info ] [MainThread]: [32mCompleted successfully[0m
[0m13:13:27.077996 [info ] [MainThread]: 
[0m13:13:27.078131 [info ] [MainThread]: Done. PASS=3 WARN=0 ERROR=0 SKIP=0 NO-OP=0 TOTAL=3
[0m13:13:27.078544 [debug] [MainThread]: Resource report: {"command_name": "run", "command_success": true, "command_wall_clock_time": 32.686485, "process_in_blocks": "0", "process_kernel_time": 0.286556, "process_mem_max_rss": "248659968", "process_out_blocks": "0", "process_user_time": 2.592102}
[0m13:13:27.078768 [debug] [MainThread]: Command `dbt run` succeeded at 13:13:27.078733 after 32.69 seconds
[0m13:13:27.078966 [debug] [MainThread]: Sending event: {'category': 'dbt', 'action': 'invocation', 'label': 'end', 'context': [<snowplow_tracker.self_describing_json.SelfDescribingJson object at 0x1040be0d0>, <snowplow_tracker.self_describing_json.SelfDescribingJson object at 0x1077f7b50>, <snowplow_tracker.self_describing_json.SelfDescribingJson object at 0x103f50610>]}
[0m13:13:27.079094 [debug] [MainThread]: Flushing usage events
[0m13:13:27.449236 [debug] [MainThread]: An error was encountered while trying to flush usage events
[0m13:13:57.649987 [debug] [MainThread]: Sending event: {'category': 'dbt', 'action': 'invocation', 'label': 'start', 'context': [<snowplow_tracker.self_describing_json.SelfDescribingJson object at 0x108530750>, <snowplow_tracker.self_describing_json.SelfDescribingJson object at 0x1085e6810>, <snowplow_tracker.self_describing_json.SelfDescribingJson object at 0x1086b5a50>]}


============================== 13:13:57.652298 | 3b4f475a-1a6a-43fa-83de-efa2a4ac57f7 ==============================
[0m13:13:57.652298 [info ] [MainThread]: Running with dbt=1.11.11
[0m13:13:57.652570 [debug] [MainThread]: running dbt with arguments {'send_anonymous_usage_stats': 'True', 'debug': 'False', 'indirect_selection': 'eager', 'printer_width': '80', 'warn_error': 'None', 'quiet': 'False', 'version_check': 'True', 'profiles_dir': '/Users/perrikwong/.dbt', 'write_json': 'True', 'warn_error_options': 'WarnErrorOptionsV2(error=[], warn=[], silence=[])', 'log_path': '/Users/perrikwong/Desktop/github_pulse/logs', 'log_cache_events': 'False', 'use_colors': 'True', 'introspect': 'True', 'no_print': 'None', 'log_format': 'default', 'invocation_command': 'dbt test --select marts.pull_requests marts.engagement marts.lifecycle', 'empty': 'None', 'target_path': 'None', 'fail_fast': 'False', 'cache_selected_only': 'False', 'static_parser': 'True', 'partial_parse': 'True', 'use_experimental_parser': 'False'}
[0m13:13:58.258813 [debug] [MainThread]: Sending event: {'category': 'dbt', 'action': 'project_id', 'label': '3b4f475a-1a6a-43fa-83de-efa2a4ac57f7', 'context': [<snowplow_tracker.self_describing_json.SelfDescribingJson object at 0x12c50e090>]}
[0m13:13:58.280493 [debug] [MainThread]: Sending event: {'category': 'dbt', 'action': 'adapter_info', 'label': '3b4f475a-1a6a-43fa-83de-efa2a4ac57f7', 'context': [<snowplow_tracker.self_describing_json.SelfDescribingJson object at 0x10513a750>]}
[0m13:13:58.280736 [info ] [MainThread]: Registered adapter: bigquery=1.11.1
[0m13:13:58.353822 [debug] [MainThread]: checksum: 30a8cc8fdcbf66701b0944d4ccce3fa46dd04b61e5df68b9f16d57b2e0e3f0be, vars: {}, profile: , target: , version: 1.11.11
[0m13:13:58.438781 [debug] [MainThread]: Partial parsing enabled: 0 files deleted, 0 files added, 0 files changed.
[0m13:13:58.438985 [debug] [MainThread]: Nothing changed, skipping partial parsing.
[0m13:13:58.439082 [debug] [MainThread]: Partial parsing enabled, no changes found, skipping parsing
[0m13:13:58.441569 [warn ] [MainThread]: [[33mWARNING[0m]: Configuration paths exist in your dbt_project.yml file which do not apply to any resources.
There are 1 unused configuration paths:
- models.github_pulse.intermediate
[0m13:13:58.462808 [debug] [MainThread]: Sending event: {'category': 'dbt', 'action': 'load_project', 'label': '3b4f475a-1a6a-43fa-83de-efa2a4ac57f7', 'context': [<snowplow_tracker.self_describing_json.SelfDescribingJson object at 0x14003ce10>]}
[0m13:13:58.511528 [debug] [MainThread]: Wrote artifact WritableManifest to /Users/perrikwong/Desktop/github_pulse/target/manifest.json
[0m13:13:58.512831 [debug] [MainThread]: Wrote artifact SemanticManifest to /Users/perrikwong/Desktop/github_pulse/target/semantic_manifest.json
[0m13:13:58.522507 [debug] [MainThread]: Sending event: {'category': 'dbt', 'action': 'resource_counts', 'label': '3b4f475a-1a6a-43fa-83de-efa2a4ac57f7', 'context': [<snowplow_tracker.self_describing_json.SelfDescribingJson object at 0x12f1ab5d0>]}
[0m13:13:58.522703 [info ] [MainThread]: Found 10 models, 1 snapshot, 54 data tests, 1 source, 665 macros
[0m13:13:58.522829 [debug] [MainThread]: Sending event: {'category': 'dbt', 'action': 'runnable_timing', 'label': '3b4f475a-1a6a-43fa-83de-efa2a4ac57f7', 'context': [<snowplow_tracker.self_describing_json.SelfDescribingJson object at 0x12f392050>]}
[0m13:13:58.524083 [info ] [MainThread]: 
[0m13:13:58.524210 [info ] [MainThread]: Concurrency: 4 threads (target='dev')
[0m13:13:58.524316 [info ] [MainThread]: 
[0m13:13:58.524503 [debug] [MainThread]: Acquiring new bigquery connection 'master'
[0m13:13:58.526188 [debug] [ThreadPool]: Acquiring new bigquery connection 'list_github-pulse-jumpy_github_pulse_analytics_dev_staging'
[0m13:13:58.526428 [debug] [ThreadPool]: Acquiring new bigquery connection 'list_github-pulse-jumpy_github_pulse_analytics_dev_core'
[0m13:13:58.526621 [debug] [ThreadPool]: Acquiring new bigquery connection 'list_github-pulse-jumpy_snapshots'
[0m13:13:58.526769 [debug] [ThreadPool]: Opening a new connection, currently in state init
[0m13:13:58.526932 [debug] [ThreadPool]: Acquiring new bigquery connection 'list_github-pulse-jumpy_github_pulse_analytics_dev_marts'
[0m13:13:58.527055 [debug] [ThreadPool]: Opening a new connection, currently in state init
[0m13:13:58.527162 [debug] [ThreadPool]: Opening a new connection, currently in state init
[0m13:13:58.527311 [debug] [ThreadPool]: Opening a new connection, currently in state init
[0m13:13:59.548950 [debug] [MainThread]: Sending event: {'category': 'dbt', 'action': 'runnable_timing', 'label': '3b4f475a-1a6a-43fa-83de-efa2a4ac57f7', 'context': [<snowplow_tracker.self_describing_json.SelfDescribingJson object at 0x12f070e90>]}
[0m13:13:59.549682 [debug] [MainThread]: Opening a new connection, currently in state init
[0m13:13:59.610913 [debug] [Thread-1 (]: Began running node test.github_pulse.accepted_values_fct_repo_lifecycle_lifecycle_action__created__deleted.7a2adcc755
[0m13:13:59.611142 [debug] [Thread-2 (]: Began running node test.github_pulse.not_null_fct_pull_requests_event_at.065c1fb74d
[0m13:13:59.611289 [debug] [Thread-3 (]: Began running node test.github_pulse.not_null_fct_pull_requests_event_id.1964011314
[0m13:13:59.612819 [debug] [Thread-4 (]: Began running node test.github_pulse.not_null_fct_pull_requests_pr_action.af0f98cf30
[0m13:13:59.612656 [info ] [Thread-1 (]: 1 of 18 START test accepted_values_fct_repo_lifecycle_lifecycle_action__created__deleted  [RUN]
[0m13:13:59.613019 [info ] [Thread-2 (]: 2 of 18 START test not_null_fct_pull_requests_event_at ......................... [RUN]
[0m13:13:59.613157 [info ] [Thread-3 (]: 3 of 18 START test not_null_fct_pull_requests_event_id ......................... [RUN]
[0m13:13:59.613283 [info ] [Thread-4 (]: 4 of 18 START test not_null_fct_pull_requests_pr_action ........................ [RUN]
[0m13:13:59.613980 [debug] [Thread-1 (]: Re-using an available connection from the pool (formerly list_github-pulse-jumpy_github_pulse_analytics_dev_staging, now test.github_pulse.accepted_values_fct_repo_lifecycle_lifecycle_action__created__deleted.7a2adcc755)
[0m13:13:59.614223 [debug] [Thread-2 (]: Re-using an available connection from the pool (formerly list_github-pulse-jumpy_github_pulse_analytics_dev_core, now test.github_pulse.not_null_fct_pull_requests_event_at.065c1fb74d)
[0m13:13:59.614358 [debug] [Thread-3 (]: Re-using an available connection from the pool (formerly list_github-pulse-jumpy_snapshots, now test.github_pulse.not_null_fct_pull_requests_event_id.1964011314)
[0m13:13:59.614481 [debug] [Thread-4 (]: Re-using an available connection from the pool (formerly list_github-pulse-jumpy_github_pulse_analytics_dev_marts, now test.github_pulse.not_null_fct_pull_requests_pr_action.af0f98cf30)
[0m13:13:59.614622 [debug] [Thread-1 (]: Began compiling node test.github_pulse.accepted_values_fct_repo_lifecycle_lifecycle_action__created__deleted.7a2adcc755
[0m13:13:59.614735 [debug] [Thread-2 (]: Began compiling node test.github_pulse.not_null_fct_pull_requests_event_at.065c1fb74d
[0m13:13:59.614845 [debug] [Thread-3 (]: Began compiling node test.github_pulse.not_null_fct_pull_requests_event_id.1964011314
[0m13:13:59.614956 [debug] [Thread-4 (]: Began compiling node test.github_pulse.not_null_fct_pull_requests_pr_action.af0f98cf30
[0m13:13:59.622354 [debug] [Thread-1 (]: Writing injected SQL for node "test.github_pulse.accepted_values_fct_repo_lifecycle_lifecycle_action__created__deleted.7a2adcc755"
[0m13:13:59.625429 [debug] [Thread-2 (]: Writing injected SQL for node "test.github_pulse.not_null_fct_pull_requests_event_at.065c1fb74d"
[0m13:13:59.626937 [debug] [Thread-3 (]: Writing injected SQL for node "test.github_pulse.not_null_fct_pull_requests_event_id.1964011314"
[0m13:13:59.628311 [debug] [Thread-4 (]: Writing injected SQL for node "test.github_pulse.not_null_fct_pull_requests_pr_action.af0f98cf30"
[0m13:13:59.628845 [debug] [Thread-1 (]: Began executing node test.github_pulse.accepted_values_fct_repo_lifecycle_lifecycle_action__created__deleted.7a2adcc755
[0m13:13:59.628989 [debug] [Thread-3 (]: Began executing node test.github_pulse.not_null_fct_pull_requests_event_id.1964011314
[0m13:13:59.629119 [debug] [Thread-2 (]: Began executing node test.github_pulse.not_null_fct_pull_requests_event_at.065c1fb74d
[0m13:13:59.629240 [debug] [Thread-4 (]: Began executing node test.github_pulse.not_null_fct_pull_requests_pr_action.af0f98cf30
[0m13:13:59.637338 [debug] [Thread-1 (]: Writing runtime sql for node "test.github_pulse.accepted_values_fct_repo_lifecycle_lifecycle_action__created__deleted.7a2adcc755"
[0m13:13:59.638410 [debug] [Thread-3 (]: Writing runtime sql for node "test.github_pulse.not_null_fct_pull_requests_event_id.1964011314"
[0m13:13:59.686088 [debug] [Thread-2 (]: Writing runtime sql for node "test.github_pulse.not_null_fct_pull_requests_event_at.065c1fb74d"
[0m13:13:59.687269 [debug] [Thread-4 (]: Writing runtime sql for node "test.github_pulse.not_null_fct_pull_requests_pr_action.af0f98cf30"
[0m13:13:59.687817 [debug] [Thread-2 (]: On test.github_pulse.not_null_fct_pull_requests_event_at.065c1fb74d: /* {"app": "dbt", "dbt_version": "1.11.11", "profile_name": "github_pulse", "target_name": "dev", "node_id": "test.github_pulse.not_null_fct_pull_requests_event_at.065c1fb74d"} */

    
    select
      count(*) as failures,
      count(*) != 0 as should_warn,
      count(*) != 0 as should_error
    from (
      
    
  
    
    



select event_at
from `github-pulse-jumpy`.`github_pulse_analytics_dev_marts`.`fct_pull_requests`
where event_at is null



  
  
      
    ) dbt_internal_test
[0m13:13:59.688001 [debug] [Thread-4 (]: On test.github_pulse.not_null_fct_pull_requests_pr_action.af0f98cf30: /* {"app": "dbt", "dbt_version": "1.11.11", "profile_name": "github_pulse", "target_name": "dev", "node_id": "test.github_pulse.not_null_fct_pull_requests_pr_action.af0f98cf30"} */

    
    select
      count(*) as failures,
      count(*) != 0 as should_warn,
      count(*) != 0 as should_error
    from (
      
    
  
    
    



select pr_action
from `github-pulse-jumpy`.`github_pulse_analytics_dev_marts`.`fct_pull_requests`
where pr_action is null



  
  
      
    ) dbt_internal_test
[0m13:13:59.688140 [debug] [Thread-1 (]: On test.github_pulse.accepted_values_fct_repo_lifecycle_lifecycle_action__created__deleted.7a2adcc755: /* {"app": "dbt", "dbt_version": "1.11.11", "profile_name": "github_pulse", "target_name": "dev", "node_id": "test.github_pulse.accepted_values_fct_repo_lifecycle_lifecycle_action__created__deleted.7a2adcc755"} */

    
    select
      count(*) as failures,
      count(*) != 0 as should_warn,
      count(*) != 0 as should_error
    from (
      
    
  
    
    

with all_values as (

    select
        lifecycle_action as value_field,
        count(*) as n_records

    from `github-pulse-jumpy`.`github_pulse_analytics_dev_marts`.`fct_repo_lifecycle`
    group by lifecycle_action

)

select *
from all_values
where value_field not in (
    'created','deleted'
)



  
  
      
    ) dbt_internal_test
[0m13:13:59.688270 [debug] [Thread-3 (]: On test.github_pulse.not_null_fct_pull_requests_event_id.1964011314: /* {"app": "dbt", "dbt_version": "1.11.11", "profile_name": "github_pulse", "target_name": "dev", "node_id": "test.github_pulse.not_null_fct_pull_requests_event_id.1964011314"} */

    
    select
      count(*) as failures,
      count(*) != 0 as should_warn,
      count(*) != 0 as should_error
    from (
      
    
  
    
    



select event_id
from `github-pulse-jumpy`.`github_pulse_analytics_dev_marts`.`fct_pull_requests`
where event_id is null



  
  
      
    ) dbt_internal_test
[0m13:13:59.688419 [debug] [Thread-2 (]: Opening a new connection, currently in state closed
[0m13:13:59.688542 [debug] [Thread-4 (]: Opening a new connection, currently in state closed
[0m13:13:59.688710 [debug] [Thread-1 (]: Opening a new connection, currently in state closed
[0m13:13:59.688827 [debug] [Thread-3 (]: Opening a new connection, currently in state closed
[0m13:14:00.727567 [debug] [Thread-1 (]: BigQuery adapter: https://console.cloud.google.com/bigquery?project=github-pulse-jumpy&j=bq:US:bb443522-5835-46d4-805d-72245a1501bf&page=queryresults
[0m13:14:00.761828 [debug] [Thread-2 (]: BigQuery adapter: https://console.cloud.google.com/bigquery?project=github-pulse-jumpy&j=bq:US:6ba42d0f-0caf-4c7b-bf6f-1d4f29050854&page=queryresults
[0m13:14:00.801501 [debug] [Thread-4 (]: BigQuery adapter: https://console.cloud.google.com/bigquery?project=github-pulse-jumpy&j=bq:US:ea1c1f1e-4ea3-4457-9c07-7c8c0ca8f467&page=queryresults
[0m13:14:00.952691 [debug] [Thread-1 (]: SQL status: OK in 0.224 seconds
[0m13:14:01.012366 [debug] [Thread-4 (]: SQL status: OK in 0.210 seconds
[0m13:14:01.013309 [debug] [Thread-2 (]: SQL status: OK in 0.250 seconds
[0m13:14:01.078926 [debug] [Thread-3 (]: BigQuery adapter: https://console.cloud.google.com/bigquery?project=github-pulse-jumpy&j=bq:US:82770d19-d57b-442b-acfd-7f77754030c7&page=queryresults
[0m13:14:01.277257 [debug] [Thread-3 (]: SQL status: OK in 0.198 seconds
[0m13:14:01.504399 [info ] [Thread-1 (]: 1 of 18 PASS accepted_values_fct_repo_lifecycle_lifecycle_action__created__deleted  [[32mPASS[0m in 1.89s]
[0m13:14:01.505425 [debug] [Thread-1 (]: Finished running node test.github_pulse.accepted_values_fct_repo_lifecycle_lifecycle_action__created__deleted.7a2adcc755
[0m13:14:01.505852 [debug] [Thread-1 (]: Began running node test.github_pulse.not_null_fct_pull_requests_pr_event_sk.e294183460
[0m13:14:01.506316 [info ] [Thread-1 (]: 5 of 18 START test not_null_fct_pull_requests_pr_event_sk ...................... [RUN]
[0m13:14:01.506816 [debug] [Thread-1 (]: Re-using an available connection from the pool (formerly test.github_pulse.accepted_values_fct_repo_lifecycle_lifecycle_action__created__deleted.7a2adcc755, now test.github_pulse.not_null_fct_pull_requests_pr_event_sk.e294183460)
[0m13:14:01.507163 [debug] [Thread-1 (]: Began compiling node test.github_pulse.not_null_fct_pull_requests_pr_event_sk.e294183460
[0m13:14:01.513680 [debug] [Thread-1 (]: Writing injected SQL for node "test.github_pulse.not_null_fct_pull_requests_pr_event_sk.e294183460"
[0m13:14:01.514725 [debug] [Thread-1 (]: Began executing node test.github_pulse.not_null_fct_pull_requests_pr_event_sk.e294183460
[0m13:14:01.517609 [debug] [Thread-1 (]: Writing runtime sql for node "test.github_pulse.not_null_fct_pull_requests_pr_event_sk.e294183460"
[0m13:14:01.518327 [debug] [Thread-1 (]: On test.github_pulse.not_null_fct_pull_requests_pr_event_sk.e294183460: /* {"app": "dbt", "dbt_version": "1.11.11", "profile_name": "github_pulse", "target_name": "dev", "node_id": "test.github_pulse.not_null_fct_pull_requests_pr_event_sk.e294183460"} */

    
    select
      count(*) as failures,
      count(*) != 0 as should_warn,
      count(*) != 0 as should_error
    from (
      
    
  
    
    



select pr_event_sk
from `github-pulse-jumpy`.`github_pulse_analytics_dev_marts`.`fct_pull_requests`
where pr_event_sk is null



  
  
      
    ) dbt_internal_test
[0m13:14:01.518706 [debug] [Thread-1 (]: Opening a new connection, currently in state closed
[0m13:14:01.588920 [info ] [Thread-4 (]: 4 of 18 PASS not_null_fct_pull_requests_pr_action .............................. [[32mPASS[0m in 1.97s]
[0m13:14:01.589655 [info ] [Thread-2 (]: 2 of 18 PASS not_null_fct_pull_requests_event_at ............................... [[32mPASS[0m in 1.98s]
[0m13:14:01.590490 [debug] [Thread-4 (]: Finished running node test.github_pulse.not_null_fct_pull_requests_pr_action.af0f98cf30
[0m13:14:01.590798 [debug] [Thread-2 (]: Finished running node test.github_pulse.not_null_fct_pull_requests_event_at.065c1fb74d
[0m13:14:01.590975 [debug] [Thread-4 (]: Began running node test.github_pulse.not_null_fct_repo_engagement_engagement_sk.172aa38104
[0m13:14:01.591211 [debug] [Thread-2 (]: Began running node test.github_pulse.not_null_fct_repo_engagement_event_at.7abf87d5b2
[0m13:14:01.591392 [info ] [Thread-4 (]: 6 of 18 START test not_null_fct_repo_engagement_engagement_sk .................. [RUN]
[0m13:14:01.591599 [info ] [Thread-2 (]: 7 of 18 START test not_null_fct_repo_engagement_event_at ....................... [RUN]
[0m13:14:01.591803 [debug] [Thread-4 (]: Re-using an available connection from the pool (formerly test.github_pulse.not_null_fct_pull_requests_pr_action.af0f98cf30, now test.github_pulse.not_null_fct_repo_engagement_engagement_sk.172aa38104)
[0m13:14:01.591952 [debug] [Thread-2 (]: Re-using an available connection from the pool (formerly test.github_pulse.not_null_fct_pull_requests_event_at.065c1fb74d, now test.github_pulse.not_null_fct_repo_engagement_event_at.7abf87d5b2)
[0m13:14:01.592081 [debug] [Thread-4 (]: Began compiling node test.github_pulse.not_null_fct_repo_engagement_engagement_sk.172aa38104
[0m13:14:01.592199 [debug] [Thread-2 (]: Began compiling node test.github_pulse.not_null_fct_repo_engagement_event_at.7abf87d5b2
[0m13:14:01.594400 [debug] [Thread-4 (]: Writing injected SQL for node "test.github_pulse.not_null_fct_repo_engagement_engagement_sk.172aa38104"
[0m13:14:01.596483 [debug] [Thread-2 (]: Writing injected SQL for node "test.github_pulse.not_null_fct_repo_engagement_event_at.7abf87d5b2"
[0m13:14:01.596908 [debug] [Thread-2 (]: Began executing node test.github_pulse.not_null_fct_repo_engagement_event_at.7abf87d5b2
[0m13:14:01.597046 [debug] [Thread-4 (]: Began executing node test.github_pulse.not_null_fct_repo_engagement_engagement_sk.172aa38104
[0m13:14:01.598038 [debug] [Thread-2 (]: Writing runtime sql for node "test.github_pulse.not_null_fct_repo_engagement_event_at.7abf87d5b2"
[0m13:14:01.598904 [debug] [Thread-4 (]: Writing runtime sql for node "test.github_pulse.not_null_fct_repo_engagement_engagement_sk.172aa38104"
[0m13:14:01.599216 [debug] [Thread-4 (]: On test.github_pulse.not_null_fct_repo_engagement_engagement_sk.172aa38104: /* {"app": "dbt", "dbt_version": "1.11.11", "profile_name": "github_pulse", "target_name": "dev", "node_id": "test.github_pulse.not_null_fct_repo_engagement_engagement_sk.172aa38104"} */

    
    select
      count(*) as failures,
      count(*) != 0 as should_warn,
      count(*) != 0 as should_error
    from (
      
    
  
    
    



select engagement_sk
from `github-pulse-jumpy`.`github_pulse_analytics_dev_marts`.`fct_repo_engagement`
where engagement_sk is null



  
  
      
    ) dbt_internal_test
[0m13:14:01.599388 [debug] [Thread-4 (]: Opening a new connection, currently in state closed
[0m13:14:01.599519 [debug] [Thread-2 (]: On test.github_pulse.not_null_fct_repo_engagement_event_at.7abf87d5b2: /* {"app": "dbt", "dbt_version": "1.11.11", "profile_name": "github_pulse", "target_name": "dev", "node_id": "test.github_pulse.not_null_fct_repo_engagement_event_at.7abf87d5b2"} */

    
    select
      count(*) as failures,
      count(*) != 0 as should_warn,
      count(*) != 0 as should_error
    from (
      
    
  
    
    



select event_at
from `github-pulse-jumpy`.`github_pulse_analytics_dev_marts`.`fct_repo_engagement`
where event_at is null



  
  
      
    ) dbt_internal_test
[0m13:14:01.599693 [debug] [Thread-2 (]: Opening a new connection, currently in state closed
[0m13:14:01.850159 [info ] [Thread-3 (]: 3 of 18 PASS not_null_fct_pull_requests_event_id ............................... [[32mPASS[0m in 2.24s]
[0m13:14:01.850566 [debug] [Thread-3 (]: Finished running node test.github_pulse.not_null_fct_pull_requests_event_id.1964011314
[0m13:14:01.850819 [debug] [Thread-3 (]: Began running node test.github_pulse.not_null_fct_repo_engagement_event_id.2b7e450940
[0m13:14:01.851094 [info ] [Thread-3 (]: 8 of 18 START test not_null_fct_repo_engagement_event_id ....................... [RUN]
[0m13:14:01.851394 [debug] [Thread-3 (]: Re-using an available connection from the pool (formerly test.github_pulse.not_null_fct_pull_requests_event_id.1964011314, now test.github_pulse.not_null_fct_repo_engagement_event_id.2b7e450940)
[0m13:14:01.851617 [debug] [Thread-3 (]: Began compiling node test.github_pulse.not_null_fct_repo_engagement_event_id.2b7e450940
[0m13:14:01.854360 [debug] [Thread-3 (]: Writing injected SQL for node "test.github_pulse.not_null_fct_repo_engagement_event_id.2b7e450940"
[0m13:14:01.854831 [debug] [Thread-3 (]: Began executing node test.github_pulse.not_null_fct_repo_engagement_event_id.2b7e450940
[0m13:14:01.856413 [debug] [Thread-3 (]: Writing runtime sql for node "test.github_pulse.not_null_fct_repo_engagement_event_id.2b7e450940"
[0m13:14:01.856811 [debug] [Thread-3 (]: On test.github_pulse.not_null_fct_repo_engagement_event_id.2b7e450940: /* {"app": "dbt", "dbt_version": "1.11.11", "profile_name": "github_pulse", "target_name": "dev", "node_id": "test.github_pulse.not_null_fct_repo_engagement_event_id.2b7e450940"} */

    
    select
      count(*) as failures,
      count(*) != 0 as should_warn,
      count(*) != 0 as should_error
    from (
      
    
  
    
    



select event_id
from `github-pulse-jumpy`.`github_pulse_analytics_dev_marts`.`fct_repo_engagement`
where event_id is null



  
  
      
    ) dbt_internal_test
[0m13:14:01.857057 [debug] [Thread-3 (]: Opening a new connection, currently in state closed
[0m13:14:02.582373 [debug] [Thread-4 (]: BigQuery adapter: https://console.cloud.google.com/bigquery?project=github-pulse-jumpy&j=bq:US:1b34b6a6-b6ca-4603-beca-0c047aa72047&page=queryresults
[0m13:14:02.601833 [debug] [Thread-2 (]: BigQuery adapter: https://console.cloud.google.com/bigquery?project=github-pulse-jumpy&j=bq:US:81968705-ec1d-4cb4-970c-5cda5eadd6cc&page=queryresults
[0m13:14:02.804021 [debug] [Thread-4 (]: SQL status: OK in 0.221 seconds
[0m13:14:02.844336 [debug] [Thread-1 (]: BigQuery adapter: https://console.cloud.google.com/bigquery?project=github-pulse-jumpy&j=bq:US:6e7fbd45-0c8a-4afd-aa87-55730eef1dcb&page=queryresults
[0m13:14:02.970169 [debug] [Thread-2 (]: SQL status: OK in 0.367 seconds
[0m13:14:03.024547 [debug] [Thread-3 (]: BigQuery adapter: https://console.cloud.google.com/bigquery?project=github-pulse-jumpy&j=bq:US:8419875d-6ec4-4ff7-92e1-0667a41f1dce&page=queryresults
[0m13:14:03.096373 [debug] [Thread-1 (]: SQL status: OK in 0.251 seconds
[0m13:14:03.245813 [debug] [Thread-3 (]: SQL status: OK in 0.220 seconds
[0m13:14:03.290282 [info ] [Thread-4 (]: 6 of 18 PASS not_null_fct_repo_engagement_engagement_sk ........................ [[32mPASS[0m in 1.70s]
[0m13:14:03.292043 [debug] [Thread-4 (]: Finished running node test.github_pulse.not_null_fct_repo_engagement_engagement_sk.172aa38104
[0m13:14:03.292748 [debug] [Thread-4 (]: Began running node test.github_pulse.not_null_fct_repo_lifecycle_event_at.7cd818e0f9
[0m13:14:03.293392 [info ] [Thread-4 (]: 9 of 18 START test not_null_fct_repo_lifecycle_event_at ........................ [RUN]
[0m13:14:03.293904 [debug] [Thread-4 (]: Re-using an available connection from the pool (formerly test.github_pulse.not_null_fct_repo_engagement_engagement_sk.172aa38104, now test.github_pulse.not_null_fct_repo_lifecycle_event_at.7cd818e0f9)
[0m13:14:03.294215 [debug] [Thread-4 (]: Began compiling node test.github_pulse.not_null_fct_repo_lifecycle_event_at.7cd818e0f9
[0m13:14:03.298709 [debug] [Thread-4 (]: Writing injected SQL for node "test.github_pulse.not_null_fct_repo_lifecycle_event_at.7cd818e0f9"
[0m13:14:03.299520 [debug] [Thread-4 (]: Began executing node test.github_pulse.not_null_fct_repo_lifecycle_event_at.7cd818e0f9
[0m13:14:03.301525 [debug] [Thread-4 (]: Writing runtime sql for node "test.github_pulse.not_null_fct_repo_lifecycle_event_at.7cd818e0f9"
[0m13:14:03.302072 [debug] [Thread-4 (]: On test.github_pulse.not_null_fct_repo_lifecycle_event_at.7cd818e0f9: /* {"app": "dbt", "dbt_version": "1.11.11", "profile_name": "github_pulse", "target_name": "dev", "node_id": "test.github_pulse.not_null_fct_repo_lifecycle_event_at.7cd818e0f9"} */

    
    select
      count(*) as failures,
      count(*) != 0 as should_warn,
      count(*) != 0 as should_error
    from (
      
    
  
    
    



select event_at
from `github-pulse-jumpy`.`github_pulse_analytics_dev_marts`.`fct_repo_lifecycle`
where event_at is null



  
  
      
    ) dbt_internal_test
[0m13:14:03.302382 [debug] [Thread-4 (]: Opening a new connection, currently in state closed
[0m13:14:03.413992 [info ] [Thread-2 (]: 7 of 18 PASS not_null_fct_repo_engagement_event_at ............................. [[32mPASS[0m in 1.82s]
[0m13:14:03.414312 [debug] [Thread-2 (]: Finished running node test.github_pulse.not_null_fct_repo_engagement_event_at.7abf87d5b2
[0m13:14:03.414484 [debug] [Thread-2 (]: Began running node test.github_pulse.not_null_fct_repo_lifecycle_event_id.7885dfbd0e
[0m13:14:03.414669 [info ] [Thread-2 (]: 10 of 18 START test not_null_fct_repo_lifecycle_event_id ....................... [RUN]
[0m13:14:03.414852 [debug] [Thread-2 (]: Re-using an available connection from the pool (formerly test.github_pulse.not_null_fct_repo_engagement_event_at.7abf87d5b2, now test.github_pulse.not_null_fct_repo_lifecycle_event_id.7885dfbd0e)
[0m13:14:03.414995 [debug] [Thread-2 (]: Began compiling node test.github_pulse.not_null_fct_repo_lifecycle_event_id.7885dfbd0e
[0m13:14:03.417855 [debug] [Thread-2 (]: Writing injected SQL for node "test.github_pulse.not_null_fct_repo_lifecycle_event_id.7885dfbd0e"
[0m13:14:03.418195 [debug] [Thread-2 (]: Began executing node test.github_pulse.not_null_fct_repo_lifecycle_event_id.7885dfbd0e
[0m13:14:03.419241 [debug] [Thread-2 (]: Writing runtime sql for node "test.github_pulse.not_null_fct_repo_lifecycle_event_id.7885dfbd0e"
[0m13:14:03.419516 [debug] [Thread-2 (]: On test.github_pulse.not_null_fct_repo_lifecycle_event_id.7885dfbd0e: /* {"app": "dbt", "dbt_version": "1.11.11", "profile_name": "github_pulse", "target_name": "dev", "node_id": "test.github_pulse.not_null_fct_repo_lifecycle_event_id.7885dfbd0e"} */

    
    select
      count(*) as failures,
      count(*) != 0 as should_warn,
      count(*) != 0 as should_error
    from (
      
    
  
    
    



select event_id
from `github-pulse-jumpy`.`github_pulse_analytics_dev_marts`.`fct_repo_lifecycle`
where event_id is null



  
  
      
    ) dbt_internal_test
[0m13:14:03.419681 [debug] [Thread-2 (]: Opening a new connection, currently in state closed
[0m13:14:03.472905 [info ] [Thread-1 (]: 5 of 18 PASS not_null_fct_pull_requests_pr_event_sk ............................ [[32mPASS[0m in 1.97s]
[0m13:14:03.473150 [debug] [Thread-1 (]: Finished running node test.github_pulse.not_null_fct_pull_requests_pr_event_sk.e294183460
[0m13:14:03.473289 [debug] [Thread-1 (]: Began running node test.github_pulse.not_null_fct_repo_lifecycle_lifecycle_action.4f422707da
[0m13:14:03.473457 [info ] [Thread-1 (]: 11 of 18 START test not_null_fct_repo_lifecycle_lifecycle_action ............... [RUN]
[0m13:14:03.473649 [debug] [Thread-1 (]: Re-using an available connection from the pool (formerly test.github_pulse.not_null_fct_pull_requests_pr_event_sk.e294183460, now test.github_pulse.not_null_fct_repo_lifecycle_lifecycle_action.4f422707da)
[0m13:14:03.473959 [debug] [Thread-1 (]: Began compiling node test.github_pulse.not_null_fct_repo_lifecycle_lifecycle_action.4f422707da
[0m13:14:03.475608 [debug] [Thread-1 (]: Writing injected SQL for node "test.github_pulse.not_null_fct_repo_lifecycle_lifecycle_action.4f422707da"
[0m13:14:03.475996 [debug] [Thread-1 (]: Began executing node test.github_pulse.not_null_fct_repo_lifecycle_lifecycle_action.4f422707da
[0m13:14:03.476895 [debug] [Thread-1 (]: Writing runtime sql for node "test.github_pulse.not_null_fct_repo_lifecycle_lifecycle_action.4f422707da"
[0m13:14:03.477143 [debug] [Thread-1 (]: On test.github_pulse.not_null_fct_repo_lifecycle_lifecycle_action.4f422707da: /* {"app": "dbt", "dbt_version": "1.11.11", "profile_name": "github_pulse", "target_name": "dev", "node_id": "test.github_pulse.not_null_fct_repo_lifecycle_lifecycle_action.4f422707da"} */

    
    select
      count(*) as failures,
      count(*) != 0 as should_warn,
      count(*) != 0 as should_error
    from (
      
    
  
    
    



select lifecycle_action
from `github-pulse-jumpy`.`github_pulse_analytics_dev_marts`.`fct_repo_lifecycle`
where lifecycle_action is null



  
  
      
    ) dbt_internal_test
[0m13:14:03.477301 [debug] [Thread-1 (]: Opening a new connection, currently in state closed
[0m13:14:03.753992 [info ] [Thread-3 (]: 8 of 18 PASS not_null_fct_repo_engagement_event_id ............................. [[32mPASS[0m in 1.90s]
[0m13:14:03.754582 [debug] [Thread-3 (]: Finished running node test.github_pulse.not_null_fct_repo_engagement_event_id.2b7e450940
[0m13:14:03.754912 [debug] [Thread-3 (]: Began running node test.github_pulse.not_null_fct_repo_lifecycle_lifecycle_sk.dbcd1592a8
[0m13:14:03.755282 [info ] [Thread-3 (]: 12 of 18 START test not_null_fct_repo_lifecycle_lifecycle_sk ................... [RUN]
[0m13:14:03.755668 [debug] [Thread-3 (]: Re-using an available connection from the pool (formerly test.github_pulse.not_null_fct_repo_engagement_event_id.2b7e450940, now test.github_pulse.not_null_fct_repo_lifecycle_lifecycle_sk.dbcd1592a8)
[0m13:14:03.755958 [debug] [Thread-3 (]: Began compiling node test.github_pulse.not_null_fct_repo_lifecycle_lifecycle_sk.dbcd1592a8
[0m13:14:03.759679 [debug] [Thread-3 (]: Writing injected SQL for node "test.github_pulse.not_null_fct_repo_lifecycle_lifecycle_sk.dbcd1592a8"
[0m13:14:03.760242 [debug] [Thread-3 (]: Began executing node test.github_pulse.not_null_fct_repo_lifecycle_lifecycle_sk.dbcd1592a8
[0m13:14:03.762145 [debug] [Thread-3 (]: Writing runtime sql for node "test.github_pulse.not_null_fct_repo_lifecycle_lifecycle_sk.dbcd1592a8"
[0m13:14:03.762622 [debug] [Thread-3 (]: On test.github_pulse.not_null_fct_repo_lifecycle_lifecycle_sk.dbcd1592a8: /* {"app": "dbt", "dbt_version": "1.11.11", "profile_name": "github_pulse", "target_name": "dev", "node_id": "test.github_pulse.not_null_fct_repo_lifecycle_lifecycle_sk.dbcd1592a8"} */

    
    select
      count(*) as failures,
      count(*) != 0 as should_warn,
      count(*) != 0 as should_error
    from (
      
    
  
    
    



select lifecycle_sk
from `github-pulse-jumpy`.`github_pulse_analytics_dev_marts`.`fct_repo_lifecycle`
where lifecycle_sk is null



  
  
      
    ) dbt_internal_test
[0m13:14:03.762914 [debug] [Thread-3 (]: Opening a new connection, currently in state closed
[0m13:14:04.414888 [debug] [Thread-4 (]: BigQuery adapter: https://console.cloud.google.com/bigquery?project=github-pulse-jumpy&j=bq:US:2ee788e7-9829-4e91-963a-119b29a1eb17&page=queryresults
[0m13:14:04.415927 [debug] [Thread-2 (]: BigQuery adapter: https://console.cloud.google.com/bigquery?project=github-pulse-jumpy&j=bq:US:fa5a6635-0131-4502-a83d-4d24e5d3ae19&page=queryresults
[0m13:14:04.416712 [debug] [Thread-1 (]: BigQuery adapter: https://console.cloud.google.com/bigquery?project=github-pulse-jumpy&j=bq:US:42ac250a-76fa-40f9-8ad7-5c3e4ebb9ae4&page=queryresults
[0m13:14:04.647005 [debug] [Thread-1 (]: SQL status: OK in 0.228 seconds
[0m13:14:04.665216 [debug] [Thread-4 (]: SQL status: OK in 0.248 seconds
[0m13:14:04.704772 [debug] [Thread-2 (]: SQL status: OK in 0.287 seconds
[0m13:14:04.819960 [debug] [Thread-3 (]: BigQuery adapter: https://console.cloud.google.com/bigquery?project=github-pulse-jumpy&j=bq:US:79b7751d-ce2f-4b28-88f2-5b862b8ae8a7&page=queryresults
[0m13:14:04.997498 [debug] [Thread-3 (]: SQL status: OK in 0.176 seconds
[0m13:14:05.012851 [info ] [Thread-4 (]: 9 of 18 PASS not_null_fct_repo_lifecycle_event_at .............................. [[32mPASS[0m in 1.72s]
[0m13:14:05.013778 [debug] [Thread-4 (]: Finished running node test.github_pulse.not_null_fct_repo_lifecycle_event_at.7cd818e0f9
[0m13:14:05.014328 [debug] [Thread-4 (]: Began running node test.github_pulse.unique_fct_pull_requests_event_id.ccd2c98422
[0m13:14:05.014984 [info ] [Thread-4 (]: 13 of 18 START test unique_fct_pull_requests_event_id .......................... [RUN]
[0m13:14:05.015614 [debug] [Thread-4 (]: Re-using an available connection from the pool (formerly test.github_pulse.not_null_fct_repo_lifecycle_event_at.7cd818e0f9, now test.github_pulse.unique_fct_pull_requests_event_id.ccd2c98422)
[0m13:14:05.016058 [debug] [Thread-4 (]: Began compiling node test.github_pulse.unique_fct_pull_requests_event_id.ccd2c98422
[0m13:14:05.024469 [debug] [Thread-4 (]: Writing injected SQL for node "test.github_pulse.unique_fct_pull_requests_event_id.ccd2c98422"
[0m13:14:05.025714 [debug] [Thread-4 (]: Began executing node test.github_pulse.unique_fct_pull_requests_event_id.ccd2c98422
[0m13:14:05.028699 [debug] [Thread-4 (]: Writing runtime sql for node "test.github_pulse.unique_fct_pull_requests_event_id.ccd2c98422"
[0m13:14:05.029447 [debug] [Thread-4 (]: On test.github_pulse.unique_fct_pull_requests_event_id.ccd2c98422: /* {"app": "dbt", "dbt_version": "1.11.11", "profile_name": "github_pulse", "target_name": "dev", "node_id": "test.github_pulse.unique_fct_pull_requests_event_id.ccd2c98422"} */

    
    select
      count(*) as failures,
      count(*) != 0 as should_warn,
      count(*) != 0 as should_error
    from (
      
    
  
    
    

with dbt_test__target as (

  select event_id as unique_field
  from `github-pulse-jumpy`.`github_pulse_analytics_dev_marts`.`fct_pull_requests`
  where event_id is not null

)

select
    unique_field,
    count(*) as n_records

from dbt_test__target
group by unique_field
having count(*) > 1



  
  
      
    ) dbt_internal_test
[0m13:14:05.029806 [debug] [Thread-4 (]: Opening a new connection, currently in state closed
[0m13:14:05.099940 [info ] [Thread-2 (]: 10 of 18 PASS not_null_fct_repo_lifecycle_event_id ............................. [[32mPASS[0m in 1.69s]
[0m13:14:05.100180 [debug] [Thread-2 (]: Finished running node test.github_pulse.not_null_fct_repo_lifecycle_event_id.7885dfbd0e
[0m13:14:05.100320 [debug] [Thread-2 (]: Began running node test.github_pulse.unique_fct_pull_requests_pr_event_sk.7c40bd2b8c
[0m13:14:05.100443 [info ] [Thread-2 (]: 14 of 18 START test unique_fct_pull_requests_pr_event_sk ....................... [RUN]
[0m13:14:05.100622 [debug] [Thread-2 (]: Re-using an available connection from the pool (formerly test.github_pulse.not_null_fct_repo_lifecycle_event_id.7885dfbd0e, now test.github_pulse.unique_fct_pull_requests_pr_event_sk.7c40bd2b8c)
[0m13:14:05.100758 [debug] [Thread-2 (]: Began compiling node test.github_pulse.unique_fct_pull_requests_pr_event_sk.7c40bd2b8c
[0m13:14:05.103236 [debug] [Thread-2 (]: Writing injected SQL for node "test.github_pulse.unique_fct_pull_requests_pr_event_sk.7c40bd2b8c"
[0m13:14:05.103829 [debug] [Thread-2 (]: Began executing node test.github_pulse.unique_fct_pull_requests_pr_event_sk.7c40bd2b8c
[0m13:14:05.104781 [debug] [Thread-2 (]: Writing runtime sql for node "test.github_pulse.unique_fct_pull_requests_pr_event_sk.7c40bd2b8c"
[0m13:14:05.105080 [debug] [Thread-2 (]: On test.github_pulse.unique_fct_pull_requests_pr_event_sk.7c40bd2b8c: /* {"app": "dbt", "dbt_version": "1.11.11", "profile_name": "github_pulse", "target_name": "dev", "node_id": "test.github_pulse.unique_fct_pull_requests_pr_event_sk.7c40bd2b8c"} */

    
    select
      count(*) as failures,
      count(*) != 0 as should_warn,
      count(*) != 0 as should_error
    from (
      
    
  
    
    

with dbt_test__target as (

  select pr_event_sk as unique_field
  from `github-pulse-jumpy`.`github_pulse_analytics_dev_marts`.`fct_pull_requests`
  where pr_event_sk is not null

)

select
    unique_field,
    count(*) as n_records

from dbt_test__target
group by unique_field
having count(*) > 1



  
  
      
    ) dbt_internal_test
[0m13:14:05.105251 [debug] [Thread-2 (]: Opening a new connection, currently in state closed
[0m13:14:05.399894 [info ] [Thread-1 (]: 11 of 18 PASS not_null_fct_repo_lifecycle_lifecycle_action ..................... [[32mPASS[0m in 1.93s]
[0m13:14:05.400813 [debug] [Thread-1 (]: Finished running node test.github_pulse.not_null_fct_repo_lifecycle_lifecycle_action.4f422707da
[0m13:14:05.401305 [debug] [Thread-1 (]: Began running node test.github_pulse.unique_fct_repo_engagement_engagement_sk.6da8627b9b
[0m13:14:05.401871 [info ] [Thread-1 (]: 15 of 18 START test unique_fct_repo_engagement_engagement_sk ................... [RUN]
[0m13:14:05.402358 [debug] [Thread-1 (]: Re-using an available connection from the pool (formerly test.github_pulse.not_null_fct_repo_lifecycle_lifecycle_action.4f422707da, now test.github_pulse.unique_fct_repo_engagement_engagement_sk.6da8627b9b)
[0m13:14:05.402705 [debug] [Thread-1 (]: Began compiling node test.github_pulse.unique_fct_repo_engagement_engagement_sk.6da8627b9b
[0m13:14:05.406771 [debug] [Thread-1 (]: Writing injected SQL for node "test.github_pulse.unique_fct_repo_engagement_engagement_sk.6da8627b9b"
[0m13:14:05.407419 [debug] [Thread-1 (]: Began executing node test.github_pulse.unique_fct_repo_engagement_engagement_sk.6da8627b9b
[0m13:14:05.409723 [debug] [Thread-1 (]: Writing runtime sql for node "test.github_pulse.unique_fct_repo_engagement_engagement_sk.6da8627b9b"
[0m13:14:05.410244 [debug] [Thread-1 (]: On test.github_pulse.unique_fct_repo_engagement_engagement_sk.6da8627b9b: /* {"app": "dbt", "dbt_version": "1.11.11", "profile_name": "github_pulse", "target_name": "dev", "node_id": "test.github_pulse.unique_fct_repo_engagement_engagement_sk.6da8627b9b"} */

    
    select
      count(*) as failures,
      count(*) != 0 as should_warn,
      count(*) != 0 as should_error
    from (
      
    
  
    
    

with dbt_test__target as (

  select engagement_sk as unique_field
  from `github-pulse-jumpy`.`github_pulse_analytics_dev_marts`.`fct_repo_engagement`
  where engagement_sk is not null

)

select
    unique_field,
    count(*) as n_records

from dbt_test__target
group by unique_field
having count(*) > 1



  
  
      
    ) dbt_internal_test
[0m13:14:05.410536 [debug] [Thread-1 (]: Opening a new connection, currently in state closed
[0m13:14:05.477592 [info ] [Thread-3 (]: 12 of 18 PASS not_null_fct_repo_lifecycle_lifecycle_sk ......................... [[32mPASS[0m in 1.72s]
[0m13:14:05.477818 [debug] [Thread-3 (]: Finished running node test.github_pulse.not_null_fct_repo_lifecycle_lifecycle_sk.dbcd1592a8
[0m13:14:05.477952 [debug] [Thread-3 (]: Began running node test.github_pulse.unique_fct_repo_engagement_event_id.bfb43b4093
[0m13:14:05.478105 [info ] [Thread-3 (]: 16 of 18 START test unique_fct_repo_engagement_event_id ........................ [RUN]
[0m13:14:05.478267 [debug] [Thread-3 (]: Re-using an available connection from the pool (formerly test.github_pulse.not_null_fct_repo_lifecycle_lifecycle_sk.dbcd1592a8, now test.github_pulse.unique_fct_repo_engagement_event_id.bfb43b4093)
[0m13:14:05.478388 [debug] [Thread-3 (]: Began compiling node test.github_pulse.unique_fct_repo_engagement_event_id.bfb43b4093
[0m13:14:05.479926 [debug] [Thread-3 (]: Writing injected SQL for node "test.github_pulse.unique_fct_repo_engagement_event_id.bfb43b4093"
[0m13:14:05.480504 [debug] [Thread-3 (]: Began executing node test.github_pulse.unique_fct_repo_engagement_event_id.bfb43b4093
[0m13:14:05.481511 [debug] [Thread-3 (]: Writing runtime sql for node "test.github_pulse.unique_fct_repo_engagement_event_id.bfb43b4093"
[0m13:14:05.481784 [debug] [Thread-3 (]: On test.github_pulse.unique_fct_repo_engagement_event_id.bfb43b4093: /* {"app": "dbt", "dbt_version": "1.11.11", "profile_name": "github_pulse", "target_name": "dev", "node_id": "test.github_pulse.unique_fct_repo_engagement_event_id.bfb43b4093"} */

    
    select
      count(*) as failures,
      count(*) != 0 as should_warn,
      count(*) != 0 as should_error
    from (
      
    
  
    
    

with dbt_test__target as (

  select event_id as unique_field
  from `github-pulse-jumpy`.`github_pulse_analytics_dev_marts`.`fct_repo_engagement`
  where event_id is not null

)

select
    unique_field,
    count(*) as n_records

from dbt_test__target
group by unique_field
having count(*) > 1



  
  
      
    ) dbt_internal_test
[0m13:14:05.481952 [debug] [Thread-3 (]: Opening a new connection, currently in state closed
[0m13:14:06.051843 [debug] [Thread-2 (]: BigQuery adapter: https://console.cloud.google.com/bigquery?project=github-pulse-jumpy&j=bq:US:7bc96559-764b-474b-b3f7-369783a167e8&page=queryresults
[0m13:14:06.125071 [debug] [Thread-4 (]: BigQuery adapter: https://console.cloud.google.com/bigquery?project=github-pulse-jumpy&j=bq:US:de5619ce-fb53-430d-8239-2f44dd39b467&page=queryresults
[0m13:14:06.256960 [debug] [Thread-2 (]: SQL status: OK in 0.204 seconds
[0m13:14:06.259027 [debug] [Thread-1 (]: BigQuery adapter: https://console.cloud.google.com/bigquery?project=github-pulse-jumpy&j=bq:US:078fbae7-f6d8-41b9-9cd1-8ca14ef769c8&page=queryresults
[0m13:14:06.261614 [debug] [Thread-3 (]: BigQuery adapter: https://console.cloud.google.com/bigquery?project=github-pulse-jumpy&j=bq:US:987660df-010e-40d0-9b1d-17aeb99552b2&page=queryresults
[0m13:14:06.363625 [debug] [Thread-4 (]: SQL status: OK in 0.237 seconds
[0m13:14:06.498500 [debug] [Thread-1 (]: SQL status: OK in 0.236 seconds
[0m13:14:06.538620 [debug] [Thread-3 (]: SQL status: OK in 0.275 seconds
[0m13:14:06.611499 [error] [Thread-2 (]: 14 of 18 FAIL 273 unique_fct_pull_requests_pr_event_sk ......................... [[31mFAIL 273[0m in 1.51s]
[0m13:14:06.612477 [debug] [Thread-2 (]: Finished running node test.github_pulse.unique_fct_pull_requests_pr_event_sk.7c40bd2b8c
[0m13:14:06.613003 [debug] [Thread-2 (]: Began running node test.github_pulse.unique_fct_repo_lifecycle_event_id.1b85b8280b
[0m13:14:06.613548 [info ] [Thread-2 (]: 17 of 18 START test unique_fct_repo_lifecycle_event_id ......................... [RUN]
[0m13:14:06.614106 [debug] [Thread-2 (]: Re-using an available connection from the pool (formerly test.github_pulse.unique_fct_pull_requests_pr_event_sk.7c40bd2b8c, now test.github_pulse.unique_fct_repo_lifecycle_event_id.1b85b8280b)
[0m13:14:06.614526 [debug] [Thread-2 (]: Began compiling node test.github_pulse.unique_fct_repo_lifecycle_event_id.1b85b8280b
[0m13:14:06.620270 [debug] [Thread-2 (]: Writing injected SQL for node "test.github_pulse.unique_fct_repo_lifecycle_event_id.1b85b8280b"
[0m13:14:06.621062 [debug] [Thread-2 (]: Began executing node test.github_pulse.unique_fct_repo_lifecycle_event_id.1b85b8280b
[0m13:14:06.623490 [debug] [Thread-2 (]: Writing runtime sql for node "test.github_pulse.unique_fct_repo_lifecycle_event_id.1b85b8280b"
[0m13:14:06.624083 [debug] [Thread-2 (]: On test.github_pulse.unique_fct_repo_lifecycle_event_id.1b85b8280b: /* {"app": "dbt", "dbt_version": "1.11.11", "profile_name": "github_pulse", "target_name": "dev", "node_id": "test.github_pulse.unique_fct_repo_lifecycle_event_id.1b85b8280b"} */

    
    select
      count(*) as failures,
      count(*) != 0 as should_warn,
      count(*) != 0 as should_error
    from (
      
    
  
    
    

with dbt_test__target as (

  select event_id as unique_field
  from `github-pulse-jumpy`.`github_pulse_analytics_dev_marts`.`fct_repo_lifecycle`
  where event_id is not null

)

select
    unique_field,
    count(*) as n_records

from dbt_test__target
group by unique_field
having count(*) > 1



  
  
      
    ) dbt_internal_test
[0m13:14:06.624429 [debug] [Thread-2 (]: Opening a new connection, currently in state closed
[0m13:14:06.751708 [error] [Thread-4 (]: 13 of 18 FAIL 273 unique_fct_pull_requests_event_id ............................ [[31mFAIL 273[0m in 1.74s]
[0m13:14:06.752003 [debug] [Thread-4 (]: Finished running node test.github_pulse.unique_fct_pull_requests_event_id.ccd2c98422
[0m13:14:06.752182 [debug] [Thread-4 (]: Began running node test.github_pulse.unique_fct_repo_lifecycle_lifecycle_sk.db238593cd
[0m13:14:06.752388 [info ] [Thread-4 (]: 18 of 18 START test unique_fct_repo_lifecycle_lifecycle_sk ..................... [RUN]
[0m13:14:06.752599 [debug] [Thread-4 (]: Re-using an available connection from the pool (formerly test.github_pulse.unique_fct_pull_requests_event_id.ccd2c98422, now test.github_pulse.unique_fct_repo_lifecycle_lifecycle_sk.db238593cd)
[0m13:14:06.752761 [debug] [Thread-4 (]: Began compiling node test.github_pulse.unique_fct_repo_lifecycle_lifecycle_sk.db238593cd
[0m13:14:06.755738 [debug] [Thread-4 (]: Writing injected SQL for node "test.github_pulse.unique_fct_repo_lifecycle_lifecycle_sk.db238593cd"
[0m13:14:06.756081 [debug] [Thread-4 (]: Began executing node test.github_pulse.unique_fct_repo_lifecycle_lifecycle_sk.db238593cd
[0m13:14:06.757294 [debug] [Thread-4 (]: Writing runtime sql for node "test.github_pulse.unique_fct_repo_lifecycle_lifecycle_sk.db238593cd"
[0m13:14:06.757596 [debug] [Thread-4 (]: On test.github_pulse.unique_fct_repo_lifecycle_lifecycle_sk.db238593cd: /* {"app": "dbt", "dbt_version": "1.11.11", "profile_name": "github_pulse", "target_name": "dev", "node_id": "test.github_pulse.unique_fct_repo_lifecycle_lifecycle_sk.db238593cd"} */

    
    select
      count(*) as failures,
      count(*) != 0 as should_warn,
      count(*) != 0 as should_error
    from (
      
    
  
    
    

with dbt_test__target as (

  select lifecycle_sk as unique_field
  from `github-pulse-jumpy`.`github_pulse_analytics_dev_marts`.`fct_repo_lifecycle`
  where lifecycle_sk is not null

)

select
    unique_field,
    count(*) as n_records

from dbt_test__target
group by unique_field
having count(*) > 1



  
  
      
    ) dbt_internal_test
[0m13:14:06.757776 [debug] [Thread-4 (]: Opening a new connection, currently in state closed
[0m13:14:06.938956 [error] [Thread-3 (]: 16 of 18 FAIL 17 unique_fct_repo_engagement_event_id ........................... [[31mFAIL 17[0m in 1.46s]
[0m13:14:06.939315 [debug] [Thread-3 (]: Finished running node test.github_pulse.unique_fct_repo_engagement_event_id.bfb43b4093
[0m13:14:06.945083 [error] [Thread-1 (]: 15 of 18 FAIL 17 unique_fct_repo_engagement_engagement_sk ...................... [[31mFAIL 17[0m in 1.54s]
[0m13:14:06.945394 [debug] [Thread-1 (]: Finished running node test.github_pulse.unique_fct_repo_engagement_engagement_sk.6da8627b9b
[0m13:14:07.894674 [debug] [Thread-4 (]: BigQuery adapter: https://console.cloud.google.com/bigquery?project=github-pulse-jumpy&j=bq:US:d149e7d7-3693-4404-be42-2312bb236d3a&page=queryresults
[0m13:14:08.061209 [debug] [Thread-4 (]: SQL status: OK in 0.165 seconds
[0m13:14:08.201988 [debug] [Thread-2 (]: BigQuery adapter: https://console.cloud.google.com/bigquery?project=github-pulse-jumpy&j=bq:US:101483d8-8e5f-43da-bd38-f611b202f58c&page=queryresults
[0m13:14:08.427484 [debug] [Thread-2 (]: SQL status: OK in 0.224 seconds
[0m13:14:08.460232 [error] [Thread-4 (]: 18 of 18 FAIL 5628 unique_fct_repo_lifecycle_lifecycle_sk ...................... [[31mFAIL 5628[0m in 1.71s]
[0m13:14:08.461006 [debug] [Thread-4 (]: Finished running node test.github_pulse.unique_fct_repo_lifecycle_lifecycle_sk.db238593cd
[0m13:14:08.758596 [error] [Thread-2 (]: 17 of 18 FAIL 5628 unique_fct_repo_lifecycle_event_id .......................... [[31mFAIL 5628[0m in 2.14s]
[0m13:14:08.759716 [debug] [Thread-2 (]: Finished running node test.github_pulse.unique_fct_repo_lifecycle_event_id.1b85b8280b
[0m13:14:08.761503 [debug] [MainThread]: Opening a new connection, currently in state closed
[0m13:14:08.836920 [debug] [MainThread]: Connection 'master' was properly closed.
[0m13:14:08.837126 [debug] [MainThread]: Connection 'test.github_pulse.unique_fct_repo_engagement_engagement_sk.6da8627b9b' was properly closed.
[0m13:14:08.837231 [debug] [MainThread]: Connection 'test.github_pulse.unique_fct_repo_lifecycle_event_id.1b85b8280b' was properly closed.
[0m13:14:08.837325 [debug] [MainThread]: Connection 'test.github_pulse.unique_fct_repo_engagement_event_id.bfb43b4093' was properly closed.
[0m13:14:08.837411 [debug] [MainThread]: Connection 'test.github_pulse.unique_fct_repo_lifecycle_lifecycle_sk.db238593cd' was properly closed.
[0m13:14:08.837549 [info ] [MainThread]: 
[0m13:14:08.837666 [info ] [MainThread]: Finished running 18 data tests in 0 hours 0 minutes and 10.31 seconds (10.31s).
[0m13:14:08.838620 [debug] [MainThread]: Command end result
[0m13:14:08.857868 [debug] [MainThread]: Wrote artifact WritableManifest to /Users/perrikwong/Desktop/github_pulse/target/manifest.json
[0m13:14:08.858587 [debug] [MainThread]: Wrote artifact SemanticManifest to /Users/perrikwong/Desktop/github_pulse/target/semantic_manifest.json
[0m13:14:08.861253 [debug] [MainThread]: Wrote artifact RunExecutionResult to /Users/perrikwong/Desktop/github_pulse/target/run_results.json
[0m13:14:08.861357 [info ] [MainThread]: 
[0m13:14:08.861479 [info ] [MainThread]: [31mCompleted with 6 errors, 0 partial successes, and 0 warnings:[0m
[0m13:14:08.861580 [info ] [MainThread]: 
[0m13:14:08.861706 [error] [MainThread]: [31mFailure in test unique_fct_pull_requests_pr_event_sk (models/marts/pull_requests/_models.yml)[0m
[0m13:14:08.861822 [error] [MainThread]:   Got 273 results, configured to fail if != 0
[0m13:14:08.861909 [info ] [MainThread]: 
[0m13:14:08.862015 [info ] [MainThread]:   compiled code at target/compiled/github_pulse/models/marts/pull_requests/_models.yml/unique_fct_pull_requests_pr_event_sk.sql
[0m13:14:08.862106 [info ] [MainThread]: 
[0m13:14:08.862214 [error] [MainThread]: [31mFailure in test unique_fct_pull_requests_event_id (models/marts/pull_requests/_models.yml)[0m
[0m13:14:08.862320 [error] [MainThread]:   Got 273 results, configured to fail if != 0
[0m13:14:08.862406 [info ] [MainThread]: 
[0m13:14:08.862513 [info ] [MainThread]:   compiled code at target/compiled/github_pulse/models/marts/pull_requests/_models.yml/unique_fct_pull_requests_event_id.sql
[0m13:14:08.862599 [info ] [MainThread]: 
[0m13:14:08.862706 [error] [MainThread]: [31mFailure in test unique_fct_repo_engagement_event_id (models/marts/engagement/_models.yml)[0m
[0m13:14:08.862814 [error] [MainThread]:   Got 17 results, configured to fail if != 0
[0m13:14:08.862897 [info ] [MainThread]: 
[0m13:14:08.863000 [info ] [MainThread]:   compiled code at target/compiled/github_pulse/models/marts/engagement/_models.yml/unique_fct_repo_engagement_event_id.sql
[0m13:14:08.863087 [info ] [MainThread]: 
[0m13:14:08.863193 [error] [MainThread]: [31mFailure in test unique_fct_repo_engagement_engagement_sk (models/marts/engagement/_models.yml)[0m
[0m13:14:08.863297 [error] [MainThread]:   Got 17 results, configured to fail if != 0
[0m13:14:08.863379 [info ] [MainThread]: 
[0m13:14:08.863481 [info ] [MainThread]:   compiled code at target/compiled/github_pulse/models/marts/engagement/_models.yml/unique_fct_repo_engagement_engagement_sk.sql
[0m13:14:08.863566 [info ] [MainThread]: 
[0m13:14:08.863674 [error] [MainThread]: [31mFailure in test unique_fct_repo_lifecycle_lifecycle_sk (models/marts/lifecycle/_models.yml)[0m
[0m13:14:08.863780 [error] [MainThread]:   Got 5628 results, configured to fail if != 0
[0m13:14:08.863865 [info ] [MainThread]: 
[0m13:14:08.863968 [info ] [MainThread]:   compiled code at target/compiled/github_pulse/models/marts/lifecycle/_models.yml/unique_fct_repo_lifecycle_lifecycle_sk.sql
[0m13:14:08.864055 [info ] [MainThread]: 
[0m13:14:08.864163 [error] [MainThread]: [31mFailure in test unique_fct_repo_lifecycle_event_id (models/marts/lifecycle/_models.yml)[0m
[0m13:14:08.864269 [error] [MainThread]:   Got 5628 results, configured to fail if != 0
[0m13:14:08.864350 [info ] [MainThread]: 
[0m13:14:08.864449 [info ] [MainThread]:   compiled code at target/compiled/github_pulse/models/marts/lifecycle/_models.yml/unique_fct_repo_lifecycle_event_id.sql
[0m13:14:08.864544 [info ] [MainThread]: 
[0m13:14:08.864645 [info ] [MainThread]: Done. PASS=12 WARN=0 ERROR=6 SKIP=0 NO-OP=0 TOTAL=18
[0m13:14:08.864882 [debug] [MainThread]: Resource report: {"command_name": "test", "command_success": false, "command_wall_clock_time": 11.248105, "process_in_blocks": "0", "process_kernel_time": 0.329457, "process_mem_max_rss": "234749952", "process_out_blocks": "0", "process_user_time": 3.100796}
[0m13:14:08.865041 [debug] [MainThread]: Command `dbt test` failed at 13:14:08.865010 after 11.25 seconds
[0m13:14:08.865175 [debug] [MainThread]: Sending event: {'category': 'dbt', 'action': 'invocation', 'label': 'end', 'context': [<snowplow_tracker.self_describing_json.SelfDescribingJson object at 0x1086aa310>, <snowplow_tracker.self_describing_json.SelfDescribingJson object at 0x1086aa010>, <snowplow_tracker.self_describing_json.SelfDescribingJson object at 0x1042ae550>]}
[0m13:14:08.865300 [debug] [MainThread]: Flushing usage events
[0m13:14:09.224595 [debug] [MainThread]: An error was encountered while trying to flush usage events
[0m13:25:57.551510 [debug] [MainThread]: Sending event: {'category': 'dbt', 'action': 'invocation', 'label': 'start', 'context': [<snowplow_tracker.self_describing_json.SelfDescribingJson object at 0x111eed290>, <snowplow_tracker.self_describing_json.SelfDescribingJson object at 0x111fbb650>, <snowplow_tracker.self_describing_json.SelfDescribingJson object at 0x111fbb850>]}


============================== 13:25:57.554106 | 7edee51e-8d93-48f3-af11-2ba9e2593d97 ==============================
[0m13:25:57.554106 [info ] [MainThread]: Running with dbt=1.11.11
[0m13:25:57.554355 [debug] [MainThread]: running dbt with arguments {'invocation_command': 'dbt run --select staging marts.pull_requests marts.engagement marts.lifecycle', 'use_colors': 'True', 'debug': 'False', 'version_check': 'True', 'empty': 'False', 'cache_selected_only': 'False', 'log_path': '/Users/perrikwong/Desktop/github_pulse/logs', 'quiet': 'False', 'log_cache_events': 'False', 'indirect_selection': 'eager', 'static_parser': 'True', 'introspect': 'True', 'write_json': 'True', 'profiles_dir': '/Users/perrikwong/.dbt', 'warn_error': 'None', 'use_experimental_parser': 'False', 'no_print': 'None', 'log_format': 'default', 'send_anonymous_usage_stats': 'True', 'partial_parse': 'True', 'fail_fast': 'False', 'warn_error_options': 'WarnErrorOptionsV2(error=[], warn=[], silence=[])', 'target_path': 'None', 'printer_width': '80'}
[0m13:25:58.165338 [debug] [MainThread]: Sending event: {'category': 'dbt', 'action': 'project_id', 'label': '7edee51e-8d93-48f3-af11-2ba9e2593d97', 'context': [<snowplow_tracker.self_describing_json.SelfDescribingJson object at 0x1279bfd50>]}
[0m13:25:58.186591 [debug] [MainThread]: Sending event: {'category': 'dbt', 'action': 'adapter_info', 'label': '7edee51e-8d93-48f3-af11-2ba9e2593d97', 'context': [<snowplow_tracker.self_describing_json.SelfDescribingJson object at 0x10510a450>]}
[0m13:25:58.186837 [info ] [MainThread]: Registered adapter: bigquery=1.11.1
[0m13:25:58.257151 [debug] [MainThread]: checksum: 30a8cc8fdcbf66701b0944d4ccce3fa46dd04b61e5df68b9f16d57b2e0e3f0be, vars: {}, profile: , target: , version: 1.11.11
[0m13:25:58.341170 [debug] [MainThread]: Partial parsing enabled: 0 files deleted, 0 files added, 2 files changed.
[0m13:25:58.341537 [debug] [MainThread]: Partial parsing: updated file: github_pulse://models/staging/stg_github__create_events.sql
[0m13:25:58.341707 [debug] [MainThread]: Partial parsing: updated file: github_pulse://models/staging/stg_github__delete_events.sql
[0m13:25:58.544286 [warn ] [MainThread]: [[33mWARNING[0m]: Configuration paths exist in your dbt_project.yml file which do not apply to any resources.
There are 1 unused configuration paths:
- models.github_pulse.intermediate
[0m13:25:58.549680 [debug] [MainThread]: Sending event: {'category': 'dbt', 'action': 'load_project', 'label': '7edee51e-8d93-48f3-af11-2ba9e2593d97', 'context': [<snowplow_tracker.self_describing_json.SelfDescribingJson object at 0x127ecac50>]}
[0m13:25:58.596847 [debug] [MainThread]: Wrote artifact WritableManifest to /Users/perrikwong/Desktop/github_pulse/target/manifest.json
[0m13:25:58.598138 [debug] [MainThread]: Wrote artifact SemanticManifest to /Users/perrikwong/Desktop/github_pulse/target/semantic_manifest.json
[0m13:25:58.604756 [debug] [MainThread]: Sending event: {'category': 'dbt', 'action': 'resource_counts', 'label': '7edee51e-8d93-48f3-af11-2ba9e2593d97', 'context': [<snowplow_tracker.self_describing_json.SelfDescribingJson object at 0x127ed34d0>]}
[0m13:25:58.604937 [info ] [MainThread]: Found 10 models, 1 snapshot, 54 data tests, 1 source, 665 macros
[0m13:25:58.605057 [debug] [MainThread]: Sending event: {'category': 'dbt', 'action': 'runnable_timing', 'label': '7edee51e-8d93-48f3-af11-2ba9e2593d97', 'context': [<snowplow_tracker.self_describing_json.SelfDescribingJson object at 0x127e13150>]}
[0m13:25:58.606305 [info ] [MainThread]: 
[0m13:25:58.606427 [info ] [MainThread]: Concurrency: 4 threads (target='dev')
[0m13:25:58.606524 [info ] [MainThread]: 
[0m13:25:58.606699 [debug] [MainThread]: Acquiring new bigquery connection 'master'
[0m13:25:58.608275 [debug] [ThreadPool]: Acquiring new bigquery connection 'list_github-pulse-jumpy'
[0m13:25:58.608474 [debug] [ThreadPool]: Acquiring new bigquery connection 'list_github-pulse-jumpy'
[0m13:25:58.608587 [debug] [ThreadPool]: Opening a new connection, currently in state init
[0m13:25:58.608710 [debug] [ThreadPool]: Opening a new connection, currently in state init
[0m13:25:59.798011 [debug] [ThreadPool]: Re-using an available connection from the pool (formerly list_github-pulse-jumpy, now list_github-pulse-jumpy_github_pulse_analytics_dev_marts)
[0m13:25:59.799342 [debug] [ThreadPool]: Re-using an available connection from the pool (formerly list_github-pulse-jumpy, now list_github-pulse-jumpy_github_pulse_analytics_dev_staging)
[0m13:25:59.800745 [debug] [ThreadPool]: Acquiring new bigquery connection 'list_github-pulse-jumpy_github_pulse_analytics_dev_core'
[0m13:25:59.801799 [debug] [ThreadPool]: Opening a new connection, currently in state closed
[0m13:25:59.802368 [debug] [ThreadPool]: Acquiring new bigquery connection 'list_github-pulse-jumpy_snapshots'
[0m13:25:59.803085 [debug] [ThreadPool]: Opening a new connection, currently in state closed
[0m13:25:59.803770 [debug] [ThreadPool]: Opening a new connection, currently in state init
[0m13:25:59.804921 [debug] [ThreadPool]: Opening a new connection, currently in state init
[0m13:26:00.493030 [debug] [MainThread]: Sending event: {'category': 'dbt', 'action': 'runnable_timing', 'label': '7edee51e-8d93-48f3-af11-2ba9e2593d97', 'context': [<snowplow_tracker.self_describing_json.SelfDescribingJson object at 0x11202d950>]}
[0m13:26:00.494397 [debug] [MainThread]: Opening a new connection, currently in state init
[0m13:26:00.585544 [debug] [Thread-1 (]: Began running node model.github_pulse.stg_github__create_events
[0m13:26:00.585801 [debug] [Thread-2 (]: Began running node model.github_pulse.stg_github__delete_events
[0m13:26:00.586012 [debug] [Thread-3 (]: Began running node model.github_pulse.stg_github__pull_request_events
[0m13:26:00.586167 [debug] [Thread-4 (]: Began running node model.github_pulse.stg_github__watch_events
[0m13:26:00.586400 [info ] [Thread-1 (]: 1 of 7 START sql view model github_pulse_analytics_dev_staging.stg_github__create_events  [RUN]
[0m13:26:00.586629 [info ] [Thread-2 (]: 2 of 7 START sql view model github_pulse_analytics_dev_staging.stg_github__delete_events  [RUN]
[0m13:26:00.586808 [info ] [Thread-3 (]: 3 of 7 START sql view model github_pulse_analytics_dev_staging.stg_github__pull_request_events  [RUN]
[0m13:26:00.586970 [info ] [Thread-4 (]: 4 of 7 START sql view model github_pulse_analytics_dev_staging.stg_github__watch_events  [RUN]
[0m13:26:00.587148 [debug] [Thread-1 (]: Re-using an available connection from the pool (formerly list_github-pulse-jumpy_github_pulse_analytics_dev_marts, now model.github_pulse.stg_github__create_events)
[0m13:26:00.587275 [debug] [Thread-2 (]: Re-using an available connection from the pool (formerly list_github-pulse-jumpy_github_pulse_analytics_dev_staging, now model.github_pulse.stg_github__delete_events)
[0m13:26:00.587391 [debug] [Thread-3 (]: Re-using an available connection from the pool (formerly list_github-pulse-jumpy_github_pulse_analytics_dev_core, now model.github_pulse.stg_github__pull_request_events)
[0m13:26:00.587502 [debug] [Thread-4 (]: Re-using an available connection from the pool (formerly list_github-pulse-jumpy_snapshots, now model.github_pulse.stg_github__watch_events)
[0m13:26:00.587618 [debug] [Thread-1 (]: Began compiling node model.github_pulse.stg_github__create_events
[0m13:26:00.587727 [debug] [Thread-2 (]: Began compiling node model.github_pulse.stg_github__delete_events
[0m13:26:00.587836 [debug] [Thread-3 (]: Began compiling node model.github_pulse.stg_github__pull_request_events
[0m13:26:00.587937 [debug] [Thread-4 (]: Began compiling node model.github_pulse.stg_github__watch_events
[0m13:26:00.591236 [debug] [Thread-1 (]: Writing injected SQL for node "model.github_pulse.stg_github__create_events"
[0m13:26:00.592397 [debug] [Thread-2 (]: Writing injected SQL for node "model.github_pulse.stg_github__delete_events"
[0m13:26:00.593531 [debug] [Thread-3 (]: Writing injected SQL for node "model.github_pulse.stg_github__pull_request_events"
[0m13:26:00.594542 [debug] [Thread-4 (]: Writing injected SQL for node "model.github_pulse.stg_github__watch_events"
[0m13:26:00.595052 [debug] [Thread-1 (]: Began executing node model.github_pulse.stg_github__create_events
[0m13:26:00.595201 [debug] [Thread-2 (]: Began executing node model.github_pulse.stg_github__delete_events
[0m13:26:00.601597 [debug] [Thread-3 (]: Began executing node model.github_pulse.stg_github__pull_request_events
[0m13:26:00.601726 [debug] [Thread-4 (]: Began executing node model.github_pulse.stg_github__watch_events
[0m13:26:00.605507 [debug] [Thread-1 (]: Writing runtime sql for node "model.github_pulse.stg_github__create_events"
[0m13:26:00.607185 [debug] [Thread-2 (]: Writing runtime sql for node "model.github_pulse.stg_github__delete_events"
[0m13:26:00.608167 [debug] [Thread-3 (]: Writing runtime sql for node "model.github_pulse.stg_github__pull_request_events"
[0m13:26:00.609068 [debug] [Thread-4 (]: Writing runtime sql for node "model.github_pulse.stg_github__watch_events"
[0m13:26:00.609796 [debug] [Thread-3 (]: On model.github_pulse.stg_github__pull_request_events: /* {"app": "dbt", "dbt_version": "1.11.11", "profile_name": "github_pulse", "target_name": "dev", "node_id": "model.github_pulse.stg_github__pull_request_events"} */


  create or replace view `github-pulse-jumpy`.`github_pulse_analytics_dev_staging`.`stg_github__pull_request_events`
  OPTIONS()
  as 

with source as (

    select *
    from `githubarchive`.`day`.`20260428`
    where type = 'PullRequestEvent'

),

renamed as (

    select
        -- identifiers
        id                                                                  as event_id,
        cast(json_value(payload, '$.pull_request.id') as int64)             as pr_id,
        cast(json_value(payload, '$.number') as int64)                      as pr_number,

        -- actor (the user performing the action)
        actor.id                                                            as actor_id,
        actor.login                                                         as actor_login,

        -- repo
        repo.id                                                             as repo_id,
        repo.name                                                           as repo_name,

        -- org (nullable — only set when repo is in an org)
        org.id                                                              as org_id,
        org.login                                                           as org_login,

        -- action: what happened to the PR
        -- (opened / closed / merged / reopened / labeled / assigned / etc.)
        json_value(payload, '$.action')                                     as pr_action,

        -- convenience flags derived from action
        case when json_value(payload, '$.action') = 'opened'   then true else false end as is_opened,
        case when json_value(payload, '$.action') = 'closed'   then true else false end as is_closed,
        case when json_value(payload, '$.action') = 'merged'   then true else false end as is_merged,
        case when json_value(payload, '$.action') = 'reopened' then true else false end as is_reopened,
        case when json_value(payload, '$.action') = 'labeled'  then true else false end as is_labeled,

        -- timestamp
        created_at                                                          as event_at

    from source

)

select * from renamed;


[0m13:26:00.610028 [debug] [Thread-2 (]: On model.github_pulse.stg_github__delete_events: /* {"app": "dbt", "dbt_version": "1.11.11", "profile_name": "github_pulse", "target_name": "dev", "node_id": "model.github_pulse.stg_github__delete_events"} */


  create or replace view `github-pulse-jumpy`.`github_pulse_analytics_dev_staging`.`stg_github__delete_events`
  OPTIONS()
  as 

with source as (

    select *
    from `githubarchive`.`day`.`20260428`
    where type = 'DeleteEvent'

),

deduplicated as (

    select *
    from source
    qualify row_number() over (
        partition by id
        order by created_at
    ) = 1

),

renamed as (

    select
        id                                              as event_id,

        actor.id                                        as actor_id,
        actor.login                                     as actor_login,

        repo.id                                         as repo_id,
        repo.name                                       as repo_name,

        org.id                                          as org_id,
        org.login                                       as org_login,

        -- what was deleted: 'branch' or 'tag' (repos don't generate DeleteEvent)
        json_value(payload, '$.ref_type')               as ref_type,
        json_value(payload, '$.ref')                    as ref_name,

        created_at                                      as event_at

    from deduplicated

)

select * from renamed;


[0m13:26:00.610208 [debug] [Thread-4 (]: On model.github_pulse.stg_github__watch_events: /* {"app": "dbt", "dbt_version": "1.11.11", "profile_name": "github_pulse", "target_name": "dev", "node_id": "model.github_pulse.stg_github__watch_events"} */


  create or replace view `github-pulse-jumpy`.`github_pulse_analytics_dev_staging`.`stg_github__watch_events`
  OPTIONS()
  as with source as (
    select *
    from `githubarchive`.`day`.`20260428`
    where type = 'WatchEvent'
),

deduplicated as (
    select *
    from source
    qualify row_number() over (partition by id order by created_at) = 1
),

renamed as (
    select
        id                  as event_id,
        actor.id            as actor_id,
        actor.login         as actor_login,
        repo.id             as repo_id,
        repo.name           as repo_name,
        org.id              as org_id,
        org.login           as org_login,
        json_value(payload, '$.action')   as engagement_action,
        created_at          as event_at
    from deduplicated  
)

select * from renamed;


[0m13:26:00.610379 [debug] [Thread-3 (]: Opening a new connection, currently in state closed
[0m13:26:00.610539 [debug] [Thread-1 (]: On model.github_pulse.stg_github__create_events: /* {"app": "dbt", "dbt_version": "1.11.11", "profile_name": "github_pulse", "target_name": "dev", "node_id": "model.github_pulse.stg_github__create_events"} */


  create or replace view `github-pulse-jumpy`.`github_pulse_analytics_dev_staging`.`stg_github__create_events`
  OPTIONS()
  as 

with source as (

    select *
    from `githubarchive`.`day`.`20260428`
    where type = 'CreateEvent'

),

deduplicated as (
    select *
    from source
    qualify row_number() over (partition by id order by created_at) = 1
),

renamed as (

    select
        id                                              as event_id,

        actor.id                                        as actor_id,
        actor.login                                     as actor_login,

        repo.id                                         as repo_id,
        repo.name                                       as repo_name,

        org.id                                          as org_id,
        org.login                                       as org_login,

        -- what was created: 'branch', 'tag', or 'repository'
        json_value(payload, '$.ref_type')               as ref_type,
        -- the name of the branch / tag (null for repository creation)
        json_value(payload, '$.ref')                    as ref_name,
        -- description of the repo when ref_type = 'repository'
        json_value(payload, '$.description')            as description,
        -- master_branch — typically only set for repo creation
        json_value(payload, '$.master_branch')          as master_branch,

        created_at                                      as event_at

    from deduplicated

)

select * from renamed;


[0m13:26:00.610715 [debug] [Thread-2 (]: Opening a new connection, currently in state closed
[0m13:26:00.610854 [debug] [Thread-4 (]: Opening a new connection, currently in state closed
[0m13:26:00.611025 [debug] [Thread-1 (]: Opening a new connection, currently in state closed
[0m13:26:01.465509 [debug] [Thread-3 (]: BigQuery adapter: https://console.cloud.google.com/bigquery?project=github-pulse-jumpy&j=bq:US:e3c99c27-dceb-4eb3-8b08-f65c5f267233&page=queryresults
[0m13:26:01.493819 [debug] [Thread-4 (]: BigQuery adapter: https://console.cloud.google.com/bigquery?project=github-pulse-jumpy&j=bq:US:569bf9b0-b67d-4a1b-ae5f-b3c22719e4c8&page=queryresults
[0m13:26:01.539320 [debug] [Thread-2 (]: BigQuery adapter: https://console.cloud.google.com/bigquery?project=github-pulse-jumpy&j=bq:US:fee21842-15b7-4b0e-a764-0b6d48a671de&page=queryresults
[0m13:26:01.543144 [debug] [Thread-1 (]: BigQuery adapter: https://console.cloud.google.com/bigquery?project=github-pulse-jumpy&j=bq:US:1acce358-715f-4636-8d39-ad5e1b853cad&page=queryresults
[0m13:26:01.890682 [debug] [Thread-4 (]: SQL status: OK in 0.395 seconds
[0m13:26:01.913923 [debug] [Thread-3 (]: SQL status: OK in 0.447 seconds
[0m13:26:01.970294 [debug] [Thread-1 (]: SQL status: OK in 0.426 seconds
[0m13:26:01.972789 [debug] [Thread-3 (]: Sending event: {'category': 'dbt', 'action': 'run_model', 'label': '7edee51e-8d93-48f3-af11-2ba9e2593d97', 'context': [<snowplow_tracker.self_describing_json.SelfDescribingJson object at 0x1305cb110>]}
[0m13:26:01.973302 [debug] [Thread-1 (]: Sending event: {'category': 'dbt', 'action': 'run_model', 'label': '7edee51e-8d93-48f3-af11-2ba9e2593d97', 'context': [<snowplow_tracker.self_describing_json.SelfDescribingJson object at 0x127ed0850>]}
[0m13:26:01.973428 [debug] [Thread-4 (]: Sending event: {'category': 'dbt', 'action': 'run_model', 'label': '7edee51e-8d93-48f3-af11-2ba9e2593d97', 'context': [<snowplow_tracker.self_describing_json.SelfDescribingJson object at 0x1305ca8d0>]}
[0m13:26:01.973742 [info ] [Thread-3 (]: 3 of 7 OK created sql view model github_pulse_analytics_dev_staging.stg_github__pull_request_events  [[32mCREATE VIEW (0 processed)[0m in 1.38s]
[0m13:26:01.974004 [info ] [Thread-1 (]: 1 of 7 OK created sql view model github_pulse_analytics_dev_staging.stg_github__create_events  [[32mCREATE VIEW (0 processed)[0m in 1.39s]
[0m13:26:01.974245 [info ] [Thread-4 (]: 4 of 7 OK created sql view model github_pulse_analytics_dev_staging.stg_github__watch_events  [[32mCREATE VIEW (0 processed)[0m in 1.38s]
[0m13:26:01.974478 [debug] [Thread-3 (]: Finished running node model.github_pulse.stg_github__pull_request_events
[0m13:26:01.974696 [debug] [Thread-1 (]: Finished running node model.github_pulse.stg_github__create_events
[0m13:26:01.974895 [debug] [Thread-4 (]: Finished running node model.github_pulse.stg_github__watch_events
[0m13:26:01.999967 [debug] [Thread-2 (]: SQL status: OK in 0.459 seconds
[0m13:26:02.001637 [debug] [Thread-2 (]: Sending event: {'category': 'dbt', 'action': 'run_model', 'label': '7edee51e-8d93-48f3-af11-2ba9e2593d97', 'context': [<snowplow_tracker.self_describing_json.SelfDescribingJson object at 0x13023ec10>]}
[0m13:26:02.001901 [info ] [Thread-2 (]: 2 of 7 OK created sql view model github_pulse_analytics_dev_staging.stg_github__delete_events  [[32mCREATE VIEW (0 processed)[0m in 1.41s]
[0m13:26:02.002130 [debug] [Thread-2 (]: Finished running node model.github_pulse.stg_github__delete_events
[0m13:26:02.002509 [debug] [Thread-3 (]: Began running node model.github_pulse.fct_pull_requests
[0m13:26:02.002667 [debug] [Thread-1 (]: Began running node model.github_pulse.fct_repo_engagement
[0m13:26:02.002878 [info ] [Thread-3 (]: 5 of 7 START sql table model github_pulse_analytics_dev_marts.fct_pull_requests  [RUN]
[0m13:26:02.003036 [debug] [Thread-4 (]: Began running node model.github_pulse.fct_repo_lifecycle
[0m13:26:02.003229 [info ] [Thread-1 (]: 6 of 7 START sql table model github_pulse_analytics_dev_marts.fct_repo_engagement  [RUN]
[0m13:26:02.003405 [debug] [Thread-3 (]: Re-using an available connection from the pool (formerly model.github_pulse.stg_github__pull_request_events, now model.github_pulse.fct_pull_requests)
[0m13:26:02.003593 [info ] [Thread-4 (]: 7 of 7 START sql table model github_pulse_analytics_dev_marts.fct_repo_lifecycle  [RUN]
[0m13:26:02.003753 [debug] [Thread-1 (]: Re-using an available connection from the pool (formerly model.github_pulse.stg_github__create_events, now model.github_pulse.fct_repo_engagement)
[0m13:26:02.003901 [debug] [Thread-3 (]: Began compiling node model.github_pulse.fct_pull_requests
[0m13:26:02.004042 [debug] [Thread-4 (]: Re-using an available connection from the pool (formerly model.github_pulse.stg_github__watch_events, now model.github_pulse.fct_repo_lifecycle)
[0m13:26:02.004183 [debug] [Thread-1 (]: Began compiling node model.github_pulse.fct_repo_engagement
[0m13:26:02.010996 [debug] [Thread-3 (]: Writing injected SQL for node "model.github_pulse.fct_pull_requests"
[0m13:26:02.011180 [debug] [Thread-4 (]: Began compiling node model.github_pulse.fct_repo_lifecycle
[0m13:26:02.013506 [debug] [Thread-1 (]: Writing injected SQL for node "model.github_pulse.fct_repo_engagement"
[0m13:26:02.015585 [debug] [Thread-4 (]: Writing injected SQL for node "model.github_pulse.fct_repo_lifecycle"
[0m13:26:02.015835 [debug] [Thread-3 (]: Began executing node model.github_pulse.fct_pull_requests
[0m13:26:02.020125 [debug] [Thread-3 (]: Opening a new connection, currently in state closed
[0m13:26:02.070149 [debug] [Thread-1 (]: Began executing node model.github_pulse.fct_repo_engagement
[0m13:26:02.070340 [debug] [Thread-4 (]: Began executing node model.github_pulse.fct_repo_lifecycle
[0m13:26:02.071671 [debug] [Thread-1 (]: Opening a new connection, currently in state closed
[0m13:26:02.072507 [debug] [Thread-4 (]: Opening a new connection, currently in state closed
[0m13:26:02.608380 [debug] [Thread-1 (]: Writing runtime sql for node "model.github_pulse.fct_repo_engagement"
[0m13:26:02.608993 [debug] [Thread-4 (]: Writing runtime sql for node "model.github_pulse.fct_repo_lifecycle"
[0m13:26:02.610965 [debug] [Thread-1 (]: On model.github_pulse.fct_repo_engagement: /* {"app": "dbt", "dbt_version": "1.11.11", "profile_name": "github_pulse", "target_name": "dev", "node_id": "model.github_pulse.fct_repo_engagement"} */

  
    

    create or replace table `github-pulse-jumpy`.`github_pulse_analytics_dev_marts`.`fct_repo_engagement`
      
    
    

    
    OPTIONS()
    as (
      

with watch_events as (

    select * from `github-pulse-jumpy`.`github_pulse_analytics_dev_staging`.`stg_github__watch_events`

),

dim_repo as (

    select repo_id, repo_sk, repo_name, repo_owner, repo_slug, repo_url
    from `github-pulse-jumpy`.`github_pulse_analytics_dev_core`.`dim_repo`
    where is_current

),

dim_actor as (

    select actor_id, actor_login
    from `github-pulse-jumpy`.`github_pulse_analytics_dev_core`.`dim_actor`

),

dim_date as (

    select date_id, calendar_date
    from `github-pulse-jumpy`.`github_pulse_analytics_dev_core`.`dim_date`

),

final as (

    select
        -- surrogate key
        to_hex(md5(cast(coalesce(cast(w.event_id as string), '_dbt_utils_surrogate_key_null_') as string)))      as engagement_sk,

        -- foreign keys
        w.event_id,
        coalesce(r.repo_sk, 'unknown')                              as repo_sk,
        coalesce(
            d.date_id,
            cast(format_date('%Y%m%d', date(w.event_at)) as int64)
        )                                                           as date_id,

        -- actor
        w.actor_id,
        coalesce(a.actor_login, w.actor_login)                      as actor_login,

        -- repo (denormalized)
        coalesce(r.repo_name, w.repo_name)                          as repo_name,
        r.repo_owner,
        r.repo_slug,
        r.repo_url,

        -- engagement type (always 'started' = starred for WatchEvent)
        w.engagement_action,

        -- timestamp
        w.event_at

    from watch_events w
    left join dim_repo   r on w.repo_id  = r.repo_id
    left join dim_actor  a on w.actor_id = a.actor_id
    left join dim_date   d on date(w.event_at) = d.calendar_date

)

select * from final
    );
  
[0m13:26:02.611491 [debug] [Thread-4 (]: On model.github_pulse.fct_repo_lifecycle: /* {"app": "dbt", "dbt_version": "1.11.11", "profile_name": "github_pulse", "target_name": "dev", "node_id": "model.github_pulse.fct_repo_lifecycle"} */

  
    

    create or replace table `github-pulse-jumpy`.`github_pulse_analytics_dev_marts`.`fct_repo_lifecycle`
      
    
    

    
    OPTIONS()
    as (
      

with create_events as (

    select
        event_id,
        actor_id,
        actor_login,
        repo_id,
        repo_name,
        org_id,
        org_login,
        ref_type,
        ref_name,
        event_at,
        'created'   as lifecycle_action
    from `github-pulse-jumpy`.`github_pulse_analytics_dev_staging`.`stg_github__create_events`

),

delete_events as (

    select
        event_id,
        actor_id,
        actor_login,
        repo_id,
        repo_name,
        org_id,
        org_login,
        ref_type,
        ref_name,
        event_at,
        'deleted'   as lifecycle_action
    from `github-pulse-jumpy`.`github_pulse_analytics_dev_staging`.`stg_github__delete_events`

),

unioned as (

    select * from create_events
    union all
    select * from delete_events

),

dim_repo as (

    select repo_id, repo_sk, repo_name, repo_owner, repo_slug
    from `github-pulse-jumpy`.`github_pulse_analytics_dev_core`.`dim_repo`
    where is_current

),

dim_date as (

    select date_id, calendar_date
    from `github-pulse-jumpy`.`github_pulse_analytics_dev_core`.`dim_date`

),

final as (

    select
        to_hex(md5(cast(coalesce(cast(u.event_id as string), '_dbt_utils_surrogate_key_null_') as string)))      as lifecycle_sk,

        u.event_id,
        coalesce(r.repo_sk, 'unknown')                              as repo_sk,
        coalesce(
            d.date_id,
            cast(format_date('%Y%m%d', date(u.event_at)) as int64)
        )                                                           as date_id,

        u.actor_id,
        u.actor_login,

        -- repo (denormalized)
        coalesce(r.repo_name, u.repo_name)                          as repo_name,
        r.repo_owner,
        r.repo_slug,

        -- lifecycle details
        u.lifecycle_action,     -- 'created' or 'deleted'
        u.ref_type,             -- 'branch', 'tag', or 'repository'
        u.ref_name,

        -- derived
        u.ref_type = 'branch'   as is_branch_event,
        u.ref_type = 'tag'      as is_tag_event,

        u.event_at

    from unioned u
    left join dim_repo  r on u.repo_id = r.repo_id
    left join dim_date  d on date(u.event_at) = d.calendar_date

)

select * from final
    );
  
[0m13:26:02.847228 [debug] [Thread-3 (]: Writing runtime sql for node "model.github_pulse.fct_pull_requests"
[0m13:26:02.854355 [debug] [Thread-3 (]: On model.github_pulse.fct_pull_requests: /* {"app": "dbt", "dbt_version": "1.11.11", "profile_name": "github_pulse", "target_name": "dev", "node_id": "model.github_pulse.fct_pull_requests"} */

  
    

    create or replace table `github-pulse-jumpy`.`github_pulse_analytics_dev_marts`.`fct_pull_requests`
      
    
    

    
    OPTIONS()
    as (
      

with pr_events as (

    select * from `github-pulse-jumpy`.`github_pulse_analytics_dev_staging`.`stg_github__pull_request_events`

),

dim_repo as (

    select repo_id, repo_sk, repo_name, repo_owner, repo_slug, repo_url
    from `github-pulse-jumpy`.`github_pulse_analytics_dev_core`.`dim_repo`
    where is_current

),

dim_actor as (

    select actor_id, actor_login, profile_url
    from `github-pulse-jumpy`.`github_pulse_analytics_dev_core`.`dim_actor`

),

dim_date as (

    select date_id, calendar_date
    from `github-pulse-jumpy`.`github_pulse_analytics_dev_core`.`dim_date`

),

final as (

    select
        -- surrogate key
        to_hex(md5(cast(coalesce(cast(pr.event_id as string), '_dbt_utils_surrogate_key_null_') as string)))     as pr_event_sk,

        -- foreign keys
        pr.event_id,
        pr.pr_id,
        pr.pr_number,
        coalesce(r.repo_sk, 'unknown')                              as repo_sk,
        coalesce(
            d.date_id,
            cast(format_date('%Y%m%d', date(pr.event_at)) as int64)
        )                                                           as date_id,

        -- actor info (denormalized for query convenience)
        pr.actor_id,
        coalesce(a.actor_login, pr.actor_login)                     as actor_login,

        -- repo info (denormalized)
        coalesce(r.repo_name, pr.repo_name)                         as repo_name,
        r.repo_owner,
        r.repo_slug,

        -- event details
        pr.pr_action,
        pr.is_opened,
        pr.is_closed,
        pr.is_merged,
        pr.is_reopened,
        pr.is_labeled,

        -- timestamp
        pr.event_at

    from pr_events pr
    left join dim_repo   r on pr.repo_id  = r.repo_id
    left join dim_actor  a on pr.actor_id = a.actor_id
    left join dim_date   d on date(pr.event_at) = d.calendar_date

)

select * from final
    );
  
[0m13:26:03.477132 [debug] [Thread-4 (]: BigQuery adapter: https://console.cloud.google.com/bigquery?project=github-pulse-jumpy&j=bq:US:d9c31a6b-ac26-42b1-9acb-1af889128da6&page=queryresults
[0m13:26:03.478472 [debug] [Thread-1 (]: BigQuery adapter: https://console.cloud.google.com/bigquery?project=github-pulse-jumpy&j=bq:US:f9aa55f3-4799-4468-b041-0c3a8854dcb5&page=queryresults
[0m13:26:04.295299 [debug] [Thread-3 (]: BigQuery adapter: https://console.cloud.google.com/bigquery?project=github-pulse-jumpy&j=bq:US:11d1b073-a538-40a4-b388-5c4364e2409d&page=queryresults
[0m13:26:08.665227 [debug] [Thread-1 (]: SQL status: OK in 5.184 seconds
[0m13:26:08.688928 [debug] [Thread-3 (]: SQL status: OK in 4.392 seconds
[0m13:26:08.913560 [debug] [Thread-3 (]: Sending event: {'category': 'dbt', 'action': 'run_model', 'label': '7edee51e-8d93-48f3-af11-2ba9e2593d97', 'context': [<snowplow_tracker.self_describing_json.SelfDescribingJson object at 0x12788f310>]}
[0m13:26:08.917162 [debug] [Thread-1 (]: Sending event: {'category': 'dbt', 'action': 'run_model', 'label': '7edee51e-8d93-48f3-af11-2ba9e2593d97', 'context': [<snowplow_tracker.self_describing_json.SelfDescribingJson object at 0x127eadf10>]}
[0m13:26:08.918091 [info ] [Thread-3 (]: 5 of 7 OK created sql table model github_pulse_analytics_dev_marts.fct_pull_requests  [[32mCREATE TABLE (98.2k rows, 1.9 GiB processed)[0m in 6.91s]
[0m13:26:08.919261 [info ] [Thread-1 (]: 6 of 7 OK created sql table model github_pulse_analytics_dev_marts.fct_repo_engagement  [[32mCREATE TABLE (27.0k rows, 1.9 GiB processed)[0m in 6.91s]
[0m13:26:08.920075 [debug] [Thread-3 (]: Finished running node model.github_pulse.fct_pull_requests
[0m13:26:08.920737 [debug] [Thread-1 (]: Finished running node model.github_pulse.fct_repo_engagement
[0m13:26:13.466499 [debug] [Thread-4 (]: SQL status: OK in 9.987 seconds
[0m13:26:13.642541 [debug] [Thread-4 (]: Sending event: {'category': 'dbt', 'action': 'run_model', 'label': '7edee51e-8d93-48f3-af11-2ba9e2593d97', 'context': [<snowplow_tracker.self_describing_json.SelfDescribingJson object at 0x127ee02d0>]}
[0m13:26:13.644913 [info ] [Thread-4 (]: 7 of 7 OK created sql table model github_pulse_analytics_dev_marts.fct_repo_lifecycle  [[32mCREATE TABLE (568.0k rows, 1.9 GiB processed)[0m in 11.64s]
[0m13:26:13.646357 [debug] [Thread-4 (]: Finished running node model.github_pulse.fct_repo_lifecycle
[0m13:26:13.648167 [debug] [MainThread]: Opening a new connection, currently in state closed
[0m13:26:13.731767 [debug] [MainThread]: Connection 'master' was properly closed.
[0m13:26:13.732041 [debug] [MainThread]: Connection 'model.github_pulse.fct_repo_engagement' was properly closed.
[0m13:26:13.732144 [debug] [MainThread]: Connection 'model.github_pulse.stg_github__delete_events' was properly closed.
[0m13:26:13.732235 [debug] [MainThread]: Connection 'model.github_pulse.fct_pull_requests' was properly closed.
[0m13:26:13.732324 [debug] [MainThread]: Connection 'model.github_pulse.fct_repo_lifecycle' was properly closed.
[0m13:26:13.732482 [info ] [MainThread]: 
[0m13:26:13.732614 [info ] [MainThread]: Finished running 3 table models, 4 view models in 0 hours 0 minutes and 15.13 seconds (15.13s).
[0m13:26:13.733110 [debug] [MainThread]: Command end result
[0m13:26:13.751939 [debug] [MainThread]: Wrote artifact WritableManifest to /Users/perrikwong/Desktop/github_pulse/target/manifest.json
[0m13:26:13.752722 [debug] [MainThread]: Wrote artifact SemanticManifest to /Users/perrikwong/Desktop/github_pulse/target/semantic_manifest.json
[0m13:26:13.755277 [debug] [MainThread]: Wrote artifact RunExecutionResult to /Users/perrikwong/Desktop/github_pulse/target/run_results.json
[0m13:26:13.755414 [info ] [MainThread]: 
[0m13:26:13.755567 [info ] [MainThread]: [32mCompleted successfully[0m
[0m13:26:13.755674 [info ] [MainThread]: 
[0m13:26:13.755795 [info ] [MainThread]: Done. PASS=7 WARN=0 ERROR=0 SKIP=0 NO-OP=0 TOTAL=7
[0m13:26:13.756054 [debug] [MainThread]: Resource report: {"command_name": "run", "command_success": true, "command_wall_clock_time": 16.238913, "process_in_blocks": "0", "process_kernel_time": 0.309832, "process_mem_max_rss": "247971840", "process_out_blocks": "0", "process_user_time": 2.491276}
[0m13:26:13.756221 [debug] [MainThread]: Command `dbt run` succeeded at 13:26:13.756191 after 16.24 seconds
[0m13:26:13.756360 [debug] [MainThread]: Sending event: {'category': 'dbt', 'action': 'invocation', 'label': 'end', 'context': [<snowplow_tracker.self_describing_json.SelfDescribingJson object at 0x111e15810>, <snowplow_tracker.self_describing_json.SelfDescribingJson object at 0x10412b190>, <snowplow_tracker.self_describing_json.SelfDescribingJson object at 0x1043decd0>]}
[0m13:26:13.756480 [debug] [MainThread]: Flushing usage events
[0m13:26:14.263495 [debug] [MainThread]: An error was encountered while trying to flush usage events
[0m13:26:49.825657 [debug] [MainThread]: Sending event: {'category': 'dbt', 'action': 'invocation', 'label': 'start', 'context': [<snowplow_tracker.self_describing_json.SelfDescribingJson object at 0x10a077e50>, <snowplow_tracker.self_describing_json.SelfDescribingJson object at 0x10a9b6d50>, <snowplow_tracker.self_describing_json.SelfDescribingJson object at 0x10a9b79d0>]}


============================== 13:26:49.828188 | f5bd5ccc-f69a-4c38-805e-ded5e0c89dab ==============================
[0m13:26:49.828188 [info ] [MainThread]: Running with dbt=1.11.11
[0m13:26:49.828430 [debug] [MainThread]: running dbt with arguments {'log_format': 'default', 'fail_fast': 'False', 'warn_error': 'None', 'warn_error_options': 'WarnErrorOptionsV2(error=[], warn=[], silence=[])', 'send_anonymous_usage_stats': 'True', 'cache_selected_only': 'False', 'printer_width': '80', 'profiles_dir': '/Users/perrikwong/.dbt', 'empty': 'None', 'target_path': 'None', 'indirect_selection': 'eager', 'debug': 'False', 'introspect': 'True', 'no_print': 'None', 'version_check': 'True', 'write_json': 'True', 'log_path': '/Users/perrikwong/Desktop/github_pulse/logs', 'quiet': 'False', 'invocation_command': 'dbt test --select marts.pull_requests marts.engagement marts.lifecycle', 'log_cache_events': 'False', 'partial_parse': 'True', 'static_parser': 'True', 'use_colors': 'True', 'use_experimental_parser': 'False'}
[0m13:26:50.537085 [debug] [MainThread]: Sending event: {'category': 'dbt', 'action': 'project_id', 'label': 'f5bd5ccc-f69a-4c38-805e-ded5e0c89dab', 'context': [<snowplow_tracker.self_describing_json.SelfDescribingJson object at 0x1195210d0>]}
[0m13:26:50.558565 [debug] [MainThread]: Sending event: {'category': 'dbt', 'action': 'adapter_info', 'label': 'f5bd5ccc-f69a-4c38-805e-ded5e0c89dab', 'context': [<snowplow_tracker.self_describing_json.SelfDescribingJson object at 0x106a77050>]}
[0m13:26:50.558805 [info ] [MainThread]: Registered adapter: bigquery=1.11.1
[0m13:26:50.629147 [debug] [MainThread]: checksum: 30a8cc8fdcbf66701b0944d4ccce3fa46dd04b61e5df68b9f16d57b2e0e3f0be, vars: {}, profile: , target: , version: 1.11.11
[0m13:26:50.714215 [debug] [MainThread]: Partial parsing enabled: 0 files deleted, 0 files added, 0 files changed.
[0m13:26:50.714414 [debug] [MainThread]: Nothing changed, skipping partial parsing.
[0m13:26:50.714512 [debug] [MainThread]: Partial parsing enabled, no changes found, skipping parsing
[0m13:26:50.716979 [warn ] [MainThread]: [[33mWARNING[0m]: Configuration paths exist in your dbt_project.yml file which do not apply to any resources.
There are 1 unused configuration paths:
- models.github_pulse.intermediate
[0m13:26:50.737772 [debug] [MainThread]: Sending event: {'category': 'dbt', 'action': 'load_project', 'label': 'f5bd5ccc-f69a-4c38-805e-ded5e0c89dab', 'context': [<snowplow_tracker.self_describing_json.SelfDescribingJson object at 0x13a1d83d0>]}
[0m13:26:50.785683 [debug] [MainThread]: Wrote artifact WritableManifest to /Users/perrikwong/Desktop/github_pulse/target/manifest.json
[0m13:26:50.786835 [debug] [MainThread]: Wrote artifact SemanticManifest to /Users/perrikwong/Desktop/github_pulse/target/semantic_manifest.json
[0m13:26:50.797043 [debug] [MainThread]: Sending event: {'category': 'dbt', 'action': 'resource_counts', 'label': 'f5bd5ccc-f69a-4c38-805e-ded5e0c89dab', 'context': [<snowplow_tracker.self_describing_json.SelfDescribingJson object at 0x13a1b8850>]}
[0m13:26:50.797243 [info ] [MainThread]: Found 10 models, 1 snapshot, 54 data tests, 1 source, 665 macros
[0m13:26:50.797366 [debug] [MainThread]: Sending event: {'category': 'dbt', 'action': 'runnable_timing', 'label': 'f5bd5ccc-f69a-4c38-805e-ded5e0c89dab', 'context': [<snowplow_tracker.self_describing_json.SelfDescribingJson object at 0x13a364e90>]}
[0m13:26:50.798659 [info ] [MainThread]: 
[0m13:26:50.798796 [info ] [MainThread]: Concurrency: 4 threads (target='dev')
[0m13:26:50.798890 [info ] [MainThread]: 
[0m13:26:50.799074 [debug] [MainThread]: Acquiring new bigquery connection 'master'
[0m13:26:50.800812 [debug] [ThreadPool]: Acquiring new bigquery connection 'list_github-pulse-jumpy_github_pulse_analytics_dev_marts'
[0m13:26:50.801052 [debug] [ThreadPool]: Acquiring new bigquery connection 'list_github-pulse-jumpy_github_pulse_analytics_dev_core'
[0m13:26:50.801277 [debug] [ThreadPool]: Acquiring new bigquery connection 'list_github-pulse-jumpy_github_pulse_analytics_dev_staging'
[0m13:26:50.801423 [debug] [ThreadPool]: Opening a new connection, currently in state init
[0m13:26:50.801581 [debug] [ThreadPool]: Acquiring new bigquery connection 'list_github-pulse-jumpy_snapshots'
[0m13:26:50.801700 [debug] [ThreadPool]: Opening a new connection, currently in state init
[0m13:26:50.801815 [debug] [ThreadPool]: Opening a new connection, currently in state init
[0m13:26:50.801965 [debug] [ThreadPool]: Opening a new connection, currently in state init
[0m13:26:51.550093 [debug] [MainThread]: Sending event: {'category': 'dbt', 'action': 'runnable_timing', 'label': 'f5bd5ccc-f69a-4c38-805e-ded5e0c89dab', 'context': [<snowplow_tracker.self_describing_json.SelfDescribingJson object at 0x13a35f010>]}
[0m13:26:51.551052 [debug] [MainThread]: Opening a new connection, currently in state init
[0m13:26:51.628737 [debug] [Thread-1 (]: Began running node test.github_pulse.accepted_values_fct_repo_lifecycle_lifecycle_action__created__deleted.7a2adcc755
[0m13:26:51.628957 [debug] [Thread-2 (]: Began running node test.github_pulse.not_null_fct_pull_requests_event_at.065c1fb74d
[0m13:26:51.629152 [debug] [Thread-3 (]: Began running node test.github_pulse.not_null_fct_pull_requests_event_id.1964011314
[0m13:26:51.629288 [debug] [Thread-4 (]: Began running node test.github_pulse.not_null_fct_pull_requests_pr_action.af0f98cf30
[0m13:26:51.629448 [info ] [Thread-1 (]: 1 of 18 START test accepted_values_fct_repo_lifecycle_lifecycle_action__created__deleted  [RUN]
[0m13:26:51.629619 [info ] [Thread-2 (]: 2 of 18 START test not_null_fct_pull_requests_event_at ......................... [RUN]
[0m13:26:51.629772 [info ] [Thread-3 (]: 3 of 18 START test not_null_fct_pull_requests_event_id ......................... [RUN]
[0m13:26:51.629906 [info ] [Thread-4 (]: 4 of 18 START test not_null_fct_pull_requests_pr_action ........................ [RUN]
[0m13:26:51.630092 [debug] [Thread-1 (]: Re-using an available connection from the pool (formerly list_github-pulse-jumpy_github_pulse_analytics_dev_marts, now test.github_pulse.accepted_values_fct_repo_lifecycle_lifecycle_action__created__deleted.7a2adcc755)
[0m13:26:51.630347 [debug] [Thread-2 (]: Re-using an available connection from the pool (formerly list_github-pulse-jumpy_github_pulse_analytics_dev_core, now test.github_pulse.not_null_fct_pull_requests_event_at.065c1fb74d)
[0m13:26:51.630476 [debug] [Thread-3 (]: Re-using an available connection from the pool (formerly list_github-pulse-jumpy_github_pulse_analytics_dev_staging, now test.github_pulse.not_null_fct_pull_requests_event_id.1964011314)
[0m13:26:51.630592 [debug] [Thread-4 (]: Re-using an available connection from the pool (formerly list_github-pulse-jumpy_snapshots, now test.github_pulse.not_null_fct_pull_requests_pr_action.af0f98cf30)
[0m13:26:51.630714 [debug] [Thread-1 (]: Began compiling node test.github_pulse.accepted_values_fct_repo_lifecycle_lifecycle_action__created__deleted.7a2adcc755
[0m13:26:51.630821 [debug] [Thread-2 (]: Began compiling node test.github_pulse.not_null_fct_pull_requests_event_at.065c1fb74d
[0m13:26:51.630929 [debug] [Thread-3 (]: Began compiling node test.github_pulse.not_null_fct_pull_requests_event_id.1964011314
[0m13:26:51.631030 [debug] [Thread-4 (]: Began compiling node test.github_pulse.not_null_fct_pull_requests_pr_action.af0f98cf30
[0m13:26:51.638042 [debug] [Thread-1 (]: Writing injected SQL for node "test.github_pulse.accepted_values_fct_repo_lifecycle_lifecycle_action__created__deleted.7a2adcc755"
[0m13:26:51.640921 [debug] [Thread-2 (]: Writing injected SQL for node "test.github_pulse.not_null_fct_pull_requests_event_at.065c1fb74d"
[0m13:26:51.642330 [debug] [Thread-3 (]: Writing injected SQL for node "test.github_pulse.not_null_fct_pull_requests_event_id.1964011314"
[0m13:26:51.643612 [debug] [Thread-4 (]: Writing injected SQL for node "test.github_pulse.not_null_fct_pull_requests_pr_action.af0f98cf30"
[0m13:26:51.644013 [debug] [Thread-1 (]: Began executing node test.github_pulse.accepted_values_fct_repo_lifecycle_lifecycle_action__created__deleted.7a2adcc755
[0m13:26:51.644169 [debug] [Thread-2 (]: Began executing node test.github_pulse.not_null_fct_pull_requests_event_at.065c1fb74d
[0m13:26:51.644280 [debug] [Thread-3 (]: Began executing node test.github_pulse.not_null_fct_pull_requests_event_id.1964011314
[0m13:26:51.652037 [debug] [Thread-1 (]: Writing runtime sql for node "test.github_pulse.accepted_values_fct_repo_lifecycle_lifecycle_action__created__deleted.7a2adcc755"
[0m13:26:51.653052 [debug] [Thread-2 (]: Writing runtime sql for node "test.github_pulse.not_null_fct_pull_requests_event_at.065c1fb74d"
[0m13:26:51.653198 [debug] [Thread-4 (]: Began executing node test.github_pulse.not_null_fct_pull_requests_pr_action.af0f98cf30
[0m13:26:51.693779 [debug] [Thread-3 (]: Writing runtime sql for node "test.github_pulse.not_null_fct_pull_requests_event_id.1964011314"
[0m13:26:51.694887 [debug] [Thread-4 (]: Writing runtime sql for node "test.github_pulse.not_null_fct_pull_requests_pr_action.af0f98cf30"
[0m13:26:51.695213 [debug] [Thread-2 (]: On test.github_pulse.not_null_fct_pull_requests_event_at.065c1fb74d: /* {"app": "dbt", "dbt_version": "1.11.11", "profile_name": "github_pulse", "target_name": "dev", "node_id": "test.github_pulse.not_null_fct_pull_requests_event_at.065c1fb74d"} */

    
    select
      count(*) as failures,
      count(*) != 0 as should_warn,
      count(*) != 0 as should_error
    from (
      
    
  
    
    



select event_at
from `github-pulse-jumpy`.`github_pulse_analytics_dev_marts`.`fct_pull_requests`
where event_at is null



  
  
      
    ) dbt_internal_test
[0m13:26:51.695385 [debug] [Thread-1 (]: On test.github_pulse.accepted_values_fct_repo_lifecycle_lifecycle_action__created__deleted.7a2adcc755: /* {"app": "dbt", "dbt_version": "1.11.11", "profile_name": "github_pulse", "target_name": "dev", "node_id": "test.github_pulse.accepted_values_fct_repo_lifecycle_lifecycle_action__created__deleted.7a2adcc755"} */

    
    select
      count(*) as failures,
      count(*) != 0 as should_warn,
      count(*) != 0 as should_error
    from (
      
    
  
    
    

with all_values as (

    select
        lifecycle_action as value_field,
        count(*) as n_records

    from `github-pulse-jumpy`.`github_pulse_analytics_dev_marts`.`fct_repo_lifecycle`
    group by lifecycle_action

)

select *
from all_values
where value_field not in (
    'created','deleted'
)



  
  
      
    ) dbt_internal_test
[0m13:26:51.695575 [debug] [Thread-2 (]: Opening a new connection, currently in state closed
[0m13:26:51.695743 [debug] [Thread-3 (]: On test.github_pulse.not_null_fct_pull_requests_event_id.1964011314: /* {"app": "dbt", "dbt_version": "1.11.11", "profile_name": "github_pulse", "target_name": "dev", "node_id": "test.github_pulse.not_null_fct_pull_requests_event_id.1964011314"} */

    
    select
      count(*) as failures,
      count(*) != 0 as should_warn,
      count(*) != 0 as should_error
    from (
      
    
  
    
    



select event_id
from `github-pulse-jumpy`.`github_pulse_analytics_dev_marts`.`fct_pull_requests`
where event_id is null



  
  
      
    ) dbt_internal_test
[0m13:26:51.695910 [debug] [Thread-1 (]: Opening a new connection, currently in state closed
[0m13:26:51.696036 [debug] [Thread-4 (]: On test.github_pulse.not_null_fct_pull_requests_pr_action.af0f98cf30: /* {"app": "dbt", "dbt_version": "1.11.11", "profile_name": "github_pulse", "target_name": "dev", "node_id": "test.github_pulse.not_null_fct_pull_requests_pr_action.af0f98cf30"} */

    
    select
      count(*) as failures,
      count(*) != 0 as should_warn,
      count(*) != 0 as should_error
    from (
      
    
  
    
    



select pr_action
from `github-pulse-jumpy`.`github_pulse_analytics_dev_marts`.`fct_pull_requests`
where pr_action is null



  
  
      
    ) dbt_internal_test
[0m13:26:51.696219 [debug] [Thread-3 (]: Opening a new connection, currently in state closed
[0m13:26:51.797023 [debug] [Thread-4 (]: Opening a new connection, currently in state closed
[0m13:26:52.590776 [debug] [Thread-4 (]: BigQuery adapter: https://console.cloud.google.com/bigquery?project=github-pulse-jumpy&j=bq:US:dd4f1066-18fb-415b-a7b6-90d3c9a42ecd&page=queryresults
[0m13:26:52.594789 [debug] [Thread-1 (]: BigQuery adapter: https://console.cloud.google.com/bigquery?project=github-pulse-jumpy&j=bq:US:3ed626ec-3e5d-4880-bbe2-5da4dca27e5a&page=queryresults
[0m13:26:52.598362 [debug] [Thread-2 (]: BigQuery adapter: https://console.cloud.google.com/bigquery?project=github-pulse-jumpy&j=bq:US:295d31fd-b76a-420a-a453-342f72749833&page=queryresults
[0m13:26:52.659836 [debug] [Thread-3 (]: BigQuery adapter: https://console.cloud.google.com/bigquery?project=github-pulse-jumpy&j=bq:US:2c3a6c93-c837-4dad-bfda-d65145d6ad4b&page=queryresults
[0m13:26:52.833899 [debug] [Thread-4 (]: SQL status: OK in 0.241 seconds
[0m13:26:52.835219 [debug] [Thread-1 (]: SQL status: OK in 0.240 seconds
[0m13:26:52.835905 [debug] [Thread-2 (]: SQL status: OK in 0.237 seconds
[0m13:26:52.884787 [debug] [Thread-3 (]: SQL status: OK in 0.224 seconds
[0m13:26:53.322562 [info ] [Thread-1 (]: 1 of 18 PASS accepted_values_fct_repo_lifecycle_lifecycle_action__created__deleted  [[32mPASS[0m in 1.69s]
[0m13:26:53.323833 [debug] [Thread-1 (]: Finished running node test.github_pulse.accepted_values_fct_repo_lifecycle_lifecycle_action__created__deleted.7a2adcc755
[0m13:26:53.324465 [debug] [Thread-1 (]: Began running node test.github_pulse.not_null_fct_pull_requests_pr_event_sk.e294183460
[0m13:26:53.325117 [info ] [Thread-1 (]: 5 of 18 START test not_null_fct_pull_requests_pr_event_sk ...................... [RUN]
[0m13:26:53.325773 [debug] [Thread-1 (]: Re-using an available connection from the pool (formerly test.github_pulse.accepted_values_fct_repo_lifecycle_lifecycle_action__created__deleted.7a2adcc755, now test.github_pulse.not_null_fct_pull_requests_pr_event_sk.e294183460)
[0m13:26:53.326664 [debug] [Thread-1 (]: Began compiling node test.github_pulse.not_null_fct_pull_requests_pr_event_sk.e294183460
[0m13:26:53.333960 [debug] [Thread-1 (]: Writing injected SQL for node "test.github_pulse.not_null_fct_pull_requests_pr_event_sk.e294183460"
[0m13:26:53.335819 [debug] [Thread-1 (]: Began executing node test.github_pulse.not_null_fct_pull_requests_pr_event_sk.e294183460
[0m13:26:53.338505 [debug] [Thread-1 (]: Writing runtime sql for node "test.github_pulse.not_null_fct_pull_requests_pr_event_sk.e294183460"
[0m13:26:53.339165 [debug] [Thread-1 (]: On test.github_pulse.not_null_fct_pull_requests_pr_event_sk.e294183460: /* {"app": "dbt", "dbt_version": "1.11.11", "profile_name": "github_pulse", "target_name": "dev", "node_id": "test.github_pulse.not_null_fct_pull_requests_pr_event_sk.e294183460"} */

    
    select
      count(*) as failures,
      count(*) != 0 as should_warn,
      count(*) != 0 as should_error
    from (
      
    
  
    
    



select pr_event_sk
from `github-pulse-jumpy`.`github_pulse_analytics_dev_marts`.`fct_pull_requests`
where pr_event_sk is null



  
  
      
    ) dbt_internal_test
[0m13:26:53.339541 [debug] [Thread-1 (]: Opening a new connection, currently in state closed
[0m13:26:53.408823 [info ] [Thread-4 (]: 4 of 18 PASS not_null_fct_pull_requests_pr_action .............................. [[32mPASS[0m in 1.78s]
[0m13:26:53.409066 [debug] [Thread-4 (]: Finished running node test.github_pulse.not_null_fct_pull_requests_pr_action.af0f98cf30
[0m13:26:53.409209 [debug] [Thread-4 (]: Began running node test.github_pulse.not_null_fct_repo_engagement_engagement_sk.172aa38104
[0m13:26:53.409386 [info ] [Thread-4 (]: 6 of 18 START test not_null_fct_repo_engagement_engagement_sk .................. [RUN]
[0m13:26:53.409793 [debug] [Thread-4 (]: Re-using an available connection from the pool (formerly test.github_pulse.not_null_fct_pull_requests_pr_action.af0f98cf30, now test.github_pulse.not_null_fct_repo_engagement_engagement_sk.172aa38104)
[0m13:26:53.410004 [debug] [Thread-4 (]: Began compiling node test.github_pulse.not_null_fct_repo_engagement_engagement_sk.172aa38104
[0m13:26:53.412079 [debug] [Thread-4 (]: Writing injected SQL for node "test.github_pulse.not_null_fct_repo_engagement_engagement_sk.172aa38104"
[0m13:26:53.412619 [debug] [Thread-4 (]: Began executing node test.github_pulse.not_null_fct_repo_engagement_engagement_sk.172aa38104
[0m13:26:53.413536 [debug] [Thread-4 (]: Writing runtime sql for node "test.github_pulse.not_null_fct_repo_engagement_engagement_sk.172aa38104"
[0m13:26:53.414104 [debug] [Thread-4 (]: On test.github_pulse.not_null_fct_repo_engagement_engagement_sk.172aa38104: /* {"app": "dbt", "dbt_version": "1.11.11", "profile_name": "github_pulse", "target_name": "dev", "node_id": "test.github_pulse.not_null_fct_repo_engagement_engagement_sk.172aa38104"} */

    
    select
      count(*) as failures,
      count(*) != 0 as should_warn,
      count(*) != 0 as should_error
    from (
      
    
  
    
    



select engagement_sk
from `github-pulse-jumpy`.`github_pulse_analytics_dev_marts`.`fct_repo_engagement`
where engagement_sk is null



  
  
      
    ) dbt_internal_test
[0m13:26:53.414246 [debug] [Thread-4 (]: Opening a new connection, currently in state closed
[0m13:26:53.465552 [info ] [Thread-3 (]: 3 of 18 PASS not_null_fct_pull_requests_event_id ............................... [[32mPASS[0m in 1.84s]
[0m13:26:53.465773 [debug] [Thread-3 (]: Finished running node test.github_pulse.not_null_fct_pull_requests_event_id.1964011314
[0m13:26:53.465912 [debug] [Thread-3 (]: Began running node test.github_pulse.not_null_fct_repo_engagement_event_at.7abf87d5b2
[0m13:26:53.466072 [info ] [Thread-3 (]: 7 of 18 START test not_null_fct_repo_engagement_event_at ....................... [RUN]
[0m13:26:53.466242 [debug] [Thread-3 (]: Re-using an available connection from the pool (formerly test.github_pulse.not_null_fct_pull_requests_event_id.1964011314, now test.github_pulse.not_null_fct_repo_engagement_event_at.7abf87d5b2)
[0m13:26:53.466551 [debug] [Thread-3 (]: Began compiling node test.github_pulse.not_null_fct_repo_engagement_event_at.7abf87d5b2
[0m13:26:53.468134 [debug] [Thread-3 (]: Writing injected SQL for node "test.github_pulse.not_null_fct_repo_engagement_event_at.7abf87d5b2"
[0m13:26:53.469286 [debug] [Thread-3 (]: Began executing node test.github_pulse.not_null_fct_repo_engagement_event_at.7abf87d5b2
[0m13:26:53.470220 [debug] [Thread-3 (]: Writing runtime sql for node "test.github_pulse.not_null_fct_repo_engagement_event_at.7abf87d5b2"
[0m13:26:53.470610 [debug] [Thread-3 (]: On test.github_pulse.not_null_fct_repo_engagement_event_at.7abf87d5b2: /* {"app": "dbt", "dbt_version": "1.11.11", "profile_name": "github_pulse", "target_name": "dev", "node_id": "test.github_pulse.not_null_fct_repo_engagement_event_at.7abf87d5b2"} */

    
    select
      count(*) as failures,
      count(*) != 0 as should_warn,
      count(*) != 0 as should_error
    from (
      
    
  
    
    



select event_at
from `github-pulse-jumpy`.`github_pulse_analytics_dev_marts`.`fct_repo_engagement`
where event_at is null



  
  
      
    ) dbt_internal_test
[0m13:26:53.470750 [debug] [Thread-3 (]: Opening a new connection, currently in state closed
[0m13:26:53.522564 [info ] [Thread-2 (]: 2 of 18 PASS not_null_fct_pull_requests_event_at ............................... [[32mPASS[0m in 1.89s]
[0m13:26:53.522850 [debug] [Thread-2 (]: Finished running node test.github_pulse.not_null_fct_pull_requests_event_at.065c1fb74d
[0m13:26:53.523016 [debug] [Thread-2 (]: Began running node test.github_pulse.not_null_fct_repo_engagement_event_id.2b7e450940
[0m13:26:53.523178 [info ] [Thread-2 (]: 8 of 18 START test not_null_fct_repo_engagement_event_id ....................... [RUN]
[0m13:26:53.523514 [debug] [Thread-2 (]: Re-using an available connection from the pool (formerly test.github_pulse.not_null_fct_pull_requests_event_at.065c1fb74d, now test.github_pulse.not_null_fct_repo_engagement_event_id.2b7e450940)
[0m13:26:53.523646 [debug] [Thread-2 (]: Began compiling node test.github_pulse.not_null_fct_repo_engagement_event_id.2b7e450940
[0m13:26:53.525237 [debug] [Thread-2 (]: Writing injected SQL for node "test.github_pulse.not_null_fct_repo_engagement_event_id.2b7e450940"
[0m13:26:53.526278 [debug] [Thread-2 (]: Began executing node test.github_pulse.not_null_fct_repo_engagement_event_id.2b7e450940
[0m13:26:53.527193 [debug] [Thread-2 (]: Writing runtime sql for node "test.github_pulse.not_null_fct_repo_engagement_event_id.2b7e450940"
[0m13:26:53.527598 [debug] [Thread-2 (]: On test.github_pulse.not_null_fct_repo_engagement_event_id.2b7e450940: /* {"app": "dbt", "dbt_version": "1.11.11", "profile_name": "github_pulse", "target_name": "dev", "node_id": "test.github_pulse.not_null_fct_repo_engagement_event_id.2b7e450940"} */

    
    select
      count(*) as failures,
      count(*) != 0 as should_warn,
      count(*) != 0 as should_error
    from (
      
    
  
    
    



select event_id
from `github-pulse-jumpy`.`github_pulse_analytics_dev_marts`.`fct_repo_engagement`
where event_id is null



  
  
      
    ) dbt_internal_test
[0m13:26:53.527742 [debug] [Thread-2 (]: Opening a new connection, currently in state closed
[0m13:26:54.276090 [debug] [Thread-4 (]: BigQuery adapter: https://console.cloud.google.com/bigquery?project=github-pulse-jumpy&j=bq:US:c96d7009-71ce-4d73-a48c-0d3c64a4094c&page=queryresults
[0m13:26:54.279146 [debug] [Thread-2 (]: BigQuery adapter: https://console.cloud.google.com/bigquery?project=github-pulse-jumpy&j=bq:US:a9791bd8-f97c-4bcc-aa99-f267f2214230&page=queryresults
[0m13:26:54.282202 [debug] [Thread-1 (]: BigQuery adapter: https://console.cloud.google.com/bigquery?project=github-pulse-jumpy&j=bq:US:cc186b64-4455-4d8c-b2be-eb8323a34d9d&page=queryresults
[0m13:26:54.282711 [debug] [Thread-3 (]: BigQuery adapter: https://console.cloud.google.com/bigquery?project=github-pulse-jumpy&j=bq:US:cd3282aa-554c-4d52-b5ea-a0a44bbad6b1&page=queryresults
[0m13:26:54.495901 [debug] [Thread-4 (]: SQL status: OK in 0.214 seconds
[0m13:26:54.511291 [debug] [Thread-3 (]: SQL status: OK in 0.225 seconds
[0m13:26:54.550851 [debug] [Thread-1 (]: SQL status: OK in 0.266 seconds
[0m13:26:54.554723 [debug] [Thread-2 (]: SQL status: OK in 0.271 seconds
[0m13:26:54.955231 [info ] [Thread-2 (]: 8 of 18 PASS not_null_fct_repo_engagement_event_id ............................. [[32mPASS[0m in 1.43s]
[0m13:26:54.956784 [debug] [Thread-2 (]: Finished running node test.github_pulse.not_null_fct_repo_engagement_event_id.2b7e450940
[0m13:26:54.957657 [debug] [Thread-2 (]: Began running node test.github_pulse.not_null_fct_repo_lifecycle_event_at.7cd818e0f9
[0m13:26:54.958566 [info ] [Thread-2 (]: 9 of 18 START test not_null_fct_repo_lifecycle_event_at ........................ [RUN]
[0m13:26:54.959955 [debug] [Thread-2 (]: Re-using an available connection from the pool (formerly test.github_pulse.not_null_fct_repo_engagement_event_id.2b7e450940, now test.github_pulse.not_null_fct_repo_lifecycle_event_at.7cd818e0f9)
[0m13:26:54.960732 [debug] [Thread-2 (]: Began compiling node test.github_pulse.not_null_fct_repo_lifecycle_event_at.7cd818e0f9
[0m13:26:54.968989 [debug] [Thread-2 (]: Writing injected SQL for node "test.github_pulse.not_null_fct_repo_lifecycle_event_at.7cd818e0f9"
[0m13:26:54.970343 [debug] [Thread-2 (]: Began executing node test.github_pulse.not_null_fct_repo_lifecycle_event_at.7cd818e0f9
[0m13:26:54.973947 [debug] [Thread-2 (]: Writing runtime sql for node "test.github_pulse.not_null_fct_repo_lifecycle_event_at.7cd818e0f9"
[0m13:26:54.974784 [debug] [Thread-2 (]: On test.github_pulse.not_null_fct_repo_lifecycle_event_at.7cd818e0f9: /* {"app": "dbt", "dbt_version": "1.11.11", "profile_name": "github_pulse", "target_name": "dev", "node_id": "test.github_pulse.not_null_fct_repo_lifecycle_event_at.7cd818e0f9"} */

    
    select
      count(*) as failures,
      count(*) != 0 as should_warn,
      count(*) != 0 as should_error
    from (
      
    
  
    
    



select event_at
from `github-pulse-jumpy`.`github_pulse_analytics_dev_marts`.`fct_repo_lifecycle`
where event_at is null



  
  
      
    ) dbt_internal_test
[0m13:26:54.975185 [debug] [Thread-2 (]: Opening a new connection, currently in state closed
[0m13:26:55.033205 [info ] [Thread-4 (]: 6 of 18 PASS not_null_fct_repo_engagement_engagement_sk ........................ [[32mPASS[0m in 1.62s]
[0m13:26:55.033835 [info ] [Thread-1 (]: 5 of 18 PASS not_null_fct_pull_requests_pr_event_sk ............................ [[32mPASS[0m in 1.71s]
[0m13:26:55.034478 [info ] [Thread-3 (]: 7 of 18 PASS not_null_fct_repo_engagement_event_at ............................. [[32mPASS[0m in 1.57s]
[0m13:26:55.035183 [debug] [Thread-4 (]: Finished running node test.github_pulse.not_null_fct_repo_engagement_engagement_sk.172aa38104
[0m13:26:55.035560 [debug] [Thread-1 (]: Finished running node test.github_pulse.not_null_fct_pull_requests_pr_event_sk.e294183460
[0m13:26:55.035749 [debug] [Thread-3 (]: Finished running node test.github_pulse.not_null_fct_repo_engagement_event_at.7abf87d5b2
[0m13:26:55.035921 [debug] [Thread-4 (]: Began running node test.github_pulse.not_null_fct_repo_lifecycle_event_id.7885dfbd0e
[0m13:26:55.036117 [debug] [Thread-1 (]: Began running node test.github_pulse.not_null_fct_repo_lifecycle_lifecycle_action.4f422707da
[0m13:26:55.036301 [debug] [Thread-3 (]: Began running node test.github_pulse.not_null_fct_repo_lifecycle_lifecycle_sk.dbcd1592a8
[0m13:26:55.036447 [info ] [Thread-4 (]: 10 of 18 START test not_null_fct_repo_lifecycle_event_id ....................... [RUN]
[0m13:26:55.036610 [info ] [Thread-1 (]: 11 of 18 START test not_null_fct_repo_lifecycle_lifecycle_action ............... [RUN]
[0m13:26:55.036805 [info ] [Thread-3 (]: 12 of 18 START test not_null_fct_repo_lifecycle_lifecycle_sk ................... [RUN]
[0m13:26:55.036985 [debug] [Thread-4 (]: Re-using an available connection from the pool (formerly test.github_pulse.not_null_fct_repo_engagement_engagement_sk.172aa38104, now test.github_pulse.not_null_fct_repo_lifecycle_event_id.7885dfbd0e)
[0m13:26:55.037143 [debug] [Thread-1 (]: Re-using an available connection from the pool (formerly test.github_pulse.not_null_fct_pull_requests_pr_event_sk.e294183460, now test.github_pulse.not_null_fct_repo_lifecycle_lifecycle_action.4f422707da)
[0m13:26:55.037295 [debug] [Thread-3 (]: Re-using an available connection from the pool (formerly test.github_pulse.not_null_fct_repo_engagement_event_at.7abf87d5b2, now test.github_pulse.not_null_fct_repo_lifecycle_lifecycle_sk.dbcd1592a8)
[0m13:26:55.037435 [debug] [Thread-4 (]: Began compiling node test.github_pulse.not_null_fct_repo_lifecycle_event_id.7885dfbd0e
[0m13:26:55.037559 [debug] [Thread-1 (]: Began compiling node test.github_pulse.not_null_fct_repo_lifecycle_lifecycle_action.4f422707da
[0m13:26:55.037678 [debug] [Thread-3 (]: Began compiling node test.github_pulse.not_null_fct_repo_lifecycle_lifecycle_sk.dbcd1592a8
[0m13:26:55.041228 [debug] [Thread-4 (]: Writing injected SQL for node "test.github_pulse.not_null_fct_repo_lifecycle_event_id.7885dfbd0e"
[0m13:26:55.042748 [debug] [Thread-1 (]: Writing injected SQL for node "test.github_pulse.not_null_fct_repo_lifecycle_lifecycle_action.4f422707da"
[0m13:26:55.044109 [debug] [Thread-3 (]: Writing injected SQL for node "test.github_pulse.not_null_fct_repo_lifecycle_lifecycle_sk.dbcd1592a8"
[0m13:26:55.044744 [debug] [Thread-4 (]: Began executing node test.github_pulse.not_null_fct_repo_lifecycle_event_id.7885dfbd0e
[0m13:26:55.044879 [debug] [Thread-1 (]: Began executing node test.github_pulse.not_null_fct_repo_lifecycle_lifecycle_action.4f422707da
[0m13:26:55.045956 [debug] [Thread-4 (]: Writing runtime sql for node "test.github_pulse.not_null_fct_repo_lifecycle_event_id.7885dfbd0e"
[0m13:26:55.046074 [debug] [Thread-3 (]: Began executing node test.github_pulse.not_null_fct_repo_lifecycle_lifecycle_sk.dbcd1592a8
[0m13:26:55.047103 [debug] [Thread-1 (]: Writing runtime sql for node "test.github_pulse.not_null_fct_repo_lifecycle_lifecycle_action.4f422707da"
[0m13:26:55.048151 [debug] [Thread-3 (]: Writing runtime sql for node "test.github_pulse.not_null_fct_repo_lifecycle_lifecycle_sk.dbcd1592a8"
[0m13:26:55.048504 [debug] [Thread-1 (]: On test.github_pulse.not_null_fct_repo_lifecycle_lifecycle_action.4f422707da: /* {"app": "dbt", "dbt_version": "1.11.11", "profile_name": "github_pulse", "target_name": "dev", "node_id": "test.github_pulse.not_null_fct_repo_lifecycle_lifecycle_action.4f422707da"} */

    
    select
      count(*) as failures,
      count(*) != 0 as should_warn,
      count(*) != 0 as should_error
    from (
      
    
  
    
    



select lifecycle_action
from `github-pulse-jumpy`.`github_pulse_analytics_dev_marts`.`fct_repo_lifecycle`
where lifecycle_action is null



  
  
      
    ) dbt_internal_test
[0m13:26:55.048706 [debug] [Thread-3 (]: On test.github_pulse.not_null_fct_repo_lifecycle_lifecycle_sk.dbcd1592a8: /* {"app": "dbt", "dbt_version": "1.11.11", "profile_name": "github_pulse", "target_name": "dev", "node_id": "test.github_pulse.not_null_fct_repo_lifecycle_lifecycle_sk.dbcd1592a8"} */

    
    select
      count(*) as failures,
      count(*) != 0 as should_warn,
      count(*) != 0 as should_error
    from (
      
    
  
    
    



select lifecycle_sk
from `github-pulse-jumpy`.`github_pulse_analytics_dev_marts`.`fct_repo_lifecycle`
where lifecycle_sk is null



  
  
      
    ) dbt_internal_test
[0m13:26:55.048855 [debug] [Thread-4 (]: On test.github_pulse.not_null_fct_repo_lifecycle_event_id.7885dfbd0e: /* {"app": "dbt", "dbt_version": "1.11.11", "profile_name": "github_pulse", "target_name": "dev", "node_id": "test.github_pulse.not_null_fct_repo_lifecycle_event_id.7885dfbd0e"} */

    
    select
      count(*) as failures,
      count(*) != 0 as should_warn,
      count(*) != 0 as should_error
    from (
      
    
  
    
    



select event_id
from `github-pulse-jumpy`.`github_pulse_analytics_dev_marts`.`fct_repo_lifecycle`
where event_id is null



  
  
      
    ) dbt_internal_test
[0m13:26:55.048991 [debug] [Thread-1 (]: Opening a new connection, currently in state closed
[0m13:26:55.049125 [debug] [Thread-3 (]: Opening a new connection, currently in state closed
[0m13:26:55.049259 [debug] [Thread-4 (]: Opening a new connection, currently in state closed
[0m13:26:56.009055 [debug] [Thread-2 (]: BigQuery adapter: https://console.cloud.google.com/bigquery?project=github-pulse-jumpy&j=bq:US:b70c1169-9fc9-4359-8e54-500ca98db762&page=queryresults
[0m13:26:56.011046 [debug] [Thread-1 (]: BigQuery adapter: https://console.cloud.google.com/bigquery?project=github-pulse-jumpy&j=bq:US:6a6702b9-7f78-47f5-9aca-4fdfab1326ca&page=queryresults
[0m13:26:56.013098 [debug] [Thread-4 (]: BigQuery adapter: https://console.cloud.google.com/bigquery?project=github-pulse-jumpy&j=bq:US:b00d3f10-4ff4-41e2-a1f1-dba8771d1829&page=queryresults
[0m13:26:56.016137 [debug] [Thread-3 (]: BigQuery adapter: https://console.cloud.google.com/bigquery?project=github-pulse-jumpy&j=bq:US:fc167e5e-0b88-4d8e-a3f8-0d250b1ce92f&page=queryresults
[0m13:26:56.209761 [debug] [Thread-1 (]: SQL status: OK in 0.193 seconds
[0m13:26:56.245925 [debug] [Thread-3 (]: SQL status: OK in 0.225 seconds
[0m13:26:56.247243 [debug] [Thread-2 (]: SQL status: OK in 0.233 seconds
[0m13:26:56.257439 [debug] [Thread-4 (]: SQL status: OK in 0.239 seconds
[0m13:26:56.612318 [info ] [Thread-1 (]: 11 of 18 PASS not_null_fct_repo_lifecycle_lifecycle_action ..................... [[32mPASS[0m in 1.57s]
[0m13:26:56.614040 [debug] [Thread-1 (]: Finished running node test.github_pulse.not_null_fct_repo_lifecycle_lifecycle_action.4f422707da
[0m13:26:56.614983 [debug] [Thread-1 (]: Began running node test.github_pulse.unique_fct_pull_requests_event_id.ccd2c98422
[0m13:26:56.615964 [info ] [Thread-1 (]: 13 of 18 START test unique_fct_pull_requests_event_id .......................... [RUN]
[0m13:26:56.617023 [debug] [Thread-1 (]: Re-using an available connection from the pool (formerly test.github_pulse.not_null_fct_repo_lifecycle_lifecycle_action.4f422707da, now test.github_pulse.unique_fct_pull_requests_event_id.ccd2c98422)
[0m13:26:56.617902 [debug] [Thread-1 (]: Began compiling node test.github_pulse.unique_fct_pull_requests_event_id.ccd2c98422
[0m13:26:56.628440 [debug] [Thread-1 (]: Writing injected SQL for node "test.github_pulse.unique_fct_pull_requests_event_id.ccd2c98422"
[0m13:26:56.629865 [debug] [Thread-1 (]: Began executing node test.github_pulse.unique_fct_pull_requests_event_id.ccd2c98422
[0m13:26:56.635876 [debug] [Thread-1 (]: Writing runtime sql for node "test.github_pulse.unique_fct_pull_requests_event_id.ccd2c98422"
[0m13:26:56.638793 [info ] [Thread-2 (]: 9 of 18 PASS not_null_fct_repo_lifecycle_event_at .............................. [[32mPASS[0m in 1.68s]
[0m13:26:56.639364 [debug] [Thread-2 (]: Finished running node test.github_pulse.not_null_fct_repo_lifecycle_event_at.7cd818e0f9
[0m13:26:56.639727 [debug] [Thread-1 (]: On test.github_pulse.unique_fct_pull_requests_event_id.ccd2c98422: /* {"app": "dbt", "dbt_version": "1.11.11", "profile_name": "github_pulse", "target_name": "dev", "node_id": "test.github_pulse.unique_fct_pull_requests_event_id.ccd2c98422"} */

    
    select
      count(*) as failures,
      count(*) != 0 as should_warn,
      count(*) != 0 as should_error
    from (
      
    
  
    
    

with dbt_test__target as (

  select event_id as unique_field
  from `github-pulse-jumpy`.`github_pulse_analytics_dev_marts`.`fct_pull_requests`
  where event_id is not null

)

select
    unique_field,
    count(*) as n_records

from dbt_test__target
group by unique_field
having count(*) > 1



  
  
      
    ) dbt_internal_test
[0m13:26:56.640123 [debug] [Thread-2 (]: Began running node test.github_pulse.unique_fct_pull_requests_pr_event_sk.7c40bd2b8c
[0m13:26:56.640539 [debug] [Thread-1 (]: Opening a new connection, currently in state closed
[0m13:26:56.640859 [info ] [Thread-2 (]: 14 of 18 START test unique_fct_pull_requests_pr_event_sk ....................... [RUN]
[0m13:26:56.641298 [debug] [Thread-2 (]: Re-using an available connection from the pool (formerly test.github_pulse.not_null_fct_repo_lifecycle_event_at.7cd818e0f9, now test.github_pulse.unique_fct_pull_requests_pr_event_sk.7c40bd2b8c)
[0m13:26:56.710170 [debug] [Thread-2 (]: Began compiling node test.github_pulse.unique_fct_pull_requests_pr_event_sk.7c40bd2b8c
[0m13:26:56.711915 [info ] [Thread-3 (]: 12 of 18 PASS not_null_fct_repo_lifecycle_lifecycle_sk ......................... [[32mPASS[0m in 1.67s]
[0m13:26:56.712370 [info ] [Thread-4 (]: 10 of 18 PASS not_null_fct_repo_lifecycle_event_id ............................. [[32mPASS[0m in 1.68s]
[0m13:26:56.714237 [debug] [Thread-2 (]: Writing injected SQL for node "test.github_pulse.unique_fct_pull_requests_pr_event_sk.7c40bd2b8c"
[0m13:26:56.714484 [debug] [Thread-3 (]: Finished running node test.github_pulse.not_null_fct_repo_lifecycle_lifecycle_sk.dbcd1592a8
[0m13:26:56.714732 [debug] [Thread-4 (]: Finished running node test.github_pulse.not_null_fct_repo_lifecycle_event_id.7885dfbd0e
[0m13:26:56.714966 [debug] [Thread-3 (]: Began running node test.github_pulse.unique_fct_repo_engagement_engagement_sk.6da8627b9b
[0m13:26:56.715151 [debug] [Thread-4 (]: Began running node test.github_pulse.unique_fct_repo_engagement_event_id.bfb43b4093
[0m13:26:56.715318 [info ] [Thread-3 (]: 15 of 18 START test unique_fct_repo_engagement_engagement_sk ................... [RUN]
[0m13:26:56.715447 [debug] [Thread-2 (]: Began executing node test.github_pulse.unique_fct_pull_requests_pr_event_sk.7c40bd2b8c
[0m13:26:56.715558 [info ] [Thread-4 (]: 16 of 18 START test unique_fct_repo_engagement_event_id ........................ [RUN]
[0m13:26:56.715699 [debug] [Thread-3 (]: Re-using an available connection from the pool (formerly test.github_pulse.not_null_fct_repo_lifecycle_lifecycle_sk.dbcd1592a8, now test.github_pulse.unique_fct_repo_engagement_engagement_sk.6da8627b9b)
[0m13:26:56.716655 [debug] [Thread-2 (]: Writing runtime sql for node "test.github_pulse.unique_fct_pull_requests_pr_event_sk.7c40bd2b8c"
[0m13:26:56.716806 [debug] [Thread-4 (]: Re-using an available connection from the pool (formerly test.github_pulse.not_null_fct_repo_lifecycle_event_id.7885dfbd0e, now test.github_pulse.unique_fct_repo_engagement_event_id.bfb43b4093)
[0m13:26:56.716932 [debug] [Thread-3 (]: Began compiling node test.github_pulse.unique_fct_repo_engagement_engagement_sk.6da8627b9b
[0m13:26:56.717093 [debug] [Thread-4 (]: Began compiling node test.github_pulse.unique_fct_repo_engagement_event_id.bfb43b4093
[0m13:26:56.718484 [debug] [Thread-3 (]: Writing injected SQL for node "test.github_pulse.unique_fct_repo_engagement_engagement_sk.6da8627b9b"
[0m13:26:56.719966 [debug] [Thread-4 (]: Writing injected SQL for node "test.github_pulse.unique_fct_repo_engagement_event_id.bfb43b4093"
[0m13:26:56.720121 [debug] [Thread-2 (]: On test.github_pulse.unique_fct_pull_requests_pr_event_sk.7c40bd2b8c: /* {"app": "dbt", "dbt_version": "1.11.11", "profile_name": "github_pulse", "target_name": "dev", "node_id": "test.github_pulse.unique_fct_pull_requests_pr_event_sk.7c40bd2b8c"} */

    
    select
      count(*) as failures,
      count(*) != 0 as should_warn,
      count(*) != 0 as should_error
    from (
      
    
  
    
    

with dbt_test__target as (

  select pr_event_sk as unique_field
  from `github-pulse-jumpy`.`github_pulse_analytics_dev_marts`.`fct_pull_requests`
  where pr_event_sk is not null

)

select
    unique_field,
    count(*) as n_records

from dbt_test__target
group by unique_field
having count(*) > 1



  
  
      
    ) dbt_internal_test
[0m13:26:56.720366 [debug] [Thread-2 (]: Opening a new connection, currently in state closed
[0m13:26:56.769667 [debug] [Thread-3 (]: Began executing node test.github_pulse.unique_fct_repo_engagement_engagement_sk.6da8627b9b
[0m13:26:56.769785 [debug] [Thread-4 (]: Began executing node test.github_pulse.unique_fct_repo_engagement_event_id.bfb43b4093
[0m13:26:56.770811 [debug] [Thread-3 (]: Writing runtime sql for node "test.github_pulse.unique_fct_repo_engagement_engagement_sk.6da8627b9b"
[0m13:26:56.772034 [debug] [Thread-4 (]: Writing runtime sql for node "test.github_pulse.unique_fct_repo_engagement_event_id.bfb43b4093"
[0m13:26:56.772302 [debug] [Thread-3 (]: On test.github_pulse.unique_fct_repo_engagement_engagement_sk.6da8627b9b: /* {"app": "dbt", "dbt_version": "1.11.11", "profile_name": "github_pulse", "target_name": "dev", "node_id": "test.github_pulse.unique_fct_repo_engagement_engagement_sk.6da8627b9b"} */

    
    select
      count(*) as failures,
      count(*) != 0 as should_warn,
      count(*) != 0 as should_error
    from (
      
    
  
    
    

with dbt_test__target as (

  select engagement_sk as unique_field
  from `github-pulse-jumpy`.`github_pulse_analytics_dev_marts`.`fct_repo_engagement`
  where engagement_sk is not null

)

select
    unique_field,
    count(*) as n_records

from dbt_test__target
group by unique_field
having count(*) > 1



  
  
      
    ) dbt_internal_test
[0m13:26:56.772452 [debug] [Thread-3 (]: Opening a new connection, currently in state closed
[0m13:26:56.822652 [debug] [Thread-4 (]: On test.github_pulse.unique_fct_repo_engagement_event_id.bfb43b4093: /* {"app": "dbt", "dbt_version": "1.11.11", "profile_name": "github_pulse", "target_name": "dev", "node_id": "test.github_pulse.unique_fct_repo_engagement_event_id.bfb43b4093"} */

    
    select
      count(*) as failures,
      count(*) != 0 as should_warn,
      count(*) != 0 as should_error
    from (
      
    
  
    
    

with dbt_test__target as (

  select event_id as unique_field
  from `github-pulse-jumpy`.`github_pulse_analytics_dev_marts`.`fct_repo_engagement`
  where event_id is not null

)

select
    unique_field,
    count(*) as n_records

from dbt_test__target
group by unique_field
having count(*) > 1



  
  
      
    ) dbt_internal_test
[0m13:26:56.823031 [debug] [Thread-4 (]: Opening a new connection, currently in state closed
[0m13:26:57.500559 [debug] [Thread-1 (]: BigQuery adapter: https://console.cloud.google.com/bigquery?project=github-pulse-jumpy&j=bq:US:8a24bae2-3c16-446c-b196-8316aadb341f&page=queryresults
[0m13:26:57.625455 [debug] [Thread-4 (]: BigQuery adapter: https://console.cloud.google.com/bigquery?project=github-pulse-jumpy&j=bq:US:a60d304e-bf6a-4371-92cb-8c1c2d9089ac&page=queryresults
[0m13:26:57.757550 [debug] [Thread-3 (]: BigQuery adapter: https://console.cloud.google.com/bigquery?project=github-pulse-jumpy&j=bq:US:f7f13cfb-548a-48ea-8a55-c558a85c31a6&page=queryresults
[0m13:26:57.826151 [debug] [Thread-4 (]: SQL status: OK in 0.199 seconds
[0m13:26:57.861124 [debug] [Thread-2 (]: BigQuery adapter: https://console.cloud.google.com/bigquery?project=github-pulse-jumpy&j=bq:US:f0ec7e8a-aaa2-48e3-9f22-a1093e434d2d&page=queryresults
[0m13:26:57.871335 [debug] [Thread-1 (]: SQL status: OK in 0.369 seconds
[0m13:26:58.026487 [debug] [Thread-3 (]: SQL status: OK in 0.268 seconds
[0m13:26:58.031481 [debug] [Thread-2 (]: SQL status: OK in 0.169 seconds
[0m13:26:58.240399 [error] [Thread-1 (]: 13 of 18 FAIL 273 unique_fct_pull_requests_event_id ............................ [[31mFAIL 273[0m in 1.62s]
[0m13:26:58.242522 [error] [Thread-4 (]: 16 of 18 FAIL 17 unique_fct_repo_engagement_event_id ........................... [[31mFAIL 17[0m in 1.53s]
[0m13:26:58.246541 [debug] [Thread-1 (]: Finished running node test.github_pulse.unique_fct_pull_requests_event_id.ccd2c98422
[0m13:26:58.247426 [debug] [Thread-4 (]: Finished running node test.github_pulse.unique_fct_repo_engagement_event_id.bfb43b4093
[0m13:26:58.248100 [debug] [Thread-1 (]: Began running node test.github_pulse.unique_fct_repo_lifecycle_event_id.1b85b8280b
[0m13:26:58.248767 [debug] [Thread-4 (]: Began running node test.github_pulse.unique_fct_repo_lifecycle_lifecycle_sk.db238593cd
[0m13:26:58.249291 [info ] [Thread-1 (]: 17 of 18 START test unique_fct_repo_lifecycle_event_id ......................... [RUN]
[0m13:26:58.249718 [info ] [Thread-4 (]: 18 of 18 START test unique_fct_repo_lifecycle_lifecycle_sk ..................... [RUN]
[0m13:26:58.250271 [debug] [Thread-1 (]: Re-using an available connection from the pool (formerly test.github_pulse.unique_fct_pull_requests_event_id.ccd2c98422, now test.github_pulse.unique_fct_repo_lifecycle_event_id.1b85b8280b)
[0m13:26:58.250642 [debug] [Thread-4 (]: Re-using an available connection from the pool (formerly test.github_pulse.unique_fct_repo_engagement_event_id.bfb43b4093, now test.github_pulse.unique_fct_repo_lifecycle_lifecycle_sk.db238593cd)
[0m13:26:58.250995 [debug] [Thread-1 (]: Began compiling node test.github_pulse.unique_fct_repo_lifecycle_event_id.1b85b8280b
[0m13:26:58.251318 [debug] [Thread-4 (]: Began compiling node test.github_pulse.unique_fct_repo_lifecycle_lifecycle_sk.db238593cd
[0m13:26:58.257487 [debug] [Thread-1 (]: Writing injected SQL for node "test.github_pulse.unique_fct_repo_lifecycle_event_id.1b85b8280b"
[0m13:26:58.264511 [debug] [Thread-4 (]: Writing injected SQL for node "test.github_pulse.unique_fct_repo_lifecycle_lifecycle_sk.db238593cd"
[0m13:26:58.265401 [debug] [Thread-1 (]: Began executing node test.github_pulse.unique_fct_repo_lifecycle_event_id.1b85b8280b
[0m13:26:58.265709 [debug] [Thread-4 (]: Began executing node test.github_pulse.unique_fct_repo_lifecycle_lifecycle_sk.db238593cd
[0m13:26:58.268108 [debug] [Thread-1 (]: Writing runtime sql for node "test.github_pulse.unique_fct_repo_lifecycle_event_id.1b85b8280b"
[0m13:26:58.270598 [debug] [Thread-4 (]: Writing runtime sql for node "test.github_pulse.unique_fct_repo_lifecycle_lifecycle_sk.db238593cd"
[0m13:26:58.271495 [debug] [Thread-4 (]: On test.github_pulse.unique_fct_repo_lifecycle_lifecycle_sk.db238593cd: /* {"app": "dbt", "dbt_version": "1.11.11", "profile_name": "github_pulse", "target_name": "dev", "node_id": "test.github_pulse.unique_fct_repo_lifecycle_lifecycle_sk.db238593cd"} */

    
    select
      count(*) as failures,
      count(*) != 0 as should_warn,
      count(*) != 0 as should_error
    from (
      
    
  
    
    

with dbt_test__target as (

  select lifecycle_sk as unique_field
  from `github-pulse-jumpy`.`github_pulse_analytics_dev_marts`.`fct_repo_lifecycle`
  where lifecycle_sk is not null

)

select
    unique_field,
    count(*) as n_records

from dbt_test__target
group by unique_field
having count(*) > 1



  
  
      
    ) dbt_internal_test
[0m13:26:58.271874 [debug] [Thread-1 (]: On test.github_pulse.unique_fct_repo_lifecycle_event_id.1b85b8280b: /* {"app": "dbt", "dbt_version": "1.11.11", "profile_name": "github_pulse", "target_name": "dev", "node_id": "test.github_pulse.unique_fct_repo_lifecycle_event_id.1b85b8280b"} */

    
    select
      count(*) as failures,
      count(*) != 0 as should_warn,
      count(*) != 0 as should_error
    from (
      
    
  
    
    

with dbt_test__target as (

  select event_id as unique_field
  from `github-pulse-jumpy`.`github_pulse_analytics_dev_marts`.`fct_repo_lifecycle`
  where event_id is not null

)

select
    unique_field,
    count(*) as n_records

from dbt_test__target
group by unique_field
having count(*) > 1



  
  
      
    ) dbt_internal_test
[0m13:26:58.272175 [debug] [Thread-4 (]: Opening a new connection, currently in state closed
[0m13:26:58.272448 [debug] [Thread-1 (]: Opening a new connection, currently in state closed
[0m13:26:58.387260 [error] [Thread-3 (]: 15 of 18 FAIL 17 unique_fct_repo_engagement_engagement_sk ...................... [[31mFAIL 17[0m in 1.67s]
[0m13:26:58.387979 [debug] [Thread-3 (]: Finished running node test.github_pulse.unique_fct_repo_engagement_engagement_sk.6da8627b9b
[0m13:26:58.464288 [error] [Thread-2 (]: 14 of 18 FAIL 273 unique_fct_pull_requests_pr_event_sk ......................... [[31mFAIL 273[0m in 1.82s]
[0m13:26:58.464670 [debug] [Thread-2 (]: Finished running node test.github_pulse.unique_fct_pull_requests_pr_event_sk.7c40bd2b8c
[0m13:26:59.386472 [debug] [Thread-1 (]: BigQuery adapter: https://console.cloud.google.com/bigquery?project=github-pulse-jumpy&j=bq:US:82ca30fe-a758-48ef-a627-7bca827556a5&page=queryresults
[0m13:26:59.572960 [debug] [Thread-1 (]: SQL status: OK in 0.185 seconds
[0m13:26:59.653491 [debug] [Thread-4 (]: BigQuery adapter: https://console.cloud.google.com/bigquery?project=github-pulse-jumpy&j=bq:US:0e34d909-2d17-482d-a0d4-a0fd66e14984&page=queryresults
[0m13:26:59.888009 [debug] [Thread-4 (]: SQL status: OK in 0.233 seconds
[0m13:26:59.987926 [error] [Thread-1 (]: 17 of 18 FAIL 5628 unique_fct_repo_lifecycle_event_id .......................... [[31mFAIL 5628[0m in 1.74s]
[0m13:26:59.989608 [debug] [Thread-1 (]: Finished running node test.github_pulse.unique_fct_repo_lifecycle_event_id.1b85b8280b
[0m13:27:00.282559 [error] [Thread-4 (]: 18 of 18 FAIL 5628 unique_fct_repo_lifecycle_lifecycle_sk ...................... [[31mFAIL 5628[0m in 2.03s]
[0m13:27:00.283974 [debug] [Thread-4 (]: Finished running node test.github_pulse.unique_fct_repo_lifecycle_lifecycle_sk.db238593cd
[0m13:27:00.286742 [debug] [MainThread]: Opening a new connection, currently in state closed
[0m13:27:00.368994 [debug] [MainThread]: Connection 'master' was properly closed.
[0m13:27:00.369251 [debug] [MainThread]: Connection 'test.github_pulse.unique_fct_repo_lifecycle_event_id.1b85b8280b' was properly closed.
[0m13:27:00.369352 [debug] [MainThread]: Connection 'test.github_pulse.unique_fct_pull_requests_pr_event_sk.7c40bd2b8c' was properly closed.
[0m13:27:00.369439 [debug] [MainThread]: Connection 'test.github_pulse.unique_fct_repo_engagement_engagement_sk.6da8627b9b' was properly closed.
[0m13:27:00.369522 [debug] [MainThread]: Connection 'test.github_pulse.unique_fct_repo_lifecycle_lifecycle_sk.db238593cd' was properly closed.
[0m13:27:00.369662 [info ] [MainThread]: 
[0m13:27:00.369784 [info ] [MainThread]: Finished running 18 data tests in 0 hours 0 minutes and 9.57 seconds (9.57s).
[0m13:27:00.370697 [debug] [MainThread]: Command end result
[0m13:27:00.389319 [debug] [MainThread]: Wrote artifact WritableManifest to /Users/perrikwong/Desktop/github_pulse/target/manifest.json
[0m13:27:00.390071 [debug] [MainThread]: Wrote artifact SemanticManifest to /Users/perrikwong/Desktop/github_pulse/target/semantic_manifest.json
[0m13:27:00.392920 [debug] [MainThread]: Wrote artifact RunExecutionResult to /Users/perrikwong/Desktop/github_pulse/target/run_results.json
[0m13:27:00.393025 [info ] [MainThread]: 
[0m13:27:00.393152 [info ] [MainThread]: [31mCompleted with 6 errors, 0 partial successes, and 0 warnings:[0m
[0m13:27:00.393251 [info ] [MainThread]: 
[0m13:27:00.393380 [error] [MainThread]: [31mFailure in test unique_fct_pull_requests_event_id (models/marts/pull_requests/_models.yml)[0m
[0m13:27:00.393497 [error] [MainThread]:   Got 273 results, configured to fail if != 0
[0m13:27:00.393581 [info ] [MainThread]: 
[0m13:27:00.393691 [info ] [MainThread]:   compiled code at target/compiled/github_pulse/models/marts/pull_requests/_models.yml/unique_fct_pull_requests_event_id.sql
[0m13:27:00.393781 [info ] [MainThread]: 
[0m13:27:00.393891 [error] [MainThread]: [31mFailure in test unique_fct_repo_engagement_event_id (models/marts/engagement/_models.yml)[0m
[0m13:27:00.394002 [error] [MainThread]:   Got 17 results, configured to fail if != 0
[0m13:27:00.394085 [info ] [MainThread]: 
[0m13:27:00.394192 [info ] [MainThread]:   compiled code at target/compiled/github_pulse/models/marts/engagement/_models.yml/unique_fct_repo_engagement_event_id.sql
[0m13:27:00.394278 [info ] [MainThread]: 
[0m13:27:00.394387 [error] [MainThread]: [31mFailure in test unique_fct_repo_engagement_engagement_sk (models/marts/engagement/_models.yml)[0m
[0m13:27:00.394495 [error] [MainThread]:   Got 17 results, configured to fail if != 0
[0m13:27:00.394576 [info ] [MainThread]: 
[0m13:27:00.394679 [info ] [MainThread]:   compiled code at target/compiled/github_pulse/models/marts/engagement/_models.yml/unique_fct_repo_engagement_engagement_sk.sql
[0m13:27:00.394767 [info ] [MainThread]: 
[0m13:27:00.394873 [error] [MainThread]: [31mFailure in test unique_fct_pull_requests_pr_event_sk (models/marts/pull_requests/_models.yml)[0m
[0m13:27:00.394980 [error] [MainThread]:   Got 273 results, configured to fail if != 0
[0m13:27:00.395060 [info ] [MainThread]: 
[0m13:27:00.395163 [info ] [MainThread]:   compiled code at target/compiled/github_pulse/models/marts/pull_requests/_models.yml/unique_fct_pull_requests_pr_event_sk.sql
[0m13:27:00.395249 [info ] [MainThread]: 
[0m13:27:00.395353 [error] [MainThread]: [31mFailure in test unique_fct_repo_lifecycle_event_id (models/marts/lifecycle/_models.yml)[0m
[0m13:27:00.395459 [error] [MainThread]:   Got 5628 results, configured to fail if != 0
[0m13:27:00.395539 [info ] [MainThread]: 
[0m13:27:00.395642 [info ] [MainThread]:   compiled code at target/compiled/github_pulse/models/marts/lifecycle/_models.yml/unique_fct_repo_lifecycle_event_id.sql
[0m13:27:00.395729 [info ] [MainThread]: 
[0m13:27:00.395835 [error] [MainThread]: [31mFailure in test unique_fct_repo_lifecycle_lifecycle_sk (models/marts/lifecycle/_models.yml)[0m
[0m13:27:00.395940 [error] [MainThread]:   Got 5628 results, configured to fail if != 0
[0m13:27:00.396022 [info ] [MainThread]: 
[0m13:27:00.396123 [info ] [MainThread]:   compiled code at target/compiled/github_pulse/models/marts/lifecycle/_models.yml/unique_fct_repo_lifecycle_lifecycle_sk.sql
[0m13:27:00.396217 [info ] [MainThread]: 
[0m13:27:00.396320 [info ] [MainThread]: Done. PASS=12 WARN=0 ERROR=6 SKIP=0 NO-OP=0 TOTAL=18
[0m13:27:00.396556 [debug] [MainThread]: Resource report: {"command_name": "test", "command_success": false, "command_wall_clock_time": 10.599863, "process_in_blocks": "0", "process_kernel_time": 0.361035, "process_mem_max_rss": "240402432", "process_out_blocks": "0", "process_user_time": 3.121999}
[0m13:27:00.396710 [debug] [MainThread]: Command `dbt test` failed at 13:27:00.396680 after 10.60 seconds
[0m13:27:00.396846 [debug] [MainThread]: Sending event: {'category': 'dbt', 'action': 'invocation', 'label': 'end', 'context': [<snowplow_tracker.self_describing_json.SelfDescribingJson object at 0x105d96d10>, <snowplow_tracker.self_describing_json.SelfDescribingJson object at 0x10a8d7510>, <snowplow_tracker.self_describing_json.SelfDescribingJson object at 0x10a8d6610>]}
[0m13:27:00.396973 [debug] [MainThread]: Flushing usage events
[0m13:27:00.899895 [debug] [MainThread]: An error was encountered while trying to flush usage events
[0m13:34:12.666952 [debug] [MainThread]: Sending event: {'category': 'dbt', 'action': 'invocation', 'label': 'start', 'context': [<snowplow_tracker.self_describing_json.SelfDescribingJson object at 0x1129ec750>, <snowplow_tracker.self_describing_json.SelfDescribingJson object at 0x112abb350>, <snowplow_tracker.self_describing_json.SelfDescribingJson object at 0x112abbc10>]}


============================== 13:34:12.669455 | 9af428f1-87ab-40cf-87a5-46d032ada0a7 ==============================
[0m13:34:12.669455 [info ] [MainThread]: Running with dbt=1.11.11
[0m13:34:12.669719 [debug] [MainThread]: running dbt with arguments {'warn_error': 'None', 'log_path': '/Users/perrikwong/Desktop/github_pulse/logs', 'empty': 'False', 'indirect_selection': 'eager', 'cache_selected_only': 'False', 'target_path': 'None', 'debug': 'False', 'partial_parse': 'True', 'use_colors': 'True', 'quiet': 'False', 'write_json': 'True', 'send_anonymous_usage_stats': 'True', 'fail_fast': 'False', 'printer_width': '80', 'use_experimental_parser': 'False', 'invocation_command': 'dbt run --select staging marts.pull_requests marts.engagement marts.lifecycle', 'warn_error_options': 'WarnErrorOptionsV2(error=[], warn=[], silence=[])', 'introspect': 'True', 'log_format': 'default', 'static_parser': 'True', 'version_check': 'True', 'log_cache_events': 'False', 'no_print': 'None', 'profiles_dir': '/Users/perrikwong/.dbt'}
[0m13:34:13.324307 [debug] [MainThread]: Sending event: {'category': 'dbt', 'action': 'project_id', 'label': '9af428f1-87ab-40cf-87a5-46d032ada0a7', 'context': [<snowplow_tracker.self_describing_json.SelfDescribingJson object at 0x127972690>]}
[0m13:34:13.345786 [debug] [MainThread]: Sending event: {'category': 'dbt', 'action': 'adapter_info', 'label': '9af428f1-87ab-40cf-87a5-46d032ada0a7', 'context': [<snowplow_tracker.self_describing_json.SelfDescribingJson object at 0x10622a490>]}
[0m13:34:13.346027 [info ] [MainThread]: Registered adapter: bigquery=1.11.1
[0m13:34:13.416683 [debug] [MainThread]: checksum: 30a8cc8fdcbf66701b0944d4ccce3fa46dd04b61e5df68b9f16d57b2e0e3f0be, vars: {}, profile: , target: , version: 1.11.11
[0m13:34:13.503260 [debug] [MainThread]: Partial parsing enabled: 0 files deleted, 0 files added, 2 files changed.
[0m13:34:13.503618 [debug] [MainThread]: Partial parsing: updated file: github_pulse://models/staging/stg_github__watch_events.sql
[0m13:34:13.503788 [debug] [MainThread]: Partial parsing: updated file: github_pulse://models/staging/stg_github__pull_request_events.sql
[0m13:34:13.707642 [warn ] [MainThread]: [[33mWARNING[0m]: Configuration paths exist in your dbt_project.yml file which do not apply to any resources.
There are 1 unused configuration paths:
- models.github_pulse.intermediate
[0m13:34:13.712863 [debug] [MainThread]: Sending event: {'category': 'dbt', 'action': 'load_project', 'label': '9af428f1-87ab-40cf-87a5-46d032ada0a7', 'context': [<snowplow_tracker.self_describing_json.SelfDescribingJson object at 0x130234c50>]}
[0m13:34:13.759880 [debug] [MainThread]: Wrote artifact WritableManifest to /Users/perrikwong/Desktop/github_pulse/target/manifest.json
[0m13:34:13.761924 [debug] [MainThread]: Wrote artifact SemanticManifest to /Users/perrikwong/Desktop/github_pulse/target/semantic_manifest.json
[0m13:34:13.768837 [debug] [MainThread]: Sending event: {'category': 'dbt', 'action': 'resource_counts', 'label': '9af428f1-87ab-40cf-87a5-46d032ada0a7', 'context': [<snowplow_tracker.self_describing_json.SelfDescribingJson object at 0x130007e50>]}
[0m13:34:13.769029 [info ] [MainThread]: Found 10 models, 1 snapshot, 54 data tests, 1 source, 665 macros
[0m13:34:13.769151 [debug] [MainThread]: Sending event: {'category': 'dbt', 'action': 'runnable_timing', 'label': '9af428f1-87ab-40cf-87a5-46d032ada0a7', 'context': [<snowplow_tracker.self_describing_json.SelfDescribingJson object at 0x106622590>]}
[0m13:34:13.770382 [info ] [MainThread]: 
[0m13:34:13.770504 [info ] [MainThread]: Concurrency: 4 threads (target='dev')
[0m13:34:13.770598 [info ] [MainThread]: 
[0m13:34:13.770764 [debug] [MainThread]: Acquiring new bigquery connection 'master'
[0m13:34:13.772325 [debug] [ThreadPool]: Acquiring new bigquery connection 'list_github-pulse-jumpy'
[0m13:34:13.772503 [debug] [ThreadPool]: Acquiring new bigquery connection 'list_github-pulse-jumpy'
[0m13:34:13.772650 [debug] [ThreadPool]: Opening a new connection, currently in state init
[0m13:34:13.772770 [debug] [ThreadPool]: Opening a new connection, currently in state init
[0m13:34:14.495022 [debug] [ThreadPool]: Re-using an available connection from the pool (formerly list_github-pulse-jumpy, now list_github-pulse-jumpy_github_pulse_analytics_dev_staging)
[0m13:34:14.495881 [debug] [ThreadPool]: Re-using an available connection from the pool (formerly list_github-pulse-jumpy, now list_github-pulse-jumpy_github_pulse_analytics_dev_marts)
[0m13:34:14.496542 [debug] [ThreadPool]: Acquiring new bigquery connection 'list_github-pulse-jumpy_github_pulse_analytics_dev_core'
[0m13:34:14.497113 [debug] [ThreadPool]: Opening a new connection, currently in state closed
[0m13:34:14.497577 [debug] [ThreadPool]: Acquiring new bigquery connection 'list_github-pulse-jumpy_snapshots'
[0m13:34:14.498113 [debug] [ThreadPool]: Opening a new connection, currently in state closed
[0m13:34:14.498500 [debug] [ThreadPool]: Opening a new connection, currently in state init
[0m13:34:14.499127 [debug] [ThreadPool]: Opening a new connection, currently in state init
[0m13:34:15.196415 [debug] [MainThread]: Sending event: {'category': 'dbt', 'action': 'runnable_timing', 'label': '9af428f1-87ab-40cf-87a5-46d032ada0a7', 'context': [<snowplow_tracker.self_describing_json.SelfDescribingJson object at 0x10618ff90>]}
[0m13:34:15.197350 [debug] [MainThread]: Opening a new connection, currently in state init
[0m13:34:15.276680 [debug] [Thread-1 (]: Began running node model.github_pulse.stg_github__create_events
[0m13:34:15.276939 [debug] [Thread-2 (]: Began running node model.github_pulse.stg_github__delete_events
[0m13:34:15.277112 [debug] [Thread-3 (]: Began running node model.github_pulse.stg_github__pull_request_events
[0m13:34:15.277260 [debug] [Thread-4 (]: Began running node model.github_pulse.stg_github__watch_events
[0m13:34:15.277459 [info ] [Thread-1 (]: 1 of 7 START sql view model github_pulse_analytics_dev_staging.stg_github__create_events  [RUN]
[0m13:34:15.277699 [info ] [Thread-2 (]: 2 of 7 START sql view model github_pulse_analytics_dev_staging.stg_github__delete_events  [RUN]
[0m13:34:15.277924 [info ] [Thread-3 (]: 3 of 7 START sql view model github_pulse_analytics_dev_staging.stg_github__pull_request_events  [RUN]
[0m13:34:15.278117 [info ] [Thread-4 (]: 4 of 7 START sql view model github_pulse_analytics_dev_staging.stg_github__watch_events  [RUN]
[0m13:34:15.278305 [debug] [Thread-1 (]: Re-using an available connection from the pool (formerly list_github-pulse-jumpy_github_pulse_analytics_dev_staging, now model.github_pulse.stg_github__create_events)
[0m13:34:15.278444 [debug] [Thread-2 (]: Re-using an available connection from the pool (formerly list_github-pulse-jumpy_github_pulse_analytics_dev_marts, now model.github_pulse.stg_github__delete_events)
[0m13:34:15.278570 [debug] [Thread-3 (]: Re-using an available connection from the pool (formerly list_github-pulse-jumpy_github_pulse_analytics_dev_core, now model.github_pulse.stg_github__pull_request_events)
[0m13:34:15.278693 [debug] [Thread-4 (]: Re-using an available connection from the pool (formerly list_github-pulse-jumpy_snapshots, now model.github_pulse.stg_github__watch_events)
[0m13:34:15.278822 [debug] [Thread-1 (]: Began compiling node model.github_pulse.stg_github__create_events
[0m13:34:15.278939 [debug] [Thread-2 (]: Began compiling node model.github_pulse.stg_github__delete_events
[0m13:34:15.279051 [debug] [Thread-3 (]: Began compiling node model.github_pulse.stg_github__pull_request_events
[0m13:34:15.279161 [debug] [Thread-4 (]: Began compiling node model.github_pulse.stg_github__watch_events
[0m13:34:15.282765 [debug] [Thread-1 (]: Writing injected SQL for node "model.github_pulse.stg_github__create_events"
[0m13:34:15.284016 [debug] [Thread-2 (]: Writing injected SQL for node "model.github_pulse.stg_github__delete_events"
[0m13:34:15.285229 [debug] [Thread-3 (]: Writing injected SQL for node "model.github_pulse.stg_github__pull_request_events"
[0m13:34:15.286276 [debug] [Thread-4 (]: Writing injected SQL for node "model.github_pulse.stg_github__watch_events"
[0m13:34:15.286726 [debug] [Thread-2 (]: Began executing node model.github_pulse.stg_github__delete_events
[0m13:34:15.286874 [debug] [Thread-1 (]: Began executing node model.github_pulse.stg_github__create_events
[0m13:34:15.286986 [debug] [Thread-4 (]: Began executing node model.github_pulse.stg_github__watch_events
[0m13:34:15.287109 [debug] [Thread-3 (]: Began executing node model.github_pulse.stg_github__pull_request_events
[0m13:34:15.298371 [debug] [Thread-2 (]: Writing runtime sql for node "model.github_pulse.stg_github__delete_events"
[0m13:34:15.299419 [debug] [Thread-1 (]: Writing runtime sql for node "model.github_pulse.stg_github__create_events"
[0m13:34:15.300428 [debug] [Thread-4 (]: Writing runtime sql for node "model.github_pulse.stg_github__watch_events"
[0m13:34:15.301386 [debug] [Thread-3 (]: Writing runtime sql for node "model.github_pulse.stg_github__pull_request_events"
[0m13:34:15.301988 [debug] [Thread-1 (]: On model.github_pulse.stg_github__create_events: /* {"app": "dbt", "dbt_version": "1.11.11", "profile_name": "github_pulse", "target_name": "dev", "node_id": "model.github_pulse.stg_github__create_events"} */


  create or replace view `github-pulse-jumpy`.`github_pulse_analytics_dev_staging`.`stg_github__create_events`
  OPTIONS()
  as 

with source as (

    select *
    from `githubarchive`.`day`.`20260428`
    where type = 'CreateEvent'

),

deduplicated as (
    select *
    from source
    qualify row_number() over (partition by id order by created_at) = 1
),

renamed as (

    select
        id                                              as event_id,

        actor.id                                        as actor_id,
        actor.login                                     as actor_login,

        repo.id                                         as repo_id,
        repo.name                                       as repo_name,

        org.id                                          as org_id,
        org.login                                       as org_login,

        -- what was created: 'branch', 'tag', or 'repository'
        json_value(payload, '$.ref_type')               as ref_type,
        -- the name of the branch / tag (null for repository creation)
        json_value(payload, '$.ref')                    as ref_name,
        -- description of the repo when ref_type = 'repository'
        json_value(payload, '$.description')            as description,
        -- master_branch — typically only set for repo creation
        json_value(payload, '$.master_branch')          as master_branch,

        created_at                                      as event_at

    from deduplicated

)

select * from renamed;


[0m13:34:15.302217 [debug] [Thread-2 (]: On model.github_pulse.stg_github__delete_events: /* {"app": "dbt", "dbt_version": "1.11.11", "profile_name": "github_pulse", "target_name": "dev", "node_id": "model.github_pulse.stg_github__delete_events"} */


  create or replace view `github-pulse-jumpy`.`github_pulse_analytics_dev_staging`.`stg_github__delete_events`
  OPTIONS()
  as 

with source as (

    select *
    from `githubarchive`.`day`.`20260428`
    where type = 'DeleteEvent'

),

deduplicated as (

    select *
    from source
    qualify row_number() over (
        partition by id
        order by created_at
    ) = 1

),

renamed as (

    select
        id                                              as event_id,

        actor.id                                        as actor_id,
        actor.login                                     as actor_login,

        repo.id                                         as repo_id,
        repo.name                                       as repo_name,

        org.id                                          as org_id,
        org.login                                       as org_login,

        -- what was deleted: 'branch' or 'tag' (repos don't generate DeleteEvent)
        json_value(payload, '$.ref_type')               as ref_type,
        json_value(payload, '$.ref')                    as ref_name,

        created_at                                      as event_at

    from deduplicated

)

select * from renamed;


[0m13:34:15.302418 [debug] [Thread-1 (]: Opening a new connection, currently in state closed
[0m13:34:15.302588 [debug] [Thread-2 (]: Opening a new connection, currently in state closed
[0m13:34:15.302741 [debug] [Thread-4 (]: On model.github_pulse.stg_github__watch_events: /* {"app": "dbt", "dbt_version": "1.11.11", "profile_name": "github_pulse", "target_name": "dev", "node_id": "model.github_pulse.stg_github__watch_events"} */


  create or replace view `github-pulse-jumpy`.`github_pulse_analytics_dev_staging`.`stg_github__watch_events`
  OPTIONS()
  as with source as (
    select *
    from `githubarchive`.`day`.`20260428`
    where type = 'WatchEvent'
),

deduplicated as (

    select *
    from source
    qualify row_number() over (
        partition by id
        order by created_at
    ) = 1

),


renamed as (
    select
        id                  as event_id,
        actor.id            as actor_id,
        actor.login         as actor_login,
        repo.id             as repo_id,
        repo.name           as repo_name,
        org.id              as org_id,
        org.login           as org_login,
        json_value(payload, '$.action')   as engagement_action,
        created_at          as event_at
    from deduplicated  
)

select * from renamed;


[0m13:34:15.302928 [debug] [Thread-3 (]: On model.github_pulse.stg_github__pull_request_events: /* {"app": "dbt", "dbt_version": "1.11.11", "profile_name": "github_pulse", "target_name": "dev", "node_id": "model.github_pulse.stg_github__pull_request_events"} */


  create or replace view `github-pulse-jumpy`.`github_pulse_analytics_dev_staging`.`stg_github__pull_request_events`
  OPTIONS()
  as 

with source as (

    select *
    from `githubarchive`.`day`.`20260428`
    where type = 'PullRequestEvent'

),

deduplicated as (

    select *
    from source
    qualify row_number() over (
        partition by id
        order by created_at
    ) = 1

),

renamed as (

    select
        -- identifiers
        id                                                                  as event_id,
        cast(json_value(payload, '$.pull_request.id') as int64)             as pr_id,
        cast(json_value(payload, '$.number') as int64)                      as pr_number,

        -- actor (the user performing the action)
        actor.id                                                            as actor_id,
        actor.login                                                         as actor_login,

        -- repo
        repo.id                                                             as repo_id,
        repo.name                                                           as repo_name,

        -- org (nullable — only set when repo is in an org)
        org.id                                                              as org_id,
        org.login                                                           as org_login,

        -- action: what happened to the PR
        -- (opened / closed / merged / reopened / labeled / assigned / etc.)
        json_value(payload, '$.action')                                     as pr_action,

        -- convenience flags derived from action
        case when json_value(payload, '$.action') = 'opened'   then true else false end as is_opened,
        case when json_value(payload, '$.action') = 'closed'   then true else false end as is_closed,
        case when json_value(payload, '$.action') = 'merged'   then true else false end as is_merged,
        case when json_value(payload, '$.action') = 'reopened' then true else false end as is_reopened,
        case when json_value(payload, '$.action') = 'labeled'  then true else false end as is_labeled,

        -- timestamp
        created_at                                                          as event_at

    from deduplicated

)

select * from renamed;


[0m13:34:15.404016 [debug] [Thread-4 (]: Opening a new connection, currently in state closed
[0m13:34:15.404224 [debug] [Thread-3 (]: Opening a new connection, currently in state closed
[0m13:34:16.177003 [debug] [Thread-2 (]: BigQuery adapter: https://console.cloud.google.com/bigquery?project=github-pulse-jumpy&j=bq:US:d8ed0a44-ad9d-4fd4-bc82-049058c1be66&page=queryresults
[0m13:34:16.207419 [debug] [Thread-3 (]: BigQuery adapter: https://console.cloud.google.com/bigquery?project=github-pulse-jumpy&j=bq:US:84b654d4-6370-46a2-ba87-9fb0a80a5b8f&page=queryresults
[0m13:34:16.210787 [debug] [Thread-4 (]: BigQuery adapter: https://console.cloud.google.com/bigquery?project=github-pulse-jumpy&j=bq:US:16e4e8e3-52fc-49f9-b3ba-0c13e6a81e06&page=queryresults
[0m13:34:16.222029 [debug] [Thread-1 (]: BigQuery adapter: https://console.cloud.google.com/bigquery?project=github-pulse-jumpy&j=bq:US:fc6b4530-cf1e-4ef9-b622-d74aacb3031f&page=queryresults
[0m13:34:16.601023 [debug] [Thread-3 (]: SQL status: OK in 0.393 seconds
[0m13:34:16.637051 [debug] [Thread-4 (]: SQL status: OK in 0.425 seconds
[0m13:34:16.638619 [debug] [Thread-1 (]: SQL status: OK in 0.416 seconds
[0m13:34:16.708790 [debug] [Thread-4 (]: Sending event: {'category': 'dbt', 'action': 'run_model', 'label': '9af428f1-87ab-40cf-87a5-46d032ada0a7', 'context': [<snowplow_tracker.self_describing_json.SelfDescribingJson object at 0x127e85050>]}
[0m13:34:16.708997 [debug] [Thread-3 (]: Sending event: {'category': 'dbt', 'action': 'run_model', 'label': '9af428f1-87ab-40cf-87a5-46d032ada0a7', 'context': [<snowplow_tracker.self_describing_json.SelfDescribingJson object at 0x127ed2210>]}
[0m13:34:16.709141 [debug] [Thread-1 (]: Sending event: {'category': 'dbt', 'action': 'run_model', 'label': '9af428f1-87ab-40cf-87a5-46d032ada0a7', 'context': [<snowplow_tracker.self_describing_json.SelfDescribingJson object at 0x127e87910>]}
[0m13:34:16.709493 [info ] [Thread-4 (]: 4 of 7 OK created sql view model github_pulse_analytics_dev_staging.stg_github__watch_events  [[32mCREATE VIEW (0 processed)[0m in 1.43s]
[0m13:34:16.709764 [info ] [Thread-3 (]: 3 of 7 OK created sql view model github_pulse_analytics_dev_staging.stg_github__pull_request_events  [[32mCREATE VIEW (0 processed)[0m in 1.43s]
[0m13:34:16.709996 [info ] [Thread-1 (]: 1 of 7 OK created sql view model github_pulse_analytics_dev_staging.stg_github__create_events  [[32mCREATE VIEW (0 processed)[0m in 1.43s]
[0m13:34:16.710227 [debug] [Thread-4 (]: Finished running node model.github_pulse.stg_github__watch_events
[0m13:34:16.710423 [debug] [Thread-3 (]: Finished running node model.github_pulse.stg_github__pull_request_events
[0m13:34:16.710604 [debug] [Thread-1 (]: Finished running node model.github_pulse.stg_github__create_events
[0m13:34:16.978269 [debug] [Thread-2 (]: SQL status: OK in 0.800 seconds
[0m13:34:16.986089 [debug] [Thread-2 (]: Sending event: {'category': 'dbt', 'action': 'run_model', 'label': '9af428f1-87ab-40cf-87a5-46d032ada0a7', 'context': [<snowplow_tracker.self_describing_json.SelfDescribingJson object at 0x127ed0510>]}
[0m13:34:16.987119 [info ] [Thread-2 (]: 2 of 7 OK created sql view model github_pulse_analytics_dev_staging.stg_github__delete_events  [[32mCREATE VIEW (0 processed)[0m in 1.71s]
[0m13:34:16.987717 [debug] [Thread-2 (]: Finished running node model.github_pulse.stg_github__delete_events
[0m13:34:16.988752 [debug] [Thread-4 (]: Began running node model.github_pulse.fct_pull_requests
[0m13:34:16.989168 [debug] [Thread-3 (]: Began running node model.github_pulse.fct_repo_engagement
[0m13:34:16.989608 [debug] [Thread-1 (]: Began running node model.github_pulse.fct_repo_lifecycle
[0m13:34:16.990114 [info ] [Thread-4 (]: 5 of 7 START sql table model github_pulse_analytics_dev_marts.fct_pull_requests  [RUN]
[0m13:34:16.990716 [info ] [Thread-3 (]: 6 of 7 START sql table model github_pulse_analytics_dev_marts.fct_repo_engagement  [RUN]
[0m13:34:16.991260 [info ] [Thread-1 (]: 7 of 7 START sql table model github_pulse_analytics_dev_marts.fct_repo_lifecycle  [RUN]
[0m13:34:16.991816 [debug] [Thread-4 (]: Re-using an available connection from the pool (formerly model.github_pulse.stg_github__watch_events, now model.github_pulse.fct_pull_requests)
[0m13:34:16.992202 [debug] [Thread-3 (]: Re-using an available connection from the pool (formerly model.github_pulse.stg_github__pull_request_events, now model.github_pulse.fct_repo_engagement)
[0m13:34:16.992549 [debug] [Thread-1 (]: Re-using an available connection from the pool (formerly model.github_pulse.stg_github__create_events, now model.github_pulse.fct_repo_lifecycle)
[0m13:34:16.992905 [debug] [Thread-4 (]: Began compiling node model.github_pulse.fct_pull_requests
[0m13:34:16.993261 [debug] [Thread-3 (]: Began compiling node model.github_pulse.fct_repo_engagement
[0m13:34:16.993691 [debug] [Thread-1 (]: Began compiling node model.github_pulse.fct_repo_lifecycle
[0m13:34:17.010351 [debug] [Thread-4 (]: Writing injected SQL for node "model.github_pulse.fct_pull_requests"
[0m13:34:17.014360 [debug] [Thread-3 (]: Writing injected SQL for node "model.github_pulse.fct_repo_engagement"
[0m13:34:17.017430 [debug] [Thread-1 (]: Writing injected SQL for node "model.github_pulse.fct_repo_lifecycle"
[0m13:34:17.018790 [debug] [Thread-4 (]: Began executing node model.github_pulse.fct_pull_requests
[0m13:34:17.019076 [debug] [Thread-1 (]: Began executing node model.github_pulse.fct_repo_lifecycle
[0m13:34:17.019374 [debug] [Thread-3 (]: Began executing node model.github_pulse.fct_repo_engagement
[0m13:34:17.026585 [debug] [Thread-4 (]: Opening a new connection, currently in state closed
[0m13:34:17.028255 [debug] [Thread-1 (]: Opening a new connection, currently in state closed
[0m13:34:17.029656 [debug] [Thread-3 (]: Opening a new connection, currently in state closed
[0m13:34:17.718282 [debug] [Thread-4 (]: Writing runtime sql for node "model.github_pulse.fct_pull_requests"
[0m13:34:17.720427 [debug] [Thread-1 (]: Writing runtime sql for node "model.github_pulse.fct_repo_lifecycle"
[0m13:34:17.721369 [debug] [Thread-3 (]: Writing runtime sql for node "model.github_pulse.fct_repo_engagement"
[0m13:34:17.723341 [debug] [Thread-1 (]: On model.github_pulse.fct_repo_lifecycle: /* {"app": "dbt", "dbt_version": "1.11.11", "profile_name": "github_pulse", "target_name": "dev", "node_id": "model.github_pulse.fct_repo_lifecycle"} */

  
    

    create or replace table `github-pulse-jumpy`.`github_pulse_analytics_dev_marts`.`fct_repo_lifecycle`
      
    
    

    
    OPTIONS()
    as (
      

with create_events as (

    select
        event_id,
        actor_id,
        actor_login,
        repo_id,
        repo_name,
        org_id,
        org_login,
        ref_type,
        ref_name,
        event_at,
        'created'   as lifecycle_action
    from `github-pulse-jumpy`.`github_pulse_analytics_dev_staging`.`stg_github__create_events`

),

delete_events as (

    select
        event_id,
        actor_id,
        actor_login,
        repo_id,
        repo_name,
        org_id,
        org_login,
        ref_type,
        ref_name,
        event_at,
        'deleted'   as lifecycle_action
    from `github-pulse-jumpy`.`github_pulse_analytics_dev_staging`.`stg_github__delete_events`

),

unioned as (

    select * from create_events
    union all
    select * from delete_events

),

dim_repo as (

    select repo_id, repo_sk, repo_name, repo_owner, repo_slug
    from `github-pulse-jumpy`.`github_pulse_analytics_dev_core`.`dim_repo`
    where is_current

),

dim_date as (

    select date_id, calendar_date
    from `github-pulse-jumpy`.`github_pulse_analytics_dev_core`.`dim_date`

),

final as (

    select
        to_hex(md5(cast(coalesce(cast(u.event_id as string), '_dbt_utils_surrogate_key_null_') as string)))      as lifecycle_sk,

        u.event_id,
        coalesce(r.repo_sk, 'unknown')                              as repo_sk,
        coalesce(
            d.date_id,
            cast(format_date('%Y%m%d', date(u.event_at)) as int64)
        )                                                           as date_id,

        u.actor_id,
        u.actor_login,

        -- repo (denormalized)
        coalesce(r.repo_name, u.repo_name)                          as repo_name,
        r.repo_owner,
        r.repo_slug,

        -- lifecycle details
        u.lifecycle_action,     -- 'created' or 'deleted'
        u.ref_type,             -- 'branch', 'tag', or 'repository'
        u.ref_name,

        -- derived
        u.ref_type = 'branch'   as is_branch_event,
        u.ref_type = 'tag'      as is_tag_event,

        u.event_at

    from unioned u
    left join dim_repo  r on u.repo_id = r.repo_id
    left join dim_date  d on date(u.event_at) = d.calendar_date

)

select * from final
    );
  
[0m13:34:17.723980 [debug] [Thread-4 (]: On model.github_pulse.fct_pull_requests: /* {"app": "dbt", "dbt_version": "1.11.11", "profile_name": "github_pulse", "target_name": "dev", "node_id": "model.github_pulse.fct_pull_requests"} */

  
    

    create or replace table `github-pulse-jumpy`.`github_pulse_analytics_dev_marts`.`fct_pull_requests`
      
    
    

    
    OPTIONS()
    as (
      

with pr_events as (

    select * from `github-pulse-jumpy`.`github_pulse_analytics_dev_staging`.`stg_github__pull_request_events`

),

dim_repo as (

    select repo_id, repo_sk, repo_name, repo_owner, repo_slug, repo_url
    from `github-pulse-jumpy`.`github_pulse_analytics_dev_core`.`dim_repo`
    where is_current

),

dim_actor as (

    select actor_id, actor_login, profile_url
    from `github-pulse-jumpy`.`github_pulse_analytics_dev_core`.`dim_actor`

),

dim_date as (

    select date_id, calendar_date
    from `github-pulse-jumpy`.`github_pulse_analytics_dev_core`.`dim_date`

),

final as (

    select
        -- surrogate key
        to_hex(md5(cast(coalesce(cast(pr.event_id as string), '_dbt_utils_surrogate_key_null_') as string)))     as pr_event_sk,

        -- foreign keys
        pr.event_id,
        pr.pr_id,
        pr.pr_number,
        coalesce(r.repo_sk, 'unknown')                              as repo_sk,
        coalesce(
            d.date_id,
            cast(format_date('%Y%m%d', date(pr.event_at)) as int64)
        )                                                           as date_id,

        -- actor info (denormalized for query convenience)
        pr.actor_id,
        coalesce(a.actor_login, pr.actor_login)                     as actor_login,

        -- repo info (denormalized)
        coalesce(r.repo_name, pr.repo_name)                         as repo_name,
        r.repo_owner,
        r.repo_slug,

        -- event details
        pr.pr_action,
        pr.is_opened,
        pr.is_closed,
        pr.is_merged,
        pr.is_reopened,
        pr.is_labeled,

        -- timestamp
        pr.event_at

    from pr_events pr
    left join dim_repo   r on pr.repo_id  = r.repo_id
    left join dim_actor  a on pr.actor_id = a.actor_id
    left join dim_date   d on date(pr.event_at) = d.calendar_date

)

select * from final
    );
  
[0m13:34:17.724506 [debug] [Thread-3 (]: On model.github_pulse.fct_repo_engagement: /* {"app": "dbt", "dbt_version": "1.11.11", "profile_name": "github_pulse", "target_name": "dev", "node_id": "model.github_pulse.fct_repo_engagement"} */

  
    

    create or replace table `github-pulse-jumpy`.`github_pulse_analytics_dev_marts`.`fct_repo_engagement`
      
    
    

    
    OPTIONS()
    as (
      

with watch_events as (

    select * from `github-pulse-jumpy`.`github_pulse_analytics_dev_staging`.`stg_github__watch_events`

),

dim_repo as (

    select repo_id, repo_sk, repo_name, repo_owner, repo_slug, repo_url
    from `github-pulse-jumpy`.`github_pulse_analytics_dev_core`.`dim_repo`
    where is_current

),

dim_actor as (

    select actor_id, actor_login
    from `github-pulse-jumpy`.`github_pulse_analytics_dev_core`.`dim_actor`

),

dim_date as (

    select date_id, calendar_date
    from `github-pulse-jumpy`.`github_pulse_analytics_dev_core`.`dim_date`

),

final as (

    select
        -- surrogate key
        to_hex(md5(cast(coalesce(cast(w.event_id as string), '_dbt_utils_surrogate_key_null_') as string)))      as engagement_sk,

        -- foreign keys
        w.event_id,
        coalesce(r.repo_sk, 'unknown')                              as repo_sk,
        coalesce(
            d.date_id,
            cast(format_date('%Y%m%d', date(w.event_at)) as int64)
        )                                                           as date_id,

        -- actor
        w.actor_id,
        coalesce(a.actor_login, w.actor_login)                      as actor_login,

        -- repo (denormalized)
        coalesce(r.repo_name, w.repo_name)                          as repo_name,
        r.repo_owner,
        r.repo_slug,
        r.repo_url,

        -- engagement type (always 'started' = starred for WatchEvent)
        w.engagement_action,

        -- timestamp
        w.event_at

    from watch_events w
    left join dim_repo   r on w.repo_id  = r.repo_id
    left join dim_actor  a on w.actor_id = a.actor_id
    left join dim_date   d on date(w.event_at) = d.calendar_date

)

select * from final
    );
  
[0m13:34:18.424250 [debug] [Thread-3 (]: BigQuery adapter: https://console.cloud.google.com/bigquery?project=github-pulse-jumpy&j=bq:US:d5729e90-c2ec-455e-8edb-9f23e19dc38b&page=queryresults
[0m13:34:18.465241 [debug] [Thread-4 (]: BigQuery adapter: https://console.cloud.google.com/bigquery?project=github-pulse-jumpy&j=bq:US:798d206a-3c36-471d-94dc-e3b2ccb19eb7&page=queryresults
[0m13:34:18.523388 [debug] [Thread-1 (]: BigQuery adapter: https://console.cloud.google.com/bigquery?project=github-pulse-jumpy&j=bq:US:f56b0934-746a-4ed6-98f3-bd0ae64cd2f1&page=queryresults
[0m13:34:24.291158 [debug] [Thread-3 (]: SQL status: OK in 5.866 seconds
[0m13:34:24.548972 [debug] [Thread-3 (]: Sending event: {'category': 'dbt', 'action': 'run_model', 'label': '9af428f1-87ab-40cf-87a5-46d032ada0a7', 'context': [<snowplow_tracker.self_describing_json.SelfDescribingJson object at 0x132493cd0>]}
[0m13:34:24.550638 [info ] [Thread-3 (]: 6 of 7 OK created sql table model github_pulse_analytics_dev_marts.fct_repo_engagement  [[32mCREATE TABLE (27.0k rows, 1.9 GiB processed)[0m in 7.56s]
[0m13:34:24.551269 [debug] [Thread-3 (]: Finished running node model.github_pulse.fct_repo_engagement
[0m13:34:24.891515 [debug] [Thread-4 (]: SQL status: OK in 6.425 seconds
[0m13:34:25.141397 [debug] [Thread-4 (]: Sending event: {'category': 'dbt', 'action': 'run_model', 'label': '9af428f1-87ab-40cf-87a5-46d032ada0a7', 'context': [<snowplow_tracker.self_describing_json.SelfDescribingJson object at 0x1324c5850>]}
[0m13:34:25.143155 [info ] [Thread-4 (]: 5 of 7 OK created sql table model github_pulse_analytics_dev_marts.fct_pull_requests  [[32mCREATE TABLE (98.2k rows, 1.9 GiB processed)[0m in 8.15s]
[0m13:34:25.144449 [debug] [Thread-4 (]: Finished running node model.github_pulse.fct_pull_requests
[0m13:34:42.861767 [debug] [Thread-1 (]: SQL status: OK in 24.336 seconds
[0m13:34:43.122606 [debug] [Thread-1 (]: Sending event: {'category': 'dbt', 'action': 'run_model', 'label': '9af428f1-87ab-40cf-87a5-46d032ada0a7', 'context': [<snowplow_tracker.self_describing_json.SelfDescribingJson object at 0x1324c2410>]}
[0m13:34:43.124106 [info ] [Thread-1 (]: 7 of 7 OK created sql table model github_pulse_analytics_dev_marts.fct_repo_lifecycle  [[32mCREATE TABLE (568.0k rows, 1.9 GiB processed)[0m in 26.13s]
[0m13:34:43.124901 [debug] [Thread-1 (]: Finished running node model.github_pulse.fct_repo_lifecycle
[0m13:34:43.127800 [debug] [MainThread]: Opening a new connection, currently in state closed
[0m13:34:43.202646 [debug] [MainThread]: Connection 'master' was properly closed.
[0m13:34:43.202896 [debug] [MainThread]: Connection 'model.github_pulse.fct_repo_lifecycle' was properly closed.
[0m13:34:43.202994 [debug] [MainThread]: Connection 'model.github_pulse.stg_github__delete_events' was properly closed.
[0m13:34:43.203090 [debug] [MainThread]: Connection 'model.github_pulse.fct_repo_engagement' was properly closed.
[0m13:34:43.203177 [debug] [MainThread]: Connection 'model.github_pulse.fct_pull_requests' was properly closed.
[0m13:34:43.203405 [info ] [MainThread]: 
[0m13:34:43.203563 [info ] [MainThread]: Finished running 3 table models, 4 view models in 0 hours 0 minutes and 29.43 seconds (29.43s).
[0m13:34:43.204247 [debug] [MainThread]: Command end result
[0m13:34:43.225751 [debug] [MainThread]: Wrote artifact WritableManifest to /Users/perrikwong/Desktop/github_pulse/target/manifest.json
[0m13:34:43.227534 [debug] [MainThread]: Wrote artifact SemanticManifest to /Users/perrikwong/Desktop/github_pulse/target/semantic_manifest.json
[0m13:34:43.230553 [debug] [MainThread]: Wrote artifact RunExecutionResult to /Users/perrikwong/Desktop/github_pulse/target/run_results.json
[0m13:34:43.230661 [info ] [MainThread]: 
[0m13:34:43.230818 [info ] [MainThread]: [32mCompleted successfully[0m
[0m13:34:43.230922 [info ] [MainThread]: 
[0m13:34:43.231064 [info ] [MainThread]: Done. PASS=7 WARN=0 ERROR=0 SKIP=0 NO-OP=0 TOTAL=7
[0m13:34:43.231649 [debug] [MainThread]: Resource report: {"command_name": "run", "command_success": true, "command_wall_clock_time": 30.598057, "process_in_blocks": "0", "process_kernel_time": 0.333064, "process_mem_max_rss": "244711424", "process_out_blocks": "0", "process_user_time": 2.474022}
[0m13:34:43.231897 [debug] [MainThread]: Command `dbt run` succeeded at 13:34:43.231863 after 30.60 seconds
[0m13:34:43.232145 [debug] [MainThread]: Sending event: {'category': 'dbt', 'action': 'invocation', 'label': 'end', 'context': [<snowplow_tracker.self_describing_json.SelfDescribingJson object at 0x112abb4d0>, <snowplow_tracker.self_describing_json.SelfDescribingJson object at 0x11259e8d0>, <snowplow_tracker.self_describing_json.SelfDescribingJson object at 0x1129e7d90>]}
[0m13:34:43.232267 [debug] [MainThread]: Flushing usage events
[0m13:34:43.671097 [debug] [MainThread]: An error was encountered while trying to flush usage events
[0m13:34:48.057242 [debug] [MainThread]: Sending event: {'category': 'dbt', 'action': 'invocation', 'label': 'start', 'context': [<snowplow_tracker.self_describing_json.SelfDescribingJson object at 0x108ccbe10>, <snowplow_tracker.self_describing_json.SelfDescribingJson object at 0x108b69c90>, <snowplow_tracker.self_describing_json.SelfDescribingJson object at 0x108d18b50>]}


============================== 13:34:48.059312 | 3e594f7c-17f3-4dc4-ba6a-a0c298f7be2e ==============================
[0m13:34:48.059312 [info ] [MainThread]: Running with dbt=1.11.11
[0m13:34:48.059560 [debug] [MainThread]: running dbt with arguments {'warn_error': 'None', 'use_colors': 'True', 'quiet': 'False', 'debug': 'False', 'cache_selected_only': 'False', 'empty': 'None', 'log_cache_events': 'False', 'write_json': 'True', 'version_check': 'True', 'profiles_dir': '/Users/perrikwong/.dbt', 'target_path': 'None', 'partial_parse': 'True', 'static_parser': 'True', 'printer_width': '80', 'log_format': 'default', 'no_print': 'None', 'introspect': 'True', 'indirect_selection': 'eager', 'warn_error_options': 'WarnErrorOptionsV2(error=[], warn=[], silence=[])', 'invocation_command': 'dbt test --select marts.pull_requests marts.engagement marts.lifecycle', 'log_path': '/Users/perrikwong/Desktop/github_pulse/logs', 'send_anonymous_usage_stats': 'True', 'fail_fast': 'False', 'use_experimental_parser': 'False'}
[0m13:34:48.561376 [debug] [MainThread]: Sending event: {'category': 'dbt', 'action': 'project_id', 'label': '3e594f7c-17f3-4dc4-ba6a-a0c298f7be2e', 'context': [<snowplow_tracker.self_describing_json.SelfDescribingJson object at 0x10d164750>]}
[0m13:34:48.584440 [debug] [MainThread]: Sending event: {'category': 'dbt', 'action': 'adapter_info', 'label': '3e594f7c-17f3-4dc4-ba6a-a0c298f7be2e', 'context': [<snowplow_tracker.self_describing_json.SelfDescribingJson object at 0x10629a5d0>]}
[0m13:34:48.584887 [info ] [MainThread]: Registered adapter: bigquery=1.11.1
[0m13:34:48.666356 [debug] [MainThread]: checksum: 30a8cc8fdcbf66701b0944d4ccce3fa46dd04b61e5df68b9f16d57b2e0e3f0be, vars: {}, profile: , target: , version: 1.11.11
[0m13:34:48.755005 [debug] [MainThread]: Partial parsing enabled: 0 files deleted, 0 files added, 0 files changed.
[0m13:34:48.755236 [debug] [MainThread]: Nothing changed, skipping partial parsing.
[0m13:34:48.755348 [debug] [MainThread]: Partial parsing enabled, no changes found, skipping parsing
[0m13:34:48.758126 [warn ] [MainThread]: [[33mWARNING[0m]: Configuration paths exist in your dbt_project.yml file which do not apply to any resources.
There are 1 unused configuration paths:
- models.github_pulse.intermediate
[0m13:34:48.779913 [debug] [MainThread]: Sending event: {'category': 'dbt', 'action': 'load_project', 'label': '3e594f7c-17f3-4dc4-ba6a-a0c298f7be2e', 'context': [<snowplow_tracker.self_describing_json.SelfDescribingJson object at 0x11ecee490>]}
[0m13:34:48.840384 [debug] [MainThread]: Wrote artifact WritableManifest to /Users/perrikwong/Desktop/github_pulse/target/manifest.json
[0m13:34:48.841532 [debug] [MainThread]: Wrote artifact SemanticManifest to /Users/perrikwong/Desktop/github_pulse/target/semantic_manifest.json
[0m13:34:48.852749 [debug] [MainThread]: Sending event: {'category': 'dbt', 'action': 'resource_counts', 'label': '3e594f7c-17f3-4dc4-ba6a-a0c298f7be2e', 'context': [<snowplow_tracker.self_describing_json.SelfDescribingJson object at 0x11e8a92d0>]}
[0m13:34:48.853018 [info ] [MainThread]: Found 10 models, 1 snapshot, 54 data tests, 1 source, 665 macros
[0m13:34:48.853154 [debug] [MainThread]: Sending event: {'category': 'dbt', 'action': 'runnable_timing', 'label': '3e594f7c-17f3-4dc4-ba6a-a0c298f7be2e', 'context': [<snowplow_tracker.self_describing_json.SelfDescribingJson object at 0x1070e7650>]}
[0m13:34:48.854485 [info ] [MainThread]: 
[0m13:34:48.854614 [info ] [MainThread]: Concurrency: 4 threads (target='dev')
[0m13:34:48.854711 [info ] [MainThread]: 
[0m13:34:48.854903 [debug] [MainThread]: Acquiring new bigquery connection 'master'
[0m13:34:48.856735 [debug] [ThreadPool]: Acquiring new bigquery connection 'list_github-pulse-jumpy_github_pulse_analytics_dev_staging'
[0m13:34:48.857000 [debug] [ThreadPool]: Acquiring new bigquery connection 'list_github-pulse-jumpy_snapshots'
[0m13:34:48.857152 [debug] [ThreadPool]: Opening a new connection, currently in state init
[0m13:34:48.857308 [debug] [ThreadPool]: Acquiring new bigquery connection 'list_github-pulse-jumpy_github_pulse_analytics_dev_marts'
[0m13:34:48.857486 [debug] [ThreadPool]: Acquiring new bigquery connection 'list_github-pulse-jumpy_github_pulse_analytics_dev_core'
[0m13:34:48.857610 [debug] [ThreadPool]: Opening a new connection, currently in state init
[0m13:34:48.857773 [debug] [ThreadPool]: Opening a new connection, currently in state init
[0m13:34:48.857891 [debug] [ThreadPool]: Opening a new connection, currently in state init
[0m13:34:49.557462 [debug] [MainThread]: Sending event: {'category': 'dbt', 'action': 'runnable_timing', 'label': '3e594f7c-17f3-4dc4-ba6a-a0c298f7be2e', 'context': [<snowplow_tracker.self_describing_json.SelfDescribingJson object at 0x11eb86cd0>]}
[0m13:34:49.559367 [debug] [MainThread]: Opening a new connection, currently in state init
[0m13:34:49.641069 [debug] [Thread-1 (]: Began running node test.github_pulse.accepted_values_fct_repo_lifecycle_lifecycle_action__created__deleted.7a2adcc755
[0m13:34:49.641252 [debug] [Thread-2 (]: Began running node test.github_pulse.not_null_fct_pull_requests_event_at.065c1fb74d
[0m13:34:49.641418 [debug] [Thread-3 (]: Began running node test.github_pulse.not_null_fct_pull_requests_event_id.1964011314
[0m13:34:49.641530 [debug] [Thread-4 (]: Began running node test.github_pulse.not_null_fct_pull_requests_pr_action.af0f98cf30
[0m13:34:49.641657 [info ] [Thread-1 (]: 1 of 18 START test accepted_values_fct_repo_lifecycle_lifecycle_action__created__deleted  [RUN]
[0m13:34:49.641805 [info ] [Thread-2 (]: 2 of 18 START test not_null_fct_pull_requests_event_at ......................... [RUN]
[0m13:34:49.641933 [info ] [Thread-3 (]: 3 of 18 START test not_null_fct_pull_requests_event_id ......................... [RUN]
[0m13:34:49.642082 [info ] [Thread-4 (]: 4 of 18 START test not_null_fct_pull_requests_pr_action ........................ [RUN]
[0m13:34:49.642271 [debug] [Thread-1 (]: Re-using an available connection from the pool (formerly list_github-pulse-jumpy_github_pulse_analytics_dev_staging, now test.github_pulse.accepted_values_fct_repo_lifecycle_lifecycle_action__created__deleted.7a2adcc755)
[0m13:34:49.642502 [debug] [Thread-2 (]: Re-using an available connection from the pool (formerly list_github-pulse-jumpy_snapshots, now test.github_pulse.not_null_fct_pull_requests_event_at.065c1fb74d)
[0m13:34:49.642634 [debug] [Thread-3 (]: Re-using an available connection from the pool (formerly list_github-pulse-jumpy_github_pulse_analytics_dev_marts, now test.github_pulse.not_null_fct_pull_requests_event_id.1964011314)
[0m13:34:49.642751 [debug] [Thread-4 (]: Re-using an available connection from the pool (formerly list_github-pulse-jumpy_github_pulse_analytics_dev_core, now test.github_pulse.not_null_fct_pull_requests_pr_action.af0f98cf30)
[0m13:34:49.642875 [debug] [Thread-1 (]: Began compiling node test.github_pulse.accepted_values_fct_repo_lifecycle_lifecycle_action__created__deleted.7a2adcc755
[0m13:34:49.642984 [debug] [Thread-2 (]: Began compiling node test.github_pulse.not_null_fct_pull_requests_event_at.065c1fb74d
[0m13:34:49.643091 [debug] [Thread-3 (]: Began compiling node test.github_pulse.not_null_fct_pull_requests_event_id.1964011314
[0m13:34:49.643195 [debug] [Thread-4 (]: Began compiling node test.github_pulse.not_null_fct_pull_requests_pr_action.af0f98cf30
[0m13:34:49.650341 [debug] [Thread-1 (]: Writing injected SQL for node "test.github_pulse.accepted_values_fct_repo_lifecycle_lifecycle_action__created__deleted.7a2adcc755"
[0m13:34:49.653244 [debug] [Thread-2 (]: Writing injected SQL for node "test.github_pulse.not_null_fct_pull_requests_event_at.065c1fb74d"
[0m13:34:49.654655 [debug] [Thread-3 (]: Writing injected SQL for node "test.github_pulse.not_null_fct_pull_requests_event_id.1964011314"
[0m13:34:49.655978 [debug] [Thread-4 (]: Writing injected SQL for node "test.github_pulse.not_null_fct_pull_requests_pr_action.af0f98cf30"
[0m13:34:49.656495 [debug] [Thread-2 (]: Began executing node test.github_pulse.not_null_fct_pull_requests_event_at.065c1fb74d
[0m13:34:49.656665 [debug] [Thread-1 (]: Began executing node test.github_pulse.accepted_values_fct_repo_lifecycle_lifecycle_action__created__deleted.7a2adcc755
[0m13:34:49.656789 [debug] [Thread-3 (]: Began executing node test.github_pulse.not_null_fct_pull_requests_event_id.1964011314
[0m13:34:49.664705 [debug] [Thread-2 (]: Writing runtime sql for node "test.github_pulse.not_null_fct_pull_requests_event_at.065c1fb74d"
[0m13:34:49.665717 [debug] [Thread-1 (]: Writing runtime sql for node "test.github_pulse.accepted_values_fct_repo_lifecycle_lifecycle_action__created__deleted.7a2adcc755"
[0m13:34:49.665852 [debug] [Thread-4 (]: Began executing node test.github_pulse.not_null_fct_pull_requests_pr_action.af0f98cf30
[0m13:34:49.706902 [debug] [Thread-3 (]: Writing runtime sql for node "test.github_pulse.not_null_fct_pull_requests_event_id.1964011314"
[0m13:34:49.708162 [debug] [Thread-4 (]: Writing runtime sql for node "test.github_pulse.not_null_fct_pull_requests_pr_action.af0f98cf30"
[0m13:34:49.708484 [debug] [Thread-2 (]: On test.github_pulse.not_null_fct_pull_requests_event_at.065c1fb74d: /* {"app": "dbt", "dbt_version": "1.11.11", "profile_name": "github_pulse", "target_name": "dev", "node_id": "test.github_pulse.not_null_fct_pull_requests_event_at.065c1fb74d"} */

    
    select
      count(*) as failures,
      count(*) != 0 as should_warn,
      count(*) != 0 as should_error
    from (
      
    
  
    
    



select event_at
from `github-pulse-jumpy`.`github_pulse_analytics_dev_marts`.`fct_pull_requests`
where event_at is null



  
  
      
    ) dbt_internal_test
[0m13:34:49.708678 [debug] [Thread-1 (]: On test.github_pulse.accepted_values_fct_repo_lifecycle_lifecycle_action__created__deleted.7a2adcc755: /* {"app": "dbt", "dbt_version": "1.11.11", "profile_name": "github_pulse", "target_name": "dev", "node_id": "test.github_pulse.accepted_values_fct_repo_lifecycle_lifecycle_action__created__deleted.7a2adcc755"} */

    
    select
      count(*) as failures,
      count(*) != 0 as should_warn,
      count(*) != 0 as should_error
    from (
      
    
  
    
    

with all_values as (

    select
        lifecycle_action as value_field,
        count(*) as n_records

    from `github-pulse-jumpy`.`github_pulse_analytics_dev_marts`.`fct_repo_lifecycle`
    group by lifecycle_action

)

select *
from all_values
where value_field not in (
    'created','deleted'
)



  
  
      
    ) dbt_internal_test
[0m13:34:49.708899 [debug] [Thread-2 (]: Opening a new connection, currently in state closed
[0m13:34:49.709063 [debug] [Thread-3 (]: On test.github_pulse.not_null_fct_pull_requests_event_id.1964011314: /* {"app": "dbt", "dbt_version": "1.11.11", "profile_name": "github_pulse", "target_name": "dev", "node_id": "test.github_pulse.not_null_fct_pull_requests_event_id.1964011314"} */

    
    select
      count(*) as failures,
      count(*) != 0 as should_warn,
      count(*) != 0 as should_error
    from (
      
    
  
    
    



select event_id
from `github-pulse-jumpy`.`github_pulse_analytics_dev_marts`.`fct_pull_requests`
where event_id is null



  
  
      
    ) dbt_internal_test
[0m13:34:49.709218 [debug] [Thread-1 (]: Opening a new connection, currently in state closed
[0m13:34:49.709361 [debug] [Thread-4 (]: On test.github_pulse.not_null_fct_pull_requests_pr_action.af0f98cf30: /* {"app": "dbt", "dbt_version": "1.11.11", "profile_name": "github_pulse", "target_name": "dev", "node_id": "test.github_pulse.not_null_fct_pull_requests_pr_action.af0f98cf30"} */

    
    select
      count(*) as failures,
      count(*) != 0 as should_warn,
      count(*) != 0 as should_error
    from (
      
    
  
    
    



select pr_action
from `github-pulse-jumpy`.`github_pulse_analytics_dev_marts`.`fct_pull_requests`
where pr_action is null



  
  
      
    ) dbt_internal_test
[0m13:34:49.709537 [debug] [Thread-3 (]: Opening a new connection, currently in state closed
[0m13:34:49.811854 [debug] [Thread-4 (]: Opening a new connection, currently in state closed
[0m13:34:50.690498 [debug] [Thread-3 (]: BigQuery adapter: https://console.cloud.google.com/bigquery?project=github-pulse-jumpy&j=bq:US:c4d865e0-da49-4f14-9b77-078f3bee7250&page=queryresults
[0m13:34:50.715712 [debug] [Thread-2 (]: BigQuery adapter: https://console.cloud.google.com/bigquery?project=github-pulse-jumpy&j=bq:US:059fe9b6-e08c-494f-846d-564e284b8ad2&page=queryresults
[0m13:34:50.725242 [debug] [Thread-4 (]: BigQuery adapter: https://console.cloud.google.com/bigquery?project=github-pulse-jumpy&j=bq:US:b48f6fb1-9ad1-464f-a066-834dfc743c68&page=queryresults
[0m13:34:50.790180 [debug] [Thread-1 (]: BigQuery adapter: https://console.cloud.google.com/bigquery?project=github-pulse-jumpy&j=bq:US:754b057e-1533-4b04-b18d-0130853351b5&page=queryresults
[0m13:34:50.910114 [debug] [Thread-2 (]: SQL status: OK in 0.193 seconds
[0m13:34:50.922241 [debug] [Thread-3 (]: SQL status: OK in 0.231 seconds
[0m13:34:50.971602 [debug] [Thread-4 (]: SQL status: OK in 0.245 seconds
[0m13:34:51.014344 [debug] [Thread-1 (]: SQL status: OK in 0.223 seconds
[0m13:34:51.359204 [info ] [Thread-4 (]: 4 of 18 PASS not_null_fct_pull_requests_pr_action .............................. [[32mPASS[0m in 1.72s]
[0m13:34:51.362974 [debug] [Thread-4 (]: Finished running node test.github_pulse.not_null_fct_pull_requests_pr_action.af0f98cf30
[0m13:34:51.363704 [debug] [Thread-4 (]: Began running node test.github_pulse.not_null_fct_pull_requests_pr_event_sk.e294183460
[0m13:34:51.364358 [info ] [Thread-4 (]: 5 of 18 START test not_null_fct_pull_requests_pr_event_sk ...................... [RUN]
[0m13:34:51.364931 [debug] [Thread-4 (]: Re-using an available connection from the pool (formerly test.github_pulse.not_null_fct_pull_requests_pr_action.af0f98cf30, now test.github_pulse.not_null_fct_pull_requests_pr_event_sk.e294183460)
[0m13:34:51.365307 [debug] [Thread-4 (]: Began compiling node test.github_pulse.not_null_fct_pull_requests_pr_event_sk.e294183460
[0m13:34:51.373031 [debug] [Thread-4 (]: Writing injected SQL for node "test.github_pulse.not_null_fct_pull_requests_pr_event_sk.e294183460"
[0m13:34:51.374422 [debug] [Thread-4 (]: Began executing node test.github_pulse.not_null_fct_pull_requests_pr_event_sk.e294183460
[0m13:34:51.377858 [debug] [Thread-4 (]: Writing runtime sql for node "test.github_pulse.not_null_fct_pull_requests_pr_event_sk.e294183460"
[0m13:34:51.378771 [debug] [Thread-4 (]: On test.github_pulse.not_null_fct_pull_requests_pr_event_sk.e294183460: /* {"app": "dbt", "dbt_version": "1.11.11", "profile_name": "github_pulse", "target_name": "dev", "node_id": "test.github_pulse.not_null_fct_pull_requests_pr_event_sk.e294183460"} */

    
    select
      count(*) as failures,
      count(*) != 0 as should_warn,
      count(*) != 0 as should_error
    from (
      
    
  
    
    



select pr_event_sk
from `github-pulse-jumpy`.`github_pulse_analytics_dev_marts`.`fct_pull_requests`
where pr_event_sk is null



  
  
      
    ) dbt_internal_test
[0m13:34:51.379215 [debug] [Thread-4 (]: Opening a new connection, currently in state closed
[0m13:34:51.456742 [info ] [Thread-3 (]: 3 of 18 PASS not_null_fct_pull_requests_event_id ............................... [[32mPASS[0m in 1.81s]
[0m13:34:51.457436 [info ] [Thread-1 (]: 1 of 18 PASS accepted_values_fct_repo_lifecycle_lifecycle_action__created__deleted  [[32mPASS[0m in 1.82s]
[0m13:34:51.458511 [info ] [Thread-2 (]: 2 of 18 PASS not_null_fct_pull_requests_event_at ............................... [[32mPASS[0m in 1.82s]
[0m13:34:51.458904 [debug] [Thread-3 (]: Finished running node test.github_pulse.not_null_fct_pull_requests_event_id.1964011314
[0m13:34:51.459114 [debug] [Thread-1 (]: Finished running node test.github_pulse.accepted_values_fct_repo_lifecycle_lifecycle_action__created__deleted.7a2adcc755
[0m13:34:51.459357 [debug] [Thread-2 (]: Finished running node test.github_pulse.not_null_fct_pull_requests_event_at.065c1fb74d
[0m13:34:51.459512 [debug] [Thread-3 (]: Began running node test.github_pulse.not_null_fct_repo_engagement_engagement_sk.172aa38104
[0m13:34:51.459690 [debug] [Thread-1 (]: Began running node test.github_pulse.not_null_fct_repo_engagement_event_at.7abf87d5b2
[0m13:34:51.459858 [debug] [Thread-2 (]: Began running node test.github_pulse.not_null_fct_repo_engagement_event_id.2b7e450940
[0m13:34:51.460011 [info ] [Thread-3 (]: 6 of 18 START test not_null_fct_repo_engagement_engagement_sk .................. [RUN]
[0m13:34:51.460153 [info ] [Thread-1 (]: 7 of 18 START test not_null_fct_repo_engagement_event_at ....................... [RUN]
[0m13:34:51.460288 [info ] [Thread-2 (]: 8 of 18 START test not_null_fct_repo_engagement_event_id ....................... [RUN]
[0m13:34:51.460436 [debug] [Thread-3 (]: Re-using an available connection from the pool (formerly test.github_pulse.not_null_fct_pull_requests_event_id.1964011314, now test.github_pulse.not_null_fct_repo_engagement_engagement_sk.172aa38104)
[0m13:34:51.460569 [debug] [Thread-1 (]: Re-using an available connection from the pool (formerly test.github_pulse.accepted_values_fct_repo_lifecycle_lifecycle_action__created__deleted.7a2adcc755, now test.github_pulse.not_null_fct_repo_engagement_event_at.7abf87d5b2)
[0m13:34:51.460731 [debug] [Thread-2 (]: Re-using an available connection from the pool (formerly test.github_pulse.not_null_fct_pull_requests_event_at.065c1fb74d, now test.github_pulse.not_null_fct_repo_engagement_event_id.2b7e450940)
[0m13:34:51.460879 [debug] [Thread-3 (]: Began compiling node test.github_pulse.not_null_fct_repo_engagement_engagement_sk.172aa38104
[0m13:34:51.460999 [debug] [Thread-1 (]: Began compiling node test.github_pulse.not_null_fct_repo_engagement_event_at.7abf87d5b2
[0m13:34:51.461108 [debug] [Thread-2 (]: Began compiling node test.github_pulse.not_null_fct_repo_engagement_event_id.2b7e450940
[0m13:34:51.462910 [debug] [Thread-3 (]: Writing injected SQL for node "test.github_pulse.not_null_fct_repo_engagement_engagement_sk.172aa38104"
[0m13:34:51.464800 [debug] [Thread-1 (]: Writing injected SQL for node "test.github_pulse.not_null_fct_repo_engagement_event_at.7abf87d5b2"
[0m13:34:51.466201 [debug] [Thread-2 (]: Writing injected SQL for node "test.github_pulse.not_null_fct_repo_engagement_event_id.2b7e450940"
[0m13:34:51.466593 [debug] [Thread-3 (]: Began executing node test.github_pulse.not_null_fct_repo_engagement_engagement_sk.172aa38104
[0m13:34:51.466716 [debug] [Thread-1 (]: Began executing node test.github_pulse.not_null_fct_repo_engagement_event_at.7abf87d5b2
[0m13:34:51.466837 [debug] [Thread-2 (]: Began executing node test.github_pulse.not_null_fct_repo_engagement_event_id.2b7e450940
[0m13:34:51.467751 [debug] [Thread-3 (]: Writing runtime sql for node "test.github_pulse.not_null_fct_repo_engagement_engagement_sk.172aa38104"
[0m13:34:51.468631 [debug] [Thread-1 (]: Writing runtime sql for node "test.github_pulse.not_null_fct_repo_engagement_event_at.7abf87d5b2"
[0m13:34:51.469450 [debug] [Thread-2 (]: Writing runtime sql for node "test.github_pulse.not_null_fct_repo_engagement_event_id.2b7e450940"
[0m13:34:51.469752 [debug] [Thread-3 (]: On test.github_pulse.not_null_fct_repo_engagement_engagement_sk.172aa38104: /* {"app": "dbt", "dbt_version": "1.11.11", "profile_name": "github_pulse", "target_name": "dev", "node_id": "test.github_pulse.not_null_fct_repo_engagement_engagement_sk.172aa38104"} */

    
    select
      count(*) as failures,
      count(*) != 0 as should_warn,
      count(*) != 0 as should_error
    from (
      
    
  
    
    



select engagement_sk
from `github-pulse-jumpy`.`github_pulse_analytics_dev_marts`.`fct_repo_engagement`
where engagement_sk is null



  
  
      
    ) dbt_internal_test
[0m13:34:51.469906 [debug] [Thread-1 (]: On test.github_pulse.not_null_fct_repo_engagement_event_at.7abf87d5b2: /* {"app": "dbt", "dbt_version": "1.11.11", "profile_name": "github_pulse", "target_name": "dev", "node_id": "test.github_pulse.not_null_fct_repo_engagement_event_at.7abf87d5b2"} */

    
    select
      count(*) as failures,
      count(*) != 0 as should_warn,
      count(*) != 0 as should_error
    from (
      
    
  
    
    



select event_at
from `github-pulse-jumpy`.`github_pulse_analytics_dev_marts`.`fct_repo_engagement`
where event_at is null



  
  
      
    ) dbt_internal_test
[0m13:34:51.470083 [debug] [Thread-3 (]: Opening a new connection, currently in state closed
[0m13:34:51.470222 [debug] [Thread-1 (]: Opening a new connection, currently in state closed
[0m13:34:51.470359 [debug] [Thread-2 (]: On test.github_pulse.not_null_fct_repo_engagement_event_id.2b7e450940: /* {"app": "dbt", "dbt_version": "1.11.11", "profile_name": "github_pulse", "target_name": "dev", "node_id": "test.github_pulse.not_null_fct_repo_engagement_event_id.2b7e450940"} */

    
    select
      count(*) as failures,
      count(*) != 0 as should_warn,
      count(*) != 0 as should_error
    from (
      
    
  
    
    



select event_id
from `github-pulse-jumpy`.`github_pulse_analytics_dev_marts`.`fct_repo_engagement`
where event_id is null



  
  
      
    ) dbt_internal_test
[0m13:34:51.521395 [debug] [Thread-2 (]: Opening a new connection, currently in state closed
[0m13:34:52.376036 [debug] [Thread-4 (]: BigQuery adapter: https://console.cloud.google.com/bigquery?project=github-pulse-jumpy&j=bq:US:f75121fc-2733-4a2a-885a-d74b47f59eaf&page=queryresults
[0m13:34:52.377239 [debug] [Thread-2 (]: BigQuery adapter: https://console.cloud.google.com/bigquery?project=github-pulse-jumpy&j=bq:US:7b0cdc69-fbb1-4e7d-9258-77d3a4711f63&page=queryresults
[0m13:34:52.378260 [debug] [Thread-3 (]: BigQuery adapter: https://console.cloud.google.com/bigquery?project=github-pulse-jumpy&j=bq:US:e74e8fa2-56da-4605-8f7f-dc37ae9ce277&page=queryresults
[0m13:34:52.522676 [debug] [Thread-1 (]: BigQuery adapter: https://console.cloud.google.com/bigquery?project=github-pulse-jumpy&j=bq:US:6b212975-80db-47d7-8b67-6aeb2e02fccc&page=queryresults
[0m13:34:52.552965 [debug] [Thread-4 (]: SQL status: OK in 0.174 seconds
[0m13:34:52.600153 [debug] [Thread-2 (]: SQL status: OK in 0.220 seconds
[0m13:34:52.630846 [debug] [Thread-3 (]: SQL status: OK in 0.247 seconds
[0m13:34:52.692614 [debug] [Thread-1 (]: SQL status: OK in 0.169 seconds
[0m13:34:52.905168 [info ] [Thread-4 (]: 5 of 18 PASS not_null_fct_pull_requests_pr_event_sk ............................ [[32mPASS[0m in 1.54s]
[0m13:34:52.906821 [debug] [Thread-4 (]: Finished running node test.github_pulse.not_null_fct_pull_requests_pr_event_sk.e294183460
[0m13:34:52.907653 [debug] [Thread-4 (]: Began running node test.github_pulse.not_null_fct_repo_lifecycle_event_at.7cd818e0f9
[0m13:34:52.908403 [info ] [Thread-4 (]: 9 of 18 START test not_null_fct_repo_lifecycle_event_at ........................ [RUN]
[0m13:34:52.909003 [debug] [Thread-4 (]: Re-using an available connection from the pool (formerly test.github_pulse.not_null_fct_pull_requests_pr_event_sk.e294183460, now test.github_pulse.not_null_fct_repo_lifecycle_event_at.7cd818e0f9)
[0m13:34:52.909458 [debug] [Thread-4 (]: Began compiling node test.github_pulse.not_null_fct_repo_lifecycle_event_at.7cd818e0f9
[0m13:34:52.916295 [debug] [Thread-4 (]: Writing injected SQL for node "test.github_pulse.not_null_fct_repo_lifecycle_event_at.7cd818e0f9"
[0m13:34:52.917456 [debug] [Thread-4 (]: Began executing node test.github_pulse.not_null_fct_repo_lifecycle_event_at.7cd818e0f9
[0m13:34:52.920734 [debug] [Thread-4 (]: Writing runtime sql for node "test.github_pulse.not_null_fct_repo_lifecycle_event_at.7cd818e0f9"
[0m13:34:52.921763 [debug] [Thread-4 (]: On test.github_pulse.not_null_fct_repo_lifecycle_event_at.7cd818e0f9: /* {"app": "dbt", "dbt_version": "1.11.11", "profile_name": "github_pulse", "target_name": "dev", "node_id": "test.github_pulse.not_null_fct_repo_lifecycle_event_at.7cd818e0f9"} */

    
    select
      count(*) as failures,
      count(*) != 0 as should_warn,
      count(*) != 0 as should_error
    from (
      
    
  
    
    



select event_at
from `github-pulse-jumpy`.`github_pulse_analytics_dev_marts`.`fct_repo_lifecycle`
where event_at is null



  
  
      
    ) dbt_internal_test
[0m13:34:52.922217 [debug] [Thread-4 (]: Opening a new connection, currently in state closed
[0m13:34:53.015432 [info ] [Thread-3 (]: 6 of 18 PASS not_null_fct_repo_engagement_engagement_sk ........................ [[32mPASS[0m in 1.55s]
[0m13:34:53.015690 [debug] [Thread-3 (]: Finished running node test.github_pulse.not_null_fct_repo_engagement_engagement_sk.172aa38104
[0m13:34:53.015837 [debug] [Thread-3 (]: Began running node test.github_pulse.not_null_fct_repo_lifecycle_event_id.7885dfbd0e
[0m13:34:53.016012 [info ] [Thread-3 (]: 10 of 18 START test not_null_fct_repo_lifecycle_event_id ....................... [RUN]
[0m13:34:53.016198 [debug] [Thread-3 (]: Re-using an available connection from the pool (formerly test.github_pulse.not_null_fct_repo_engagement_engagement_sk.172aa38104, now test.github_pulse.not_null_fct_repo_lifecycle_event_id.7885dfbd0e)
[0m13:34:53.016328 [debug] [Thread-3 (]: Began compiling node test.github_pulse.not_null_fct_repo_lifecycle_event_id.7885dfbd0e
[0m13:34:53.018879 [debug] [Thread-3 (]: Writing injected SQL for node "test.github_pulse.not_null_fct_repo_lifecycle_event_id.7885dfbd0e"
[0m13:34:53.019195 [debug] [Thread-3 (]: Began executing node test.github_pulse.not_null_fct_repo_lifecycle_event_id.7885dfbd0e
[0m13:34:53.020099 [debug] [Thread-3 (]: Writing runtime sql for node "test.github_pulse.not_null_fct_repo_lifecycle_event_id.7885dfbd0e"
[0m13:34:53.020544 [debug] [Thread-3 (]: On test.github_pulse.not_null_fct_repo_lifecycle_event_id.7885dfbd0e: /* {"app": "dbt", "dbt_version": "1.11.11", "profile_name": "github_pulse", "target_name": "dev", "node_id": "test.github_pulse.not_null_fct_repo_lifecycle_event_id.7885dfbd0e"} */

    
    select
      count(*) as failures,
      count(*) != 0 as should_warn,
      count(*) != 0 as should_error
    from (
      
    
  
    
    



select event_id
from `github-pulse-jumpy`.`github_pulse_analytics_dev_marts`.`fct_repo_lifecycle`
where event_id is null



  
  
      
    ) dbt_internal_test
[0m13:34:53.020690 [debug] [Thread-3 (]: Opening a new connection, currently in state closed
[0m13:34:53.096895 [info ] [Thread-1 (]: 7 of 18 PASS not_null_fct_repo_engagement_event_at ............................. [[32mPASS[0m in 1.64s]
[0m13:34:53.097110 [debug] [Thread-1 (]: Finished running node test.github_pulse.not_null_fct_repo_engagement_event_at.7abf87d5b2
[0m13:34:53.097246 [debug] [Thread-1 (]: Began running node test.github_pulse.not_null_fct_repo_lifecycle_lifecycle_action.4f422707da
[0m13:34:53.097379 [info ] [Thread-1 (]: 11 of 18 START test not_null_fct_repo_lifecycle_lifecycle_action ............... [RUN]
[0m13:34:53.097556 [debug] [Thread-1 (]: Re-using an available connection from the pool (formerly test.github_pulse.not_null_fct_repo_engagement_event_at.7abf87d5b2, now test.github_pulse.not_null_fct_repo_lifecycle_lifecycle_action.4f422707da)
[0m13:34:53.097689 [debug] [Thread-1 (]: Began compiling node test.github_pulse.not_null_fct_repo_lifecycle_lifecycle_action.4f422707da
[0m13:34:53.099314 [debug] [Thread-1 (]: Writing injected SQL for node "test.github_pulse.not_null_fct_repo_lifecycle_lifecycle_action.4f422707da"
[0m13:34:53.099566 [debug] [Thread-1 (]: Began executing node test.github_pulse.not_null_fct_repo_lifecycle_lifecycle_action.4f422707da
[0m13:34:53.100485 [debug] [Thread-1 (]: Writing runtime sql for node "test.github_pulse.not_null_fct_repo_lifecycle_lifecycle_action.4f422707da"
[0m13:34:53.100722 [debug] [Thread-1 (]: On test.github_pulse.not_null_fct_repo_lifecycle_lifecycle_action.4f422707da: /* {"app": "dbt", "dbt_version": "1.11.11", "profile_name": "github_pulse", "target_name": "dev", "node_id": "test.github_pulse.not_null_fct_repo_lifecycle_lifecycle_action.4f422707da"} */

    
    select
      count(*) as failures,
      count(*) != 0 as should_warn,
      count(*) != 0 as should_error
    from (
      
    
  
    
    



select lifecycle_action
from `github-pulse-jumpy`.`github_pulse_analytics_dev_marts`.`fct_repo_lifecycle`
where lifecycle_action is null



  
  
      
    ) dbt_internal_test
[0m13:34:53.100864 [debug] [Thread-1 (]: Opening a new connection, currently in state closed
[0m13:34:53.323873 [info ] [Thread-2 (]: 8 of 18 PASS not_null_fct_repo_engagement_event_id ............................. [[32mPASS[0m in 1.86s]
[0m13:34:53.324399 [debug] [Thread-2 (]: Finished running node test.github_pulse.not_null_fct_repo_engagement_event_id.2b7e450940
[0m13:34:53.324712 [debug] [Thread-2 (]: Began running node test.github_pulse.not_null_fct_repo_lifecycle_lifecycle_sk.dbcd1592a8
[0m13:34:53.325071 [info ] [Thread-2 (]: 12 of 18 START test not_null_fct_repo_lifecycle_lifecycle_sk ................... [RUN]
[0m13:34:53.325432 [debug] [Thread-2 (]: Re-using an available connection from the pool (formerly test.github_pulse.not_null_fct_repo_engagement_event_id.2b7e450940, now test.github_pulse.not_null_fct_repo_lifecycle_lifecycle_sk.dbcd1592a8)
[0m13:34:53.325714 [debug] [Thread-2 (]: Began compiling node test.github_pulse.not_null_fct_repo_lifecycle_lifecycle_sk.dbcd1592a8
[0m13:34:53.329424 [debug] [Thread-2 (]: Writing injected SQL for node "test.github_pulse.not_null_fct_repo_lifecycle_lifecycle_sk.dbcd1592a8"
[0m13:34:53.330012 [debug] [Thread-2 (]: Began executing node test.github_pulse.not_null_fct_repo_lifecycle_lifecycle_sk.dbcd1592a8
[0m13:34:53.332189 [debug] [Thread-2 (]: Writing runtime sql for node "test.github_pulse.not_null_fct_repo_lifecycle_lifecycle_sk.dbcd1592a8"
[0m13:34:53.332884 [debug] [Thread-2 (]: On test.github_pulse.not_null_fct_repo_lifecycle_lifecycle_sk.dbcd1592a8: /* {"app": "dbt", "dbt_version": "1.11.11", "profile_name": "github_pulse", "target_name": "dev", "node_id": "test.github_pulse.not_null_fct_repo_lifecycle_lifecycle_sk.dbcd1592a8"} */

    
    select
      count(*) as failures,
      count(*) != 0 as should_warn,
      count(*) != 0 as should_error
    from (
      
    
  
    
    



select lifecycle_sk
from `github-pulse-jumpy`.`github_pulse_analytics_dev_marts`.`fct_repo_lifecycle`
where lifecycle_sk is null



  
  
      
    ) dbt_internal_test
[0m13:34:53.333181 [debug] [Thread-2 (]: Opening a new connection, currently in state closed
[0m13:34:54.013988 [debug] [Thread-4 (]: BigQuery adapter: https://console.cloud.google.com/bigquery?project=github-pulse-jumpy&j=bq:US:c165485a-a4f4-49ec-b4b4-07002234e707&page=queryresults
[0m13:34:54.015348 [debug] [Thread-3 (]: BigQuery adapter: https://console.cloud.google.com/bigquery?project=github-pulse-jumpy&j=bq:US:f964c158-df1d-4a5d-be39-7a198fd9e8f0&page=queryresults
[0m13:34:54.281773 [debug] [Thread-4 (]: SQL status: OK in 0.265 seconds
[0m13:34:54.283614 [debug] [Thread-3 (]: SQL status: OK in 0.266 seconds
[0m13:34:54.284500 [debug] [Thread-2 (]: BigQuery adapter: https://console.cloud.google.com/bigquery?project=github-pulse-jumpy&j=bq:US:eb6cfba2-b1c6-485b-98aa-25677a5168ba&page=queryresults
[0m13:34:54.285090 [debug] [Thread-1 (]: BigQuery adapter: https://console.cloud.google.com/bigquery?project=github-pulse-jumpy&j=bq:US:5a297a40-010a-42cf-877d-ce32c2ca2ca9&page=queryresults
[0m13:34:54.523473 [debug] [Thread-1 (]: SQL status: OK in 0.233 seconds
[0m13:34:54.527693 [debug] [Thread-2 (]: SQL status: OK in 0.239 seconds
[0m13:34:54.770110 [info ] [Thread-3 (]: 10 of 18 PASS not_null_fct_repo_lifecycle_event_id ............................. [[32mPASS[0m in 1.75s]
[0m13:34:54.771939 [debug] [Thread-3 (]: Finished running node test.github_pulse.not_null_fct_repo_lifecycle_event_id.7885dfbd0e
[0m13:34:54.772691 [debug] [Thread-3 (]: Began running node test.github_pulse.unique_fct_pull_requests_event_id.ccd2c98422
[0m13:34:54.773531 [info ] [Thread-3 (]: 13 of 18 START test unique_fct_pull_requests_event_id .......................... [RUN]
[0m13:34:54.774358 [debug] [Thread-3 (]: Re-using an available connection from the pool (formerly test.github_pulse.not_null_fct_repo_lifecycle_event_id.7885dfbd0e, now test.github_pulse.unique_fct_pull_requests_event_id.ccd2c98422)
[0m13:34:54.775310 [debug] [Thread-3 (]: Began compiling node test.github_pulse.unique_fct_pull_requests_event_id.ccd2c98422
[0m13:34:54.784995 [debug] [Thread-3 (]: Writing injected SQL for node "test.github_pulse.unique_fct_pull_requests_event_id.ccd2c98422"
[0m13:34:54.786356 [debug] [Thread-3 (]: Began executing node test.github_pulse.unique_fct_pull_requests_event_id.ccd2c98422
[0m13:34:54.789259 [debug] [Thread-3 (]: Writing runtime sql for node "test.github_pulse.unique_fct_pull_requests_event_id.ccd2c98422"
[0m13:34:54.790263 [debug] [Thread-3 (]: On test.github_pulse.unique_fct_pull_requests_event_id.ccd2c98422: /* {"app": "dbt", "dbt_version": "1.11.11", "profile_name": "github_pulse", "target_name": "dev", "node_id": "test.github_pulse.unique_fct_pull_requests_event_id.ccd2c98422"} */

    
    select
      count(*) as failures,
      count(*) != 0 as should_warn,
      count(*) != 0 as should_error
    from (
      
    
  
    
    

with dbt_test__target as (

  select event_id as unique_field
  from `github-pulse-jumpy`.`github_pulse_analytics_dev_marts`.`fct_pull_requests`
  where event_id is not null

)

select
    unique_field,
    count(*) as n_records

from dbt_test__target
group by unique_field
having count(*) > 1



  
  
      
    ) dbt_internal_test
[0m13:34:54.790638 [debug] [Thread-3 (]: Opening a new connection, currently in state closed
[0m13:34:54.935484 [info ] [Thread-2 (]: 12 of 18 PASS not_null_fct_repo_lifecycle_lifecycle_sk ......................... [[32mPASS[0m in 1.61s]
[0m13:34:54.935751 [debug] [Thread-2 (]: Finished running node test.github_pulse.not_null_fct_repo_lifecycle_lifecycle_sk.dbcd1592a8
[0m13:34:54.935918 [debug] [Thread-2 (]: Began running node test.github_pulse.unique_fct_pull_requests_pr_event_sk.7c40bd2b8c
[0m13:34:54.936118 [info ] [Thread-2 (]: 14 of 18 START test unique_fct_pull_requests_pr_event_sk ....................... [RUN]
[0m13:34:54.936330 [debug] [Thread-2 (]: Re-using an available connection from the pool (formerly test.github_pulse.not_null_fct_repo_lifecycle_lifecycle_sk.dbcd1592a8, now test.github_pulse.unique_fct_pull_requests_pr_event_sk.7c40bd2b8c)
[0m13:34:54.936488 [debug] [Thread-2 (]: Began compiling node test.github_pulse.unique_fct_pull_requests_pr_event_sk.7c40bd2b8c
[0m13:34:54.939861 [debug] [Thread-2 (]: Writing injected SQL for node "test.github_pulse.unique_fct_pull_requests_pr_event_sk.7c40bd2b8c"
[0m13:34:54.941126 [debug] [Thread-2 (]: Began executing node test.github_pulse.unique_fct_pull_requests_pr_event_sk.7c40bd2b8c
[0m13:34:54.942323 [debug] [Thread-2 (]: Writing runtime sql for node "test.github_pulse.unique_fct_pull_requests_pr_event_sk.7c40bd2b8c"
[0m13:34:54.942633 [debug] [Thread-2 (]: On test.github_pulse.unique_fct_pull_requests_pr_event_sk.7c40bd2b8c: /* {"app": "dbt", "dbt_version": "1.11.11", "profile_name": "github_pulse", "target_name": "dev", "node_id": "test.github_pulse.unique_fct_pull_requests_pr_event_sk.7c40bd2b8c"} */

    
    select
      count(*) as failures,
      count(*) != 0 as should_warn,
      count(*) != 0 as should_error
    from (
      
    
  
    
    

with dbt_test__target as (

  select pr_event_sk as unique_field
  from `github-pulse-jumpy`.`github_pulse_analytics_dev_marts`.`fct_pull_requests`
  where pr_event_sk is not null

)

select
    unique_field,
    count(*) as n_records

from dbt_test__target
group by unique_field
having count(*) > 1



  
  
      
    ) dbt_internal_test
[0m13:34:54.942821 [debug] [Thread-2 (]: Opening a new connection, currently in state closed
[0m13:34:54.996791 [info ] [Thread-4 (]: 9 of 18 PASS not_null_fct_repo_lifecycle_event_at .............................. [[32mPASS[0m in 2.09s]
[0m13:34:54.997403 [debug] [Thread-4 (]: Finished running node test.github_pulse.not_null_fct_repo_lifecycle_event_at.7cd818e0f9
[0m13:34:54.997548 [debug] [Thread-4 (]: Began running node test.github_pulse.unique_fct_repo_engagement_engagement_sk.6da8627b9b
[0m13:34:54.997994 [info ] [Thread-4 (]: 15 of 18 START test unique_fct_repo_engagement_engagement_sk ................... [RUN]
[0m13:34:54.998823 [info ] [Thread-1 (]: 11 of 18 PASS not_null_fct_repo_lifecycle_lifecycle_action ..................... [[32mPASS[0m in 1.90s]
[0m13:34:54.999089 [debug] [Thread-4 (]: Re-using an available connection from the pool (formerly test.github_pulse.not_null_fct_repo_lifecycle_event_at.7cd818e0f9, now test.github_pulse.unique_fct_repo_engagement_engagement_sk.6da8627b9b)
[0m13:34:54.999353 [debug] [Thread-1 (]: Finished running node test.github_pulse.not_null_fct_repo_lifecycle_lifecycle_action.4f422707da
[0m13:34:54.999489 [debug] [Thread-4 (]: Began compiling node test.github_pulse.unique_fct_repo_engagement_engagement_sk.6da8627b9b
[0m13:34:54.999622 [debug] [Thread-1 (]: Began running node test.github_pulse.unique_fct_repo_engagement_event_id.bfb43b4093
[0m13:34:55.001240 [debug] [Thread-4 (]: Writing injected SQL for node "test.github_pulse.unique_fct_repo_engagement_engagement_sk.6da8627b9b"
[0m13:34:55.001420 [info ] [Thread-1 (]: 16 of 18 START test unique_fct_repo_engagement_event_id ........................ [RUN]
[0m13:34:55.001627 [debug] [Thread-1 (]: Re-using an available connection from the pool (formerly test.github_pulse.not_null_fct_repo_lifecycle_lifecycle_action.4f422707da, now test.github_pulse.unique_fct_repo_engagement_event_id.bfb43b4093)
[0m13:34:55.001752 [debug] [Thread-1 (]: Began compiling node test.github_pulse.unique_fct_repo_engagement_event_id.bfb43b4093
[0m13:34:55.003153 [debug] [Thread-1 (]: Writing injected SQL for node "test.github_pulse.unique_fct_repo_engagement_event_id.bfb43b4093"
[0m13:34:55.003358 [debug] [Thread-4 (]: Began executing node test.github_pulse.unique_fct_repo_engagement_engagement_sk.6da8627b9b
[0m13:34:55.004294 [debug] [Thread-4 (]: Writing runtime sql for node "test.github_pulse.unique_fct_repo_engagement_engagement_sk.6da8627b9b"
[0m13:34:55.004492 [debug] [Thread-1 (]: Began executing node test.github_pulse.unique_fct_repo_engagement_event_id.bfb43b4093
[0m13:34:55.005346 [debug] [Thread-1 (]: Writing runtime sql for node "test.github_pulse.unique_fct_repo_engagement_event_id.bfb43b4093"
[0m13:34:55.005555 [debug] [Thread-4 (]: On test.github_pulse.unique_fct_repo_engagement_engagement_sk.6da8627b9b: /* {"app": "dbt", "dbt_version": "1.11.11", "profile_name": "github_pulse", "target_name": "dev", "node_id": "test.github_pulse.unique_fct_repo_engagement_engagement_sk.6da8627b9b"} */

    
    select
      count(*) as failures,
      count(*) != 0 as should_warn,
      count(*) != 0 as should_error
    from (
      
    
  
    
    

with dbt_test__target as (

  select engagement_sk as unique_field
  from `github-pulse-jumpy`.`github_pulse_analytics_dev_marts`.`fct_repo_engagement`
  where engagement_sk is not null

)

select
    unique_field,
    count(*) as n_records

from dbt_test__target
group by unique_field
having count(*) > 1



  
  
      
    ) dbt_internal_test
[0m13:34:55.005704 [debug] [Thread-4 (]: Opening a new connection, currently in state closed
[0m13:34:55.056735 [debug] [Thread-1 (]: On test.github_pulse.unique_fct_repo_engagement_event_id.bfb43b4093: /* {"app": "dbt", "dbt_version": "1.11.11", "profile_name": "github_pulse", "target_name": "dev", "node_id": "test.github_pulse.unique_fct_repo_engagement_event_id.bfb43b4093"} */

    
    select
      count(*) as failures,
      count(*) != 0 as should_warn,
      count(*) != 0 as should_error
    from (
      
    
  
    
    

with dbt_test__target as (

  select event_id as unique_field
  from `github-pulse-jumpy`.`github_pulse_analytics_dev_marts`.`fct_repo_engagement`
  where event_id is not null

)

select
    unique_field,
    count(*) as n_records

from dbt_test__target
group by unique_field
having count(*) > 1



  
  
      
    ) dbt_internal_test
[0m13:34:55.057269 [debug] [Thread-1 (]: Opening a new connection, currently in state closed
[0m13:34:55.699393 [debug] [Thread-2 (]: BigQuery adapter: https://console.cloud.google.com/bigquery?project=github-pulse-jumpy&j=bq:US:69fa4988-f89d-4306-b6ea-9e55dd5943f8&page=queryresults
[0m13:34:55.731849 [debug] [Thread-3 (]: BigQuery adapter: https://console.cloud.google.com/bigquery?project=github-pulse-jumpy&j=bq:US:990af7cb-e614-432d-9dc7-40f910b42584&page=queryresults
[0m13:34:55.762035 [debug] [Thread-4 (]: BigQuery adapter: https://console.cloud.google.com/bigquery?project=github-pulse-jumpy&j=bq:US:3548b18b-3f89-40ae-bbef-c4d8dbfe1d51&page=queryresults
[0m13:34:55.821326 [debug] [Thread-1 (]: BigQuery adapter: https://console.cloud.google.com/bigquery?project=github-pulse-jumpy&j=bq:US:9be108d8-4f40-4d78-ba3e-796d0974edd6&page=queryresults
[0m13:34:55.919100 [debug] [Thread-2 (]: SQL status: OK in 0.218 seconds
[0m13:34:55.997445 [debug] [Thread-4 (]: SQL status: OK in 0.234 seconds
[0m13:34:56.021095 [debug] [Thread-1 (]: SQL status: OK in 0.198 seconds
[0m13:34:56.126035 [debug] [Thread-3 (]: SQL status: OK in 0.393 seconds
[0m13:34:56.357243 [error] [Thread-2 (]: 14 of 18 FAIL 273 unique_fct_pull_requests_pr_event_sk ......................... [[31mFAIL 273[0m in 1.42s]
[0m13:34:56.358771 [debug] [Thread-2 (]: Finished running node test.github_pulse.unique_fct_pull_requests_pr_event_sk.7c40bd2b8c
[0m13:34:56.359638 [debug] [Thread-2 (]: Began running node test.github_pulse.unique_fct_repo_lifecycle_event_id.1b85b8280b
[0m13:34:56.360591 [info ] [Thread-2 (]: 17 of 18 START test unique_fct_repo_lifecycle_event_id ......................... [RUN]
[0m13:34:56.361545 [debug] [Thread-2 (]: Re-using an available connection from the pool (formerly test.github_pulse.unique_fct_pull_requests_pr_event_sk.7c40bd2b8c, now test.github_pulse.unique_fct_repo_lifecycle_event_id.1b85b8280b)
[0m13:34:56.362328 [debug] [Thread-2 (]: Began compiling node test.github_pulse.unique_fct_repo_lifecycle_event_id.1b85b8280b
[0m13:34:56.369606 [debug] [Thread-2 (]: Writing injected SQL for node "test.github_pulse.unique_fct_repo_lifecycle_event_id.1b85b8280b"
[0m13:34:56.370894 [debug] [Thread-2 (]: Began executing node test.github_pulse.unique_fct_repo_lifecycle_event_id.1b85b8280b
[0m13:34:56.374339 [debug] [Thread-2 (]: Writing runtime sql for node "test.github_pulse.unique_fct_repo_lifecycle_event_id.1b85b8280b"
[0m13:34:56.375458 [debug] [Thread-2 (]: On test.github_pulse.unique_fct_repo_lifecycle_event_id.1b85b8280b: /* {"app": "dbt", "dbt_version": "1.11.11", "profile_name": "github_pulse", "target_name": "dev", "node_id": "test.github_pulse.unique_fct_repo_lifecycle_event_id.1b85b8280b"} */

    
    select
      count(*) as failures,
      count(*) != 0 as should_warn,
      count(*) != 0 as should_error
    from (
      
    
  
    
    

with dbt_test__target as (

  select event_id as unique_field
  from `github-pulse-jumpy`.`github_pulse_analytics_dev_marts`.`fct_repo_lifecycle`
  where event_id is not null

)

select
    unique_field,
    count(*) as n_records

from dbt_test__target
group by unique_field
having count(*) > 1



  
  
      
    ) dbt_internal_test
[0m13:34:56.375927 [debug] [Thread-2 (]: Opening a new connection, currently in state closed
[0m13:34:56.454823 [error] [Thread-4 (]: 15 of 18 FAIL 17 unique_fct_repo_engagement_engagement_sk ...................... [[31mFAIL 17[0m in 1.46s]
[0m13:34:56.455539 [debug] [Thread-4 (]: Finished running node test.github_pulse.unique_fct_repo_engagement_engagement_sk.6da8627b9b
[0m13:34:56.455822 [debug] [Thread-4 (]: Began running node test.github_pulse.unique_fct_repo_lifecycle_lifecycle_sk.db238593cd
[0m13:34:56.456022 [info ] [Thread-4 (]: 18 of 18 START test unique_fct_repo_lifecycle_lifecycle_sk ..................... [RUN]
[0m13:34:56.456185 [debug] [Thread-4 (]: Re-using an available connection from the pool (formerly test.github_pulse.unique_fct_repo_engagement_engagement_sk.6da8627b9b, now test.github_pulse.unique_fct_repo_lifecycle_lifecycle_sk.db238593cd)
[0m13:34:56.456300 [debug] [Thread-4 (]: Began compiling node test.github_pulse.unique_fct_repo_lifecycle_lifecycle_sk.db238593cd
[0m13:34:56.457949 [debug] [Thread-4 (]: Writing injected SQL for node "test.github_pulse.unique_fct_repo_lifecycle_lifecycle_sk.db238593cd"
[0m13:34:56.458292 [debug] [Thread-4 (]: Began executing node test.github_pulse.unique_fct_repo_lifecycle_lifecycle_sk.db238593cd
[0m13:34:56.459263 [debug] [Thread-4 (]: Writing runtime sql for node "test.github_pulse.unique_fct_repo_lifecycle_lifecycle_sk.db238593cd"
[0m13:34:56.459517 [debug] [Thread-4 (]: On test.github_pulse.unique_fct_repo_lifecycle_lifecycle_sk.db238593cd: /* {"app": "dbt", "dbt_version": "1.11.11", "profile_name": "github_pulse", "target_name": "dev", "node_id": "test.github_pulse.unique_fct_repo_lifecycle_lifecycle_sk.db238593cd"} */

    
    select
      count(*) as failures,
      count(*) != 0 as should_warn,
      count(*) != 0 as should_error
    from (
      
    
  
    
    

with dbt_test__target as (

  select lifecycle_sk as unique_field
  from `github-pulse-jumpy`.`github_pulse_analytics_dev_marts`.`fct_repo_lifecycle`
  where lifecycle_sk is not null

)

select
    unique_field,
    count(*) as n_records

from dbt_test__target
group by unique_field
having count(*) > 1



  
  
      
    ) dbt_internal_test
[0m13:34:56.459665 [debug] [Thread-4 (]: Opening a new connection, currently in state closed
[0m13:34:56.594168 [error] [Thread-3 (]: 13 of 18 FAIL 273 unique_fct_pull_requests_event_id ............................ [[31mFAIL 273[0m in 1.82s]
[0m13:34:56.594472 [debug] [Thread-3 (]: Finished running node test.github_pulse.unique_fct_pull_requests_event_id.ccd2c98422
[0m13:34:56.663466 [error] [Thread-1 (]: 16 of 18 FAIL 17 unique_fct_repo_engagement_event_id ........................... [[31mFAIL 17[0m in 1.66s]
[0m13:34:56.663878 [debug] [Thread-1 (]: Finished running node test.github_pulse.unique_fct_repo_engagement_event_id.bfb43b4093
[0m13:34:57.580793 [debug] [Thread-2 (]: BigQuery adapter: https://console.cloud.google.com/bigquery?project=github-pulse-jumpy&j=bq:US:22a0b234-de55-4279-8c93-6b7ce2d03996&page=queryresults
[0m13:34:57.781641 [debug] [Thread-2 (]: SQL status: OK in 0.200 seconds
[0m13:34:57.782989 [debug] [Thread-4 (]: BigQuery adapter: https://console.cloud.google.com/bigquery?project=github-pulse-jumpy&j=bq:US:9e79f506-863b-4798-80cd-4a730e898bc0&page=queryresults
[0m13:34:58.017121 [debug] [Thread-4 (]: SQL status: OK in 0.231 seconds
[0m13:34:58.177976 [error] [Thread-2 (]: 17 of 18 FAIL 5628 unique_fct_repo_lifecycle_event_id .......................... [[31mFAIL 5628[0m in 1.82s]
[0m13:34:58.179190 [debug] [Thread-2 (]: Finished running node test.github_pulse.unique_fct_repo_lifecycle_event_id.1b85b8280b
[0m13:34:59.053326 [error] [Thread-4 (]: 18 of 18 FAIL 5628 unique_fct_repo_lifecycle_lifecycle_sk ...................... [[31mFAIL 5628[0m in 2.60s]
[0m13:34:59.055621 [debug] [Thread-4 (]: Finished running node test.github_pulse.unique_fct_repo_lifecycle_lifecycle_sk.db238593cd
[0m13:34:59.058052 [debug] [MainThread]: Opening a new connection, currently in state closed
[0m13:34:59.147314 [debug] [MainThread]: Connection 'master' was properly closed.
[0m13:34:59.147669 [debug] [MainThread]: Connection 'test.github_pulse.unique_fct_repo_engagement_event_id.bfb43b4093' was properly closed.
[0m13:34:59.147777 [debug] [MainThread]: Connection 'test.github_pulse.unique_fct_repo_lifecycle_event_id.1b85b8280b' was properly closed.
[0m13:34:59.147873 [debug] [MainThread]: Connection 'test.github_pulse.unique_fct_pull_requests_event_id.ccd2c98422' was properly closed.
[0m13:34:59.147962 [debug] [MainThread]: Connection 'test.github_pulse.unique_fct_repo_lifecycle_lifecycle_sk.db238593cd' was properly closed.
[0m13:34:59.148125 [info ] [MainThread]: 
[0m13:34:59.148262 [info ] [MainThread]: Finished running 18 data tests in 0 hours 0 minutes and 10.29 seconds (10.29s).
[0m13:34:59.149279 [debug] [MainThread]: Command end result
[0m13:34:59.168303 [debug] [MainThread]: Wrote artifact WritableManifest to /Users/perrikwong/Desktop/github_pulse/target/manifest.json
[0m13:34:59.169112 [debug] [MainThread]: Wrote artifact SemanticManifest to /Users/perrikwong/Desktop/github_pulse/target/semantic_manifest.json
[0m13:34:59.171827 [debug] [MainThread]: Wrote artifact RunExecutionResult to /Users/perrikwong/Desktop/github_pulse/target/run_results.json
[0m13:34:59.171931 [info ] [MainThread]: 
[0m13:34:59.172062 [info ] [MainThread]: [31mCompleted with 6 errors, 0 partial successes, and 0 warnings:[0m
[0m13:34:59.172163 [info ] [MainThread]: 
[0m13:34:59.172305 [error] [MainThread]: [31mFailure in test unique_fct_pull_requests_pr_event_sk (models/marts/pull_requests/_models.yml)[0m
[0m13:34:59.172425 [error] [MainThread]:   Got 273 results, configured to fail if != 0
[0m13:34:59.172513 [info ] [MainThread]: 
[0m13:34:59.172636 [info ] [MainThread]:   compiled code at target/compiled/github_pulse/models/marts/pull_requests/_models.yml/unique_fct_pull_requests_pr_event_sk.sql
[0m13:34:59.172727 [info ] [MainThread]: 
[0m13:34:59.172848 [error] [MainThread]: [31mFailure in test unique_fct_repo_engagement_engagement_sk (models/marts/engagement/_models.yml)[0m
[0m13:34:59.172963 [error] [MainThread]:   Got 17 results, configured to fail if != 0
[0m13:34:59.173048 [info ] [MainThread]: 
[0m13:34:59.173171 [info ] [MainThread]:   compiled code at target/compiled/github_pulse/models/marts/engagement/_models.yml/unique_fct_repo_engagement_engagement_sk.sql
[0m13:34:59.173262 [info ] [MainThread]: 
[0m13:34:59.173371 [error] [MainThread]: [31mFailure in test unique_fct_pull_requests_event_id (models/marts/pull_requests/_models.yml)[0m
[0m13:34:59.173479 [error] [MainThread]:   Got 273 results, configured to fail if != 0
[0m13:34:59.173562 [info ] [MainThread]: 
[0m13:34:59.173669 [info ] [MainThread]:   compiled code at target/compiled/github_pulse/models/marts/pull_requests/_models.yml/unique_fct_pull_requests_event_id.sql
[0m13:34:59.173755 [info ] [MainThread]: 
[0m13:34:59.173862 [error] [MainThread]: [31mFailure in test unique_fct_repo_engagement_event_id (models/marts/engagement/_models.yml)[0m
[0m13:34:59.173970 [error] [MainThread]:   Got 17 results, configured to fail if != 0
[0m13:34:59.174053 [info ] [MainThread]: 
[0m13:34:59.174157 [info ] [MainThread]:   compiled code at target/compiled/github_pulse/models/marts/engagement/_models.yml/unique_fct_repo_engagement_event_id.sql
[0m13:34:59.174245 [info ] [MainThread]: 
[0m13:34:59.174351 [error] [MainThread]: [31mFailure in test unique_fct_repo_lifecycle_event_id (models/marts/lifecycle/_models.yml)[0m
[0m13:34:59.174458 [error] [MainThread]:   Got 5628 results, configured to fail if != 0
[0m13:34:59.174541 [info ] [MainThread]: 
[0m13:34:59.174645 [info ] [MainThread]:   compiled code at target/compiled/github_pulse/models/marts/lifecycle/_models.yml/unique_fct_repo_lifecycle_event_id.sql
[0m13:34:59.174734 [info ] [MainThread]: 
[0m13:34:59.174841 [error] [MainThread]: [31mFailure in test unique_fct_repo_lifecycle_lifecycle_sk (models/marts/lifecycle/_models.yml)[0m
[0m13:34:59.174950 [error] [MainThread]:   Got 5628 results, configured to fail if != 0
[0m13:34:59.175031 [info ] [MainThread]: 
[0m13:34:59.175137 [info ] [MainThread]:   compiled code at target/compiled/github_pulse/models/marts/lifecycle/_models.yml/unique_fct_repo_lifecycle_lifecycle_sk.sql
[0m13:34:59.175233 [info ] [MainThread]: 
[0m13:34:59.175334 [info ] [MainThread]: Done. PASS=12 WARN=0 ERROR=6 SKIP=0 NO-OP=0 TOTAL=18
[0m13:34:59.175578 [debug] [MainThread]: Resource report: {"command_name": "test", "command_success": false, "command_wall_clock_time": 11.15172, "process_in_blocks": "0", "process_kernel_time": 0.336855, "process_mem_max_rss": "234110976", "process_out_blocks": "0", "process_user_time": 3.217606}
[0m13:34:59.175734 [debug] [MainThread]: Command `dbt test` failed at 13:34:59.175708 after 11.15 seconds
[0m13:34:59.175871 [debug] [MainThread]: Sending event: {'category': 'dbt', 'action': 'invocation', 'label': 'end', 'context': [<snowplow_tracker.self_describing_json.SelfDescribingJson object at 0x11e74bcd0>, <snowplow_tracker.self_describing_json.SelfDescribingJson object at 0x1054eed90>, <snowplow_tracker.self_describing_json.SelfDescribingJson object at 0x1054eedd0>]}
[0m13:34:59.175999 [debug] [MainThread]: Flushing usage events
[0m13:34:59.505195 [debug] [MainThread]: An error was encountered while trying to flush usage events
[0m13:38:42.760517 [debug] [MainThread]: Sending event: {'category': 'dbt', 'action': 'invocation', 'label': 'start', 'context': [<snowplow_tracker.self_describing_json.SelfDescribingJson object at 0x108c90d90>, <snowplow_tracker.self_describing_json.SelfDescribingJson object at 0x108a28850>, <snowplow_tracker.self_describing_json.SelfDescribingJson object at 0x108d5d6d0>]}


============================== 13:38:42.762642 | 48f6a71d-ff32-4384-9a61-eb3b3650bb2b ==============================
[0m13:38:42.762642 [info ] [MainThread]: Running with dbt=1.11.11
[0m13:38:42.762891 [debug] [MainThread]: running dbt with arguments {'use_colors': 'True', 'no_print': 'None', 'fail_fast': 'False', 'log_format': 'default', 'printer_width': '80', 'invocation_command': 'dbt run --select staging marts.pull_requests marts.engagement marts.lifecycle', 'partial_parse': 'True', 'target_path': 'None', 'warn_error_options': 'WarnErrorOptionsV2(error=[], warn=[], silence=[])', 'introspect': 'True', 'warn_error': 'None', 'static_parser': 'True', 'version_check': 'True', 'empty': 'False', 'use_experimental_parser': 'False', 'log_cache_events': 'False', 'write_json': 'True', 'quiet': 'False', 'profiles_dir': '/Users/perrikwong/.dbt', 'cache_selected_only': 'False', 'debug': 'False', 'log_path': '/Users/perrikwong/Desktop/github_pulse/logs', 'indirect_selection': 'eager', 'send_anonymous_usage_stats': 'True'}
[0m13:38:43.444176 [debug] [MainThread]: Sending event: {'category': 'dbt', 'action': 'project_id', 'label': '48f6a71d-ff32-4384-9a61-eb3b3650bb2b', 'context': [<snowplow_tracker.self_describing_json.SelfDescribingJson object at 0x111ecdc50>]}
[0m13:38:43.466483 [debug] [MainThread]: Sending event: {'category': 'dbt', 'action': 'adapter_info', 'label': '48f6a71d-ff32-4384-9a61-eb3b3650bb2b', 'context': [<snowplow_tracker.self_describing_json.SelfDescribingJson object at 0x106348290>]}
[0m13:38:43.466856 [info ] [MainThread]: Registered adapter: bigquery=1.11.1
[0m13:38:43.538768 [debug] [MainThread]: checksum: 30a8cc8fdcbf66701b0944d4ccce3fa46dd04b61e5df68b9f16d57b2e0e3f0be, vars: {}, profile: , target: , version: 1.11.11
[0m13:38:43.622171 [debug] [MainThread]: Partial parsing enabled: 0 files deleted, 0 files added, 0 files changed.
[0m13:38:43.622364 [debug] [MainThread]: Nothing changed, skipping partial parsing.
[0m13:38:43.622462 [debug] [MainThread]: Partial parsing enabled, no changes found, skipping parsing
[0m13:38:43.624851 [warn ] [MainThread]: [[33mWARNING[0m]: Configuration paths exist in your dbt_project.yml file which do not apply to any resources.
There are 1 unused configuration paths:
- models.github_pulse.intermediate
[0m13:38:43.645566 [debug] [MainThread]: Sending event: {'category': 'dbt', 'action': 'load_project', 'label': '48f6a71d-ff32-4384-9a61-eb3b3650bb2b', 'context': [<snowplow_tracker.self_describing_json.SelfDescribingJson object at 0x11348d050>]}
[0m13:38:43.693462 [debug] [MainThread]: Wrote artifact WritableManifest to /Users/perrikwong/Desktop/github_pulse/target/manifest.json
[0m13:38:43.694627 [debug] [MainThread]: Wrote artifact SemanticManifest to /Users/perrikwong/Desktop/github_pulse/target/semantic_manifest.json
[0m13:38:43.700664 [debug] [MainThread]: Sending event: {'category': 'dbt', 'action': 'resource_counts', 'label': '48f6a71d-ff32-4384-9a61-eb3b3650bb2b', 'context': [<snowplow_tracker.self_describing_json.SelfDescribingJson object at 0x1134b5e50>]}
[0m13:38:43.700856 [info ] [MainThread]: Found 10 models, 1 snapshot, 54 data tests, 1 source, 665 macros
[0m13:38:43.700977 [debug] [MainThread]: Sending event: {'category': 'dbt', 'action': 'runnable_timing', 'label': '48f6a71d-ff32-4384-9a61-eb3b3650bb2b', 'context': [<snowplow_tracker.self_describing_json.SelfDescribingJson object at 0x112ef9a50>]}
[0m13:38:43.702222 [info ] [MainThread]: 
[0m13:38:43.702346 [info ] [MainThread]: Concurrency: 4 threads (target='dev')
[0m13:38:43.702442 [info ] [MainThread]: 
[0m13:38:43.702627 [debug] [MainThread]: Acquiring new bigquery connection 'master'
[0m13:38:43.704183 [debug] [ThreadPool]: Acquiring new bigquery connection 'list_github-pulse-jumpy'
[0m13:38:43.704367 [debug] [ThreadPool]: Acquiring new bigquery connection 'list_github-pulse-jumpy'
[0m13:38:43.704520 [debug] [ThreadPool]: Opening a new connection, currently in state init
[0m13:38:43.704630 [debug] [ThreadPool]: Opening a new connection, currently in state init
[0m13:38:44.439369 [debug] [ThreadPool]: Re-using an available connection from the pool (formerly list_github-pulse-jumpy, now list_github-pulse-jumpy_github_pulse_analytics_dev_staging)
[0m13:38:44.440387 [debug] [ThreadPool]: Re-using an available connection from the pool (formerly list_github-pulse-jumpy, now list_github-pulse-jumpy_snapshots)
[0m13:38:44.441044 [debug] [ThreadPool]: Acquiring new bigquery connection 'list_github-pulse-jumpy_github_pulse_analytics_dev_marts'
[0m13:38:44.441715 [debug] [ThreadPool]: Acquiring new bigquery connection 'list_github-pulse-jumpy_github_pulse_analytics_dev_core'
[0m13:38:44.442073 [debug] [ThreadPool]: Opening a new connection, currently in state closed
[0m13:38:44.442469 [debug] [ThreadPool]: Opening a new connection, currently in state closed
[0m13:38:44.442818 [debug] [ThreadPool]: Opening a new connection, currently in state init
[0m13:38:44.443145 [debug] [ThreadPool]: Opening a new connection, currently in state init
[0m13:38:45.183618 [debug] [MainThread]: Sending event: {'category': 'dbt', 'action': 'runnable_timing', 'label': '48f6a71d-ff32-4384-9a61-eb3b3650bb2b', 'context': [<snowplow_tracker.self_describing_json.SelfDescribingJson object at 0x1134cc190>]}
[0m13:38:45.185117 [debug] [MainThread]: Opening a new connection, currently in state init
[0m13:38:45.275078 [debug] [Thread-1 (]: Began running node model.github_pulse.stg_github__create_events
[0m13:38:45.275338 [debug] [Thread-2 (]: Began running node model.github_pulse.stg_github__delete_events
[0m13:38:45.275536 [debug] [Thread-3 (]: Began running node model.github_pulse.stg_github__pull_request_events
[0m13:38:45.275665 [debug] [Thread-4 (]: Began running node model.github_pulse.stg_github__watch_events
[0m13:38:45.275858 [info ] [Thread-1 (]: 1 of 7 START sql view model github_pulse_analytics_dev_staging.stg_github__create_events  [RUN]
[0m13:38:45.276115 [info ] [Thread-2 (]: 2 of 7 START sql view model github_pulse_analytics_dev_staging.stg_github__delete_events  [RUN]
[0m13:38:45.276321 [info ] [Thread-3 (]: 3 of 7 START sql view model github_pulse_analytics_dev_staging.stg_github__pull_request_events  [RUN]
[0m13:38:45.276493 [info ] [Thread-4 (]: 4 of 7 START sql view model github_pulse_analytics_dev_staging.stg_github__watch_events  [RUN]
[0m13:38:45.276676 [debug] [Thread-1 (]: Re-using an available connection from the pool (formerly list_github-pulse-jumpy_github_pulse_analytics_dev_staging, now model.github_pulse.stg_github__create_events)
[0m13:38:45.276805 [debug] [Thread-2 (]: Re-using an available connection from the pool (formerly list_github-pulse-jumpy_snapshots, now model.github_pulse.stg_github__delete_events)
[0m13:38:45.276921 [debug] [Thread-3 (]: Re-using an available connection from the pool (formerly list_github-pulse-jumpy_github_pulse_analytics_dev_marts, now model.github_pulse.stg_github__pull_request_events)
[0m13:38:45.277035 [debug] [Thread-4 (]: Re-using an available connection from the pool (formerly list_github-pulse-jumpy_github_pulse_analytics_dev_core, now model.github_pulse.stg_github__watch_events)
[0m13:38:45.277152 [debug] [Thread-1 (]: Began compiling node model.github_pulse.stg_github__create_events
[0m13:38:45.277263 [debug] [Thread-2 (]: Began compiling node model.github_pulse.stg_github__delete_events
[0m13:38:45.277367 [debug] [Thread-3 (]: Began compiling node model.github_pulse.stg_github__pull_request_events
[0m13:38:45.277468 [debug] [Thread-4 (]: Began compiling node model.github_pulse.stg_github__watch_events
[0m13:38:45.281454 [debug] [Thread-1 (]: Writing injected SQL for node "model.github_pulse.stg_github__create_events"
[0m13:38:45.282642 [debug] [Thread-2 (]: Writing injected SQL for node "model.github_pulse.stg_github__delete_events"
[0m13:38:45.284438 [debug] [Thread-3 (]: Writing injected SQL for node "model.github_pulse.stg_github__pull_request_events"
[0m13:38:45.285412 [debug] [Thread-4 (]: Writing injected SQL for node "model.github_pulse.stg_github__watch_events"
[0m13:38:45.285820 [debug] [Thread-1 (]: Began executing node model.github_pulse.stg_github__create_events
[0m13:38:45.285961 [debug] [Thread-4 (]: Began executing node model.github_pulse.stg_github__watch_events
[0m13:38:45.286077 [debug] [Thread-2 (]: Began executing node model.github_pulse.stg_github__delete_events
[0m13:38:45.286179 [debug] [Thread-3 (]: Began executing node model.github_pulse.stg_github__pull_request_events
[0m13:38:45.296716 [debug] [Thread-1 (]: Writing runtime sql for node "model.github_pulse.stg_github__create_events"
[0m13:38:45.297713 [debug] [Thread-4 (]: Writing runtime sql for node "model.github_pulse.stg_github__watch_events"
[0m13:38:45.298724 [debug] [Thread-2 (]: Writing runtime sql for node "model.github_pulse.stg_github__delete_events"
[0m13:38:45.299637 [debug] [Thread-3 (]: Writing runtime sql for node "model.github_pulse.stg_github__pull_request_events"
[0m13:38:45.300165 [debug] [Thread-4 (]: On model.github_pulse.stg_github__watch_events: /* {"app": "dbt", "dbt_version": "1.11.11", "profile_name": "github_pulse", "target_name": "dev", "node_id": "model.github_pulse.stg_github__watch_events"} */


  create or replace view `github-pulse-jumpy`.`github_pulse_analytics_dev_staging`.`stg_github__watch_events`
  OPTIONS()
  as with source as (
    select *
    from `githubarchive`.`day`.`20260428`
    where type = 'WatchEvent'
),

deduplicated as (

    select *
    from source
    qualify row_number() over (
        partition by id
        order by created_at
    ) = 1

),


renamed as (
    select
        id                  as event_id,
        actor.id            as actor_id,
        actor.login         as actor_login,
        repo.id             as repo_id,
        repo.name           as repo_name,
        org.id              as org_id,
        org.login           as org_login,
        json_value(payload, '$.action')   as engagement_action,
        created_at          as event_at
    from deduplicated  
)

select * from renamed;


[0m13:38:45.300374 [debug] [Thread-2 (]: On model.github_pulse.stg_github__delete_events: /* {"app": "dbt", "dbt_version": "1.11.11", "profile_name": "github_pulse", "target_name": "dev", "node_id": "model.github_pulse.stg_github__delete_events"} */


  create or replace view `github-pulse-jumpy`.`github_pulse_analytics_dev_staging`.`stg_github__delete_events`
  OPTIONS()
  as 

with source as (

    select *
    from `githubarchive`.`day`.`20260428`
    where type = 'DeleteEvent'

),

deduplicated as (

    select *
    from source
    qualify row_number() over (
        partition by id
        order by created_at
    ) = 1

),

renamed as (

    select
        id                                              as event_id,

        actor.id                                        as actor_id,
        actor.login                                     as actor_login,

        repo.id                                         as repo_id,
        repo.name                                       as repo_name,

        org.id                                          as org_id,
        org.login                                       as org_login,

        -- what was deleted: 'branch' or 'tag' (repos don't generate DeleteEvent)
        json_value(payload, '$.ref_type')               as ref_type,
        json_value(payload, '$.ref')                    as ref_name,

        created_at                                      as event_at

    from deduplicated

)

select * from renamed;


[0m13:38:45.300548 [debug] [Thread-1 (]: On model.github_pulse.stg_github__create_events: /* {"app": "dbt", "dbt_version": "1.11.11", "profile_name": "github_pulse", "target_name": "dev", "node_id": "model.github_pulse.stg_github__create_events"} */


  create or replace view `github-pulse-jumpy`.`github_pulse_analytics_dev_staging`.`stg_github__create_events`
  OPTIONS()
  as 

with source as (

    select *
    from `githubarchive`.`day`.`20260428`
    where type = 'CreateEvent'

),

deduplicated as (
    select *
    from source
    qualify row_number() over (partition by id order by created_at) = 1
),

renamed as (

    select
        id                                              as event_id,

        actor.id                                        as actor_id,
        actor.login                                     as actor_login,

        repo.id                                         as repo_id,
        repo.name                                       as repo_name,

        org.id                                          as org_id,
        org.login                                       as org_login,

        -- what was created: 'branch', 'tag', or 'repository'
        json_value(payload, '$.ref_type')               as ref_type,
        -- the name of the branch / tag (null for repository creation)
        json_value(payload, '$.ref')                    as ref_name,
        -- description of the repo when ref_type = 'repository'
        json_value(payload, '$.description')            as description,
        -- master_branch — typically only set for repo creation
        json_value(payload, '$.master_branch')          as master_branch,

        created_at                                      as event_at

    from deduplicated

)

select * from renamed;


[0m13:38:45.300729 [debug] [Thread-3 (]: On model.github_pulse.stg_github__pull_request_events: /* {"app": "dbt", "dbt_version": "1.11.11", "profile_name": "github_pulse", "target_name": "dev", "node_id": "model.github_pulse.stg_github__pull_request_events"} */


  create or replace view `github-pulse-jumpy`.`github_pulse_analytics_dev_staging`.`stg_github__pull_request_events`
  OPTIONS()
  as 

with source as (

    select *
    from `githubarchive`.`day`.`20260428`
    where type = 'PullRequestEvent'

),

deduplicated as (

    select *
    from source
    qualify row_number() over (
        partition by id
        order by created_at
    ) = 1

),

renamed as (

    select
        -- identifiers
        id                                                                  as event_id,
        cast(json_value(payload, '$.pull_request.id') as int64)             as pr_id,
        cast(json_value(payload, '$.number') as int64)                      as pr_number,

        -- actor (the user performing the action)
        actor.id                                                            as actor_id,
        actor.login                                                         as actor_login,

        -- repo
        repo.id                                                             as repo_id,
        repo.name                                                           as repo_name,

        -- org (nullable — only set when repo is in an org)
        org.id                                                              as org_id,
        org.login                                                           as org_login,

        -- action: what happened to the PR
        -- (opened / closed / merged / reopened / labeled / assigned / etc.)
        json_value(payload, '$.action')                                     as pr_action,

        -- convenience flags derived from action
        case when json_value(payload, '$.action') = 'opened'   then true else false end as is_opened,
        case when json_value(payload, '$.action') = 'closed'   then true else false end as is_closed,
        case when json_value(payload, '$.action') = 'merged'   then true else false end as is_merged,
        case when json_value(payload, '$.action') = 'reopened' then true else false end as is_reopened,
        case when json_value(payload, '$.action') = 'labeled'  then true else false end as is_labeled,

        -- timestamp
        created_at                                                          as event_at

    from deduplicated

)

select * from renamed;


[0m13:38:45.300921 [debug] [Thread-4 (]: Opening a new connection, currently in state closed
[0m13:38:45.301048 [debug] [Thread-2 (]: Opening a new connection, currently in state closed
[0m13:38:45.301167 [debug] [Thread-1 (]: Opening a new connection, currently in state closed
[0m13:38:45.301291 [debug] [Thread-3 (]: Opening a new connection, currently in state closed
[0m13:38:46.260906 [debug] [Thread-4 (]: BigQuery adapter: https://console.cloud.google.com/bigquery?project=github-pulse-jumpy&j=bq:US:3927110b-9e17-4f9e-b67f-466baaa908a9&page=queryresults
[0m13:38:46.262460 [debug] [Thread-2 (]: BigQuery adapter: https://console.cloud.google.com/bigquery?project=github-pulse-jumpy&j=bq:US:83c76b5a-6be6-44bc-be63-70fc73556f7b&page=queryresults
[0m13:38:46.263946 [debug] [Thread-1 (]: BigQuery adapter: https://console.cloud.google.com/bigquery?project=github-pulse-jumpy&j=bq:US:241c7ed6-3ddb-4f3e-b63f-5404e38d9053&page=queryresults
[0m13:38:46.274378 [debug] [Thread-3 (]: BigQuery adapter: https://console.cloud.google.com/bigquery?project=github-pulse-jumpy&j=bq:US:4e97f31b-23d7-4cef-b871-e776201ee991&page=queryresults
[0m13:38:46.667223 [debug] [Thread-4 (]: SQL status: OK in 0.404 seconds
[0m13:38:46.680651 [debug] [Thread-1 (]: SQL status: OK in 0.413 seconds
[0m13:38:46.784309 [debug] [Thread-3 (]: SQL status: OK in 0.509 seconds
[0m13:38:46.784547 [debug] [Thread-4 (]: Sending event: {'category': 'dbt', 'action': 'run_model', 'label': '48f6a71d-ff32-4384-9a61-eb3b3650bb2b', 'context': [<snowplow_tracker.self_describing_json.SelfDescribingJson object at 0x113452350>]}
[0m13:38:46.784663 [debug] [Thread-1 (]: Sending event: {'category': 'dbt', 'action': 'run_model', 'label': '48f6a71d-ff32-4384-9a61-eb3b3650bb2b', 'context': [<snowplow_tracker.self_describing_json.SelfDescribingJson object at 0x1132b51d0>]}
[0m13:38:46.785798 [info ] [Thread-4 (]: 4 of 7 OK created sql view model github_pulse_analytics_dev_staging.stg_github__watch_events  [[32mCREATE VIEW (0 processed)[0m in 1.51s]
[0m13:38:46.786287 [debug] [Thread-3 (]: Sending event: {'category': 'dbt', 'action': 'run_model', 'label': '48f6a71d-ff32-4384-9a61-eb3b3650bb2b', 'context': [<snowplow_tracker.self_describing_json.SelfDescribingJson object at 0x113307e10>]}
[0m13:38:46.786514 [info ] [Thread-1 (]: 1 of 7 OK created sql view model github_pulse_analytics_dev_staging.stg_github__create_events  [[32mCREATE VIEW (0 processed)[0m in 1.51s]
[0m13:38:46.786723 [debug] [Thread-4 (]: Finished running node model.github_pulse.stg_github__watch_events
[0m13:38:46.786903 [info ] [Thread-3 (]: 3 of 7 OK created sql view model github_pulse_analytics_dev_staging.stg_github__pull_request_events  [[32mCREATE VIEW (0 processed)[0m in 1.51s]
[0m13:38:46.787114 [debug] [Thread-1 (]: Finished running node model.github_pulse.stg_github__create_events
[0m13:38:46.787349 [debug] [Thread-3 (]: Finished running node model.github_pulse.stg_github__pull_request_events
[0m13:38:46.915210 [debug] [Thread-2 (]: SQL status: OK in 0.650 seconds
[0m13:38:46.917858 [debug] [Thread-2 (]: Sending event: {'category': 'dbt', 'action': 'run_model', 'label': '48f6a71d-ff32-4384-9a61-eb3b3650bb2b', 'context': [<snowplow_tracker.self_describing_json.SelfDescribingJson object at 0x1134b5d90>]}
[0m13:38:46.918261 [info ] [Thread-2 (]: 2 of 7 OK created sql view model github_pulse_analytics_dev_staging.stg_github__delete_events  [[32mCREATE VIEW (0 processed)[0m in 1.64s]
[0m13:38:46.918617 [debug] [Thread-2 (]: Finished running node model.github_pulse.stg_github__delete_events
[0m13:38:46.919125 [debug] [Thread-4 (]: Began running node model.github_pulse.fct_pull_requests
[0m13:38:46.919373 [debug] [Thread-1 (]: Began running node model.github_pulse.fct_repo_engagement
[0m13:38:46.919652 [debug] [Thread-3 (]: Began running node model.github_pulse.fct_repo_lifecycle
[0m13:38:46.920019 [info ] [Thread-4 (]: 5 of 7 START sql table model github_pulse_analytics_dev_marts.fct_pull_requests  [RUN]
[0m13:38:46.920368 [info ] [Thread-1 (]: 6 of 7 START sql table model github_pulse_analytics_dev_marts.fct_repo_engagement  [RUN]
[0m13:38:46.920693 [info ] [Thread-3 (]: 7 of 7 START sql table model github_pulse_analytics_dev_marts.fct_repo_lifecycle  [RUN]
[0m13:38:46.920994 [debug] [Thread-4 (]: Re-using an available connection from the pool (formerly model.github_pulse.stg_github__watch_events, now model.github_pulse.fct_pull_requests)
[0m13:38:46.921245 [debug] [Thread-1 (]: Re-using an available connection from the pool (formerly model.github_pulse.stg_github__create_events, now model.github_pulse.fct_repo_engagement)
[0m13:38:46.921486 [debug] [Thread-3 (]: Re-using an available connection from the pool (formerly model.github_pulse.stg_github__pull_request_events, now model.github_pulse.fct_repo_lifecycle)
[0m13:38:46.921726 [debug] [Thread-4 (]: Began compiling node model.github_pulse.fct_pull_requests
[0m13:38:46.921953 [debug] [Thread-1 (]: Began compiling node model.github_pulse.fct_repo_engagement
[0m13:38:46.922169 [debug] [Thread-3 (]: Began compiling node model.github_pulse.fct_repo_lifecycle
[0m13:38:46.932521 [debug] [Thread-4 (]: Writing injected SQL for node "model.github_pulse.fct_pull_requests"
[0m13:38:46.935242 [debug] [Thread-1 (]: Writing injected SQL for node "model.github_pulse.fct_repo_engagement"
[0m13:38:46.937854 [debug] [Thread-3 (]: Writing injected SQL for node "model.github_pulse.fct_repo_lifecycle"
[0m13:38:46.938352 [debug] [Thread-1 (]: Began executing node model.github_pulse.fct_repo_engagement
[0m13:38:46.938544 [debug] [Thread-4 (]: Began executing node model.github_pulse.fct_pull_requests
[0m13:38:46.938702 [debug] [Thread-3 (]: Began executing node model.github_pulse.fct_repo_lifecycle
[0m13:38:46.944038 [debug] [Thread-1 (]: Opening a new connection, currently in state closed
[0m13:38:46.945181 [debug] [Thread-4 (]: Opening a new connection, currently in state closed
[0m13:38:46.947031 [debug] [Thread-3 (]: Opening a new connection, currently in state closed
[0m13:38:47.588232 [debug] [Thread-4 (]: Writing runtime sql for node "model.github_pulse.fct_pull_requests"
[0m13:38:47.590970 [debug] [Thread-1 (]: Writing runtime sql for node "model.github_pulse.fct_repo_engagement"
[0m13:38:47.593150 [debug] [Thread-3 (]: Writing runtime sql for node "model.github_pulse.fct_repo_lifecycle"
[0m13:38:47.593974 [debug] [Thread-4 (]: On model.github_pulse.fct_pull_requests: /* {"app": "dbt", "dbt_version": "1.11.11", "profile_name": "github_pulse", "target_name": "dev", "node_id": "model.github_pulse.fct_pull_requests"} */

  
    

    create or replace table `github-pulse-jumpy`.`github_pulse_analytics_dev_marts`.`fct_pull_requests`
      
    
    

    
    OPTIONS()
    as (
      

with pr_events as (

    select * from `github-pulse-jumpy`.`github_pulse_analytics_dev_staging`.`stg_github__pull_request_events`

),

dim_repo as (

    select repo_id, repo_sk, repo_name, repo_owner, repo_slug, repo_url
    from `github-pulse-jumpy`.`github_pulse_analytics_dev_core`.`dim_repo`
    where is_current

),

dim_actor as (

    select actor_id, actor_login, profile_url
    from `github-pulse-jumpy`.`github_pulse_analytics_dev_core`.`dim_actor`

),

dim_date as (

    select date_id, calendar_date
    from `github-pulse-jumpy`.`github_pulse_analytics_dev_core`.`dim_date`

),

final as (

    select
        -- surrogate key
        to_hex(md5(cast(coalesce(cast(pr.event_id as string), '_dbt_utils_surrogate_key_null_') as string)))     as pr_event_sk,

        -- foreign keys
        pr.event_id,
        pr.pr_id,
        pr.pr_number,
        coalesce(r.repo_sk, 'unknown')                              as repo_sk,
        coalesce(
            d.date_id,
            cast(format_date('%Y%m%d', date(pr.event_at)) as int64)
        )                                                           as date_id,

        -- actor info (denormalized for query convenience)
        pr.actor_id,
        coalesce(a.actor_login, pr.actor_login)                     as actor_login,

        -- repo info (denormalized)
        coalesce(r.repo_name, pr.repo_name)                         as repo_name,
        r.repo_owner,
        r.repo_slug,

        -- event details
        pr.pr_action,
        pr.is_opened,
        pr.is_closed,
        pr.is_merged,
        pr.is_reopened,
        pr.is_labeled,

        -- timestamp
        pr.event_at

    from pr_events pr
    left join dim_repo   r on pr.repo_id  = r.repo_id
    left join dim_actor  a on pr.actor_id = a.actor_id
    left join dim_date   d on date(pr.event_at) = d.calendar_date

)

select * from final
    );
  
[0m13:38:47.594331 [debug] [Thread-3 (]: On model.github_pulse.fct_repo_lifecycle: /* {"app": "dbt", "dbt_version": "1.11.11", "profile_name": "github_pulse", "target_name": "dev", "node_id": "model.github_pulse.fct_repo_lifecycle"} */

  
    

    create or replace table `github-pulse-jumpy`.`github_pulse_analytics_dev_marts`.`fct_repo_lifecycle`
      
    
    

    
    OPTIONS()
    as (
      

with create_events as (

    select
        event_id,
        actor_id,
        actor_login,
        repo_id,
        repo_name,
        org_id,
        org_login,
        ref_type,
        ref_name,
        event_at,
        'created'   as lifecycle_action
    from `github-pulse-jumpy`.`github_pulse_analytics_dev_staging`.`stg_github__create_events`

),

delete_events as (

    select
        event_id,
        actor_id,
        actor_login,
        repo_id,
        repo_name,
        org_id,
        org_login,
        ref_type,
        ref_name,
        event_at,
        'deleted'   as lifecycle_action
    from `github-pulse-jumpy`.`github_pulse_analytics_dev_staging`.`stg_github__delete_events`

),

unioned as (

    select * from create_events
    union all
    select * from delete_events

),

dim_repo as (

    select repo_id, repo_sk, repo_name, repo_owner, repo_slug
    from `github-pulse-jumpy`.`github_pulse_analytics_dev_core`.`dim_repo`
    where is_current

),

dim_date as (

    select date_id, calendar_date
    from `github-pulse-jumpy`.`github_pulse_analytics_dev_core`.`dim_date`

),

final as (

    select
        to_hex(md5(cast(coalesce(cast(u.event_id as string), '_dbt_utils_surrogate_key_null_') as string)))      as lifecycle_sk,

        u.event_id,
        coalesce(r.repo_sk, 'unknown')                              as repo_sk,
        coalesce(
            d.date_id,
            cast(format_date('%Y%m%d', date(u.event_at)) as int64)
        )                                                           as date_id,

        u.actor_id,
        u.actor_login,

        -- repo (denormalized)
        coalesce(r.repo_name, u.repo_name)                          as repo_name,
        r.repo_owner,
        r.repo_slug,

        -- lifecycle details
        u.lifecycle_action,     -- 'created' or 'deleted'
        u.ref_type,             -- 'branch', 'tag', or 'repository'
        u.ref_name,

        -- derived
        u.ref_type = 'branch'   as is_branch_event,
        u.ref_type = 'tag'      as is_tag_event,

        u.event_at

    from unioned u
    left join dim_repo  r on u.repo_id = r.repo_id
    left join dim_date  d on date(u.event_at) = d.calendar_date

)

select * from final
    );
  
[0m13:38:47.594626 [debug] [Thread-1 (]: On model.github_pulse.fct_repo_engagement: /* {"app": "dbt", "dbt_version": "1.11.11", "profile_name": "github_pulse", "target_name": "dev", "node_id": "model.github_pulse.fct_repo_engagement"} */

  
    

    create or replace table `github-pulse-jumpy`.`github_pulse_analytics_dev_marts`.`fct_repo_engagement`
      
    
    

    
    OPTIONS()
    as (
      

with watch_events as (

    select * from `github-pulse-jumpy`.`github_pulse_analytics_dev_staging`.`stg_github__watch_events`

),

dim_repo as (

    select repo_id, repo_sk, repo_name, repo_owner, repo_slug, repo_url
    from `github-pulse-jumpy`.`github_pulse_analytics_dev_core`.`dim_repo`
    where is_current

),

dim_actor as (

    select actor_id, actor_login
    from `github-pulse-jumpy`.`github_pulse_analytics_dev_core`.`dim_actor`

),

dim_date as (

    select date_id, calendar_date
    from `github-pulse-jumpy`.`github_pulse_analytics_dev_core`.`dim_date`

),

final as (

    select
        -- surrogate key
        to_hex(md5(cast(coalesce(cast(w.event_id as string), '_dbt_utils_surrogate_key_null_') as string)))      as engagement_sk,

        -- foreign keys
        w.event_id,
        coalesce(r.repo_sk, 'unknown')                              as repo_sk,
        coalesce(
            d.date_id,
            cast(format_date('%Y%m%d', date(w.event_at)) as int64)
        )                                                           as date_id,

        -- actor
        w.actor_id,
        coalesce(a.actor_login, w.actor_login)                      as actor_login,

        -- repo (denormalized)
        coalesce(r.repo_name, w.repo_name)                          as repo_name,
        r.repo_owner,
        r.repo_slug,
        r.repo_url,

        -- engagement type (always 'started' = starred for WatchEvent)
        w.engagement_action,

        -- timestamp
        w.event_at

    from watch_events w
    left join dim_repo   r on w.repo_id  = r.repo_id
    left join dim_actor  a on w.actor_id = a.actor_id
    left join dim_date   d on date(w.event_at) = d.calendar_date

)

select * from final
    );
  
[0m13:38:48.408931 [debug] [Thread-4 (]: BigQuery adapter: https://console.cloud.google.com/bigquery?project=github-pulse-jumpy&j=bq:US:792b1776-1662-4034-8ea0-18ba816648b1&page=queryresults
[0m13:38:48.410025 [debug] [Thread-3 (]: BigQuery adapter: https://console.cloud.google.com/bigquery?project=github-pulse-jumpy&j=bq:US:e9c260c9-5f0d-4a9f-af73-67a60e0d6623&page=queryresults
[0m13:38:48.410901 [debug] [Thread-1 (]: BigQuery adapter: https://console.cloud.google.com/bigquery?project=github-pulse-jumpy&j=bq:US:44fefb09-cd29-4e01-bb6f-ca3396836ce1&page=queryresults
[0m13:38:52.735393 [debug] [Thread-4 (]: SQL status: OK in 4.323 seconds
[0m13:38:52.972436 [debug] [Thread-4 (]: Sending event: {'category': 'dbt', 'action': 'run_model', 'label': '48f6a71d-ff32-4384-9a61-eb3b3650bb2b', 'context': [<snowplow_tracker.self_describing_json.SelfDescribingJson object at 0x10f5ea350>]}
[0m13:38:52.973830 [info ] [Thread-4 (]: 5 of 7 OK created sql table model github_pulse_analytics_dev_marts.fct_pull_requests  [[32mCREATE TABLE (98.2k rows, 1.9 GiB processed)[0m in 6.05s]
[0m13:38:52.974833 [debug] [Thread-4 (]: Finished running node model.github_pulse.fct_pull_requests
[0m13:38:52.998497 [debug] [Thread-1 (]: SQL status: OK in 4.584 seconds
[0m13:38:53.214178 [debug] [Thread-1 (]: Sending event: {'category': 'dbt', 'action': 'run_model', 'label': '48f6a71d-ff32-4384-9a61-eb3b3650bb2b', 'context': [<snowplow_tracker.self_describing_json.SelfDescribingJson object at 0x113ab44d0>]}
[0m13:38:53.215581 [info ] [Thread-1 (]: 6 of 7 OK created sql table model github_pulse_analytics_dev_marts.fct_repo_engagement  [[32mCREATE TABLE (27.0k rows, 1.9 GiB processed)[0m in 6.29s]
[0m13:38:53.216760 [debug] [Thread-1 (]: Finished running node model.github_pulse.fct_repo_engagement
[0m13:38:56.423744 [debug] [Thread-3 (]: SQL status: OK in 8.010 seconds
[0m13:38:56.655951 [debug] [Thread-3 (]: Sending event: {'category': 'dbt', 'action': 'run_model', 'label': '48f6a71d-ff32-4384-9a61-eb3b3650bb2b', 'context': [<snowplow_tracker.self_describing_json.SelfDescribingJson object at 0x113a504d0>]}
[0m13:38:56.657850 [info ] [Thread-3 (]: 7 of 7 OK created sql table model github_pulse_analytics_dev_marts.fct_repo_lifecycle  [[32mCREATE TABLE (568.0k rows, 1.9 GiB processed)[0m in 9.73s]
[0m13:38:56.659127 [debug] [Thread-3 (]: Finished running node model.github_pulse.fct_repo_lifecycle
[0m13:38:56.661418 [debug] [MainThread]: Opening a new connection, currently in state closed
[0m13:38:56.744069 [debug] [MainThread]: Connection 'master' was properly closed.
[0m13:38:56.744314 [debug] [MainThread]: Connection 'model.github_pulse.fct_repo_engagement' was properly closed.
[0m13:38:56.744421 [debug] [MainThread]: Connection 'model.github_pulse.stg_github__delete_events' was properly closed.
[0m13:38:56.744511 [debug] [MainThread]: Connection 'model.github_pulse.fct_repo_lifecycle' was properly closed.
[0m13:38:56.744603 [debug] [MainThread]: Connection 'model.github_pulse.fct_pull_requests' was properly closed.
[0m13:38:56.744755 [info ] [MainThread]: 
[0m13:38:56.744891 [info ] [MainThread]: Finished running 3 table models, 4 view models in 0 hours 0 minutes and 13.04 seconds (13.04s).
[0m13:38:56.745377 [debug] [MainThread]: Command end result
[0m13:38:56.763791 [debug] [MainThread]: Wrote artifact WritableManifest to /Users/perrikwong/Desktop/github_pulse/target/manifest.json
[0m13:38:56.764580 [debug] [MainThread]: Wrote artifact SemanticManifest to /Users/perrikwong/Desktop/github_pulse/target/semantic_manifest.json
[0m13:38:56.766851 [debug] [MainThread]: Wrote artifact RunExecutionResult to /Users/perrikwong/Desktop/github_pulse/target/run_results.json
[0m13:38:56.766955 [info ] [MainThread]: 
[0m13:38:56.767093 [info ] [MainThread]: [32mCompleted successfully[0m
[0m13:38:56.767193 [info ] [MainThread]: 
[0m13:38:56.767304 [info ] [MainThread]: Done. PASS=7 WARN=0 ERROR=0 SKIP=0 NO-OP=0 TOTAL=7
[0m13:38:56.767548 [debug] [MainThread]: Resource report: {"command_name": "run", "command_success": true, "command_wall_clock_time": 14.037822, "process_in_blocks": "0", "process_kernel_time": 0.300026, "process_mem_max_rss": "234782720", "process_out_blocks": "0", "process_user_time": 2.379705}
[0m13:38:56.767714 [debug] [MainThread]: Command `dbt run` succeeded at 13:38:56.767681 after 14.04 seconds
[0m13:38:56.767851 [debug] [MainThread]: Sending event: {'category': 'dbt', 'action': 'invocation', 'label': 'end', 'context': [<snowplow_tracker.self_describing_json.SelfDescribingJson object at 0x10561ee90>, <snowplow_tracker.self_describing_json.SelfDescribingJson object at 0x10561ee10>, <snowplow_tracker.self_describing_json.SelfDescribingJson object at 0x108bd4b10>]}
[0m13:38:56.767976 [debug] [MainThread]: Flushing usage events
[0m13:38:57.233064 [debug] [MainThread]: An error was encountered while trying to flush usage events
[0m13:39:06.483834 [debug] [MainThread]: Sending event: {'category': 'dbt', 'action': 'invocation', 'label': 'start', 'context': [<snowplow_tracker.self_describing_json.SelfDescribingJson object at 0x105277f50>, <snowplow_tracker.self_describing_json.SelfDescribingJson object at 0x105280950>, <snowplow_tracker.self_describing_json.SelfDescribingJson object at 0x105281b90>]}


============================== 13:39:06.485746 | 71648e63-e09c-4325-a48d-3bf97c71ed82 ==============================
[0m13:39:06.485746 [info ] [MainThread]: Running with dbt=1.11.11
[0m13:39:06.485984 [debug] [MainThread]: running dbt with arguments {'printer_width': '80', 'profiles_dir': '/Users/perrikwong/.dbt', 'empty': 'None', 'target_path': 'None', 'indirect_selection': 'eager', 'write_json': 'True', 'cache_selected_only': 'False', 'send_anonymous_usage_stats': 'True', 'warn_error': 'None', 'quiet': 'False', 'log_cache_events': 'False', 'static_parser': 'True', 'use_experimental_parser': 'False', 'no_print': 'None', 'invocation_command': 'dbt test --select marts.pull_requests marts.engagement marts.lifecycle', 'fail_fast': 'False', 'warn_error_options': 'WarnErrorOptionsV2(error=[], warn=[], silence=[])', 'log_path': '/Users/perrikwong/Desktop/github_pulse/logs', 'partial_parse': 'True', 'log_format': 'default', 'debug': 'False', 'use_colors': 'True', 'introspect': 'True', 'version_check': 'True'}
[0m13:39:06.919182 [debug] [MainThread]: Sending event: {'category': 'dbt', 'action': 'project_id', 'label': '71648e63-e09c-4325-a48d-3bf97c71ed82', 'context': [<snowplow_tracker.self_describing_json.SelfDescribingJson object at 0x10f59bb50>]}
[0m13:39:06.940991 [debug] [MainThread]: Sending event: {'category': 'dbt', 'action': 'adapter_info', 'label': '71648e63-e09c-4325-a48d-3bf97c71ed82', 'context': [<snowplow_tracker.self_describing_json.SelfDescribingJson object at 0x1028125d0>]}
[0m13:39:06.941253 [info ] [MainThread]: Registered adapter: bigquery=1.11.1
[0m13:39:07.008653 [debug] [MainThread]: checksum: 30a8cc8fdcbf66701b0944d4ccce3fa46dd04b61e5df68b9f16d57b2e0e3f0be, vars: {}, profile: , target: , version: 1.11.11
[0m13:39:07.087088 [debug] [MainThread]: Partial parsing enabled: 0 files deleted, 0 files added, 0 files changed.
[0m13:39:07.087260 [debug] [MainThread]: Nothing changed, skipping partial parsing.
[0m13:39:07.087371 [debug] [MainThread]: Partial parsing enabled, no changes found, skipping parsing
[0m13:39:07.089691 [warn ] [MainThread]: [[33mWARNING[0m]: Configuration paths exist in your dbt_project.yml file which do not apply to any resources.
There are 1 unused configuration paths:
- models.github_pulse.intermediate
[0m13:39:07.110397 [debug] [MainThread]: Sending event: {'category': 'dbt', 'action': 'load_project', 'label': '71648e63-e09c-4325-a48d-3bf97c71ed82', 'context': [<snowplow_tracker.self_describing_json.SelfDescribingJson object at 0x1096bf0d0>]}
[0m13:39:07.158764 [debug] [MainThread]: Wrote artifact WritableManifest to /Users/perrikwong/Desktop/github_pulse/target/manifest.json
[0m13:39:07.159763 [debug] [MainThread]: Wrote artifact SemanticManifest to /Users/perrikwong/Desktop/github_pulse/target/semantic_manifest.json
[0m13:39:07.168044 [debug] [MainThread]: Sending event: {'category': 'dbt', 'action': 'resource_counts', 'label': '71648e63-e09c-4325-a48d-3bf97c71ed82', 'context': [<snowplow_tracker.self_describing_json.SelfDescribingJson object at 0x10e429050>]}
[0m13:39:07.168252 [info ] [MainThread]: Found 10 models, 1 snapshot, 54 data tests, 1 source, 665 macros
[0m13:39:07.168382 [debug] [MainThread]: Sending event: {'category': 'dbt', 'action': 'runnable_timing', 'label': '71648e63-e09c-4325-a48d-3bf97c71ed82', 'context': [<snowplow_tracker.self_describing_json.SelfDescribingJson object at 0x10fa00e10>]}
[0m13:39:07.169683 [info ] [MainThread]: 
[0m13:39:07.169807 [info ] [MainThread]: Concurrency: 4 threads (target='dev')
[0m13:39:07.169901 [info ] [MainThread]: 
[0m13:39:07.170090 [debug] [MainThread]: Acquiring new bigquery connection 'master'
[0m13:39:07.171857 [debug] [ThreadPool]: Acquiring new bigquery connection 'list_github-pulse-jumpy_github_pulse_analytics_dev_core'
[0m13:39:07.172112 [debug] [ThreadPool]: Acquiring new bigquery connection 'list_github-pulse-jumpy_snapshots'
[0m13:39:07.172317 [debug] [ThreadPool]: Acquiring new bigquery connection 'list_github-pulse-jumpy_github_pulse_analytics_dev_marts'
[0m13:39:07.172453 [debug] [ThreadPool]: Opening a new connection, currently in state init
[0m13:39:07.172647 [debug] [ThreadPool]: Acquiring new bigquery connection 'list_github-pulse-jumpy_github_pulse_analytics_dev_staging'
[0m13:39:07.172774 [debug] [ThreadPool]: Opening a new connection, currently in state init
[0m13:39:07.172885 [debug] [ThreadPool]: Opening a new connection, currently in state init
[0m13:39:07.173091 [debug] [ThreadPool]: Opening a new connection, currently in state init
[0m13:39:07.818304 [debug] [MainThread]: Sending event: {'category': 'dbt', 'action': 'runnable_timing', 'label': '71648e63-e09c-4325-a48d-3bf97c71ed82', 'context': [<snowplow_tracker.self_describing_json.SelfDescribingJson object at 0x10fc88ad0>]}
[0m13:39:07.819271 [debug] [MainThread]: Opening a new connection, currently in state init
[0m13:39:07.898971 [debug] [Thread-1 (]: Began running node test.github_pulse.accepted_values_fct_repo_lifecycle_lifecycle_action__created__deleted.7a2adcc755
[0m13:39:07.899178 [debug] [Thread-2 (]: Began running node test.github_pulse.not_null_fct_pull_requests_event_at.065c1fb74d
[0m13:39:07.899320 [debug] [Thread-3 (]: Began running node test.github_pulse.not_null_fct_pull_requests_event_id.1964011314
[0m13:39:07.899467 [debug] [Thread-4 (]: Began running node test.github_pulse.not_null_fct_pull_requests_pr_action.af0f98cf30
[0m13:39:07.899604 [info ] [Thread-1 (]: 1 of 18 START test accepted_values_fct_repo_lifecycle_lifecycle_action__created__deleted  [RUN]
[0m13:39:07.899758 [info ] [Thread-2 (]: 2 of 18 START test not_null_fct_pull_requests_event_at ......................... [RUN]
[0m13:39:07.899885 [info ] [Thread-3 (]: 3 of 18 START test not_null_fct_pull_requests_event_id ......................... [RUN]
[0m13:39:07.900009 [info ] [Thread-4 (]: 4 of 18 START test not_null_fct_pull_requests_pr_action ........................ [RUN]
[0m13:39:07.900160 [debug] [Thread-1 (]: Re-using an available connection from the pool (formerly list_github-pulse-jumpy_github_pulse_analytics_dev_core, now test.github_pulse.accepted_values_fct_repo_lifecycle_lifecycle_action__created__deleted.7a2adcc755)
[0m13:39:07.900373 [debug] [Thread-2 (]: Re-using an available connection from the pool (formerly list_github-pulse-jumpy_snapshots, now test.github_pulse.not_null_fct_pull_requests_event_at.065c1fb74d)
[0m13:39:07.900506 [debug] [Thread-3 (]: Re-using an available connection from the pool (formerly list_github-pulse-jumpy_github_pulse_analytics_dev_marts, now test.github_pulse.not_null_fct_pull_requests_event_id.1964011314)
[0m13:39:07.900624 [debug] [Thread-4 (]: Re-using an available connection from the pool (formerly list_github-pulse-jumpy_github_pulse_analytics_dev_staging, now test.github_pulse.not_null_fct_pull_requests_pr_action.af0f98cf30)
[0m13:39:07.900747 [debug] [Thread-1 (]: Began compiling node test.github_pulse.accepted_values_fct_repo_lifecycle_lifecycle_action__created__deleted.7a2adcc755
[0m13:39:07.900857 [debug] [Thread-2 (]: Began compiling node test.github_pulse.not_null_fct_pull_requests_event_at.065c1fb74d
[0m13:39:07.900967 [debug] [Thread-3 (]: Began compiling node test.github_pulse.not_null_fct_pull_requests_event_id.1964011314
[0m13:39:07.901076 [debug] [Thread-4 (]: Began compiling node test.github_pulse.not_null_fct_pull_requests_pr_action.af0f98cf30
[0m13:39:07.908149 [debug] [Thread-1 (]: Writing injected SQL for node "test.github_pulse.accepted_values_fct_repo_lifecycle_lifecycle_action__created__deleted.7a2adcc755"
[0m13:39:07.911050 [debug] [Thread-2 (]: Writing injected SQL for node "test.github_pulse.not_null_fct_pull_requests_event_at.065c1fb74d"
[0m13:39:07.912467 [debug] [Thread-3 (]: Writing injected SQL for node "test.github_pulse.not_null_fct_pull_requests_event_id.1964011314"
[0m13:39:07.913798 [debug] [Thread-4 (]: Writing injected SQL for node "test.github_pulse.not_null_fct_pull_requests_pr_action.af0f98cf30"
[0m13:39:07.914213 [debug] [Thread-1 (]: Began executing node test.github_pulse.accepted_values_fct_repo_lifecycle_lifecycle_action__created__deleted.7a2adcc755
[0m13:39:07.914360 [debug] [Thread-2 (]: Began executing node test.github_pulse.not_null_fct_pull_requests_event_at.065c1fb74d
[0m13:39:07.914476 [debug] [Thread-3 (]: Began executing node test.github_pulse.not_null_fct_pull_requests_event_id.1964011314
[0m13:39:07.920352 [debug] [Thread-4 (]: Began executing node test.github_pulse.not_null_fct_pull_requests_pr_action.af0f98cf30
[0m13:39:07.922733 [debug] [Thread-1 (]: Writing runtime sql for node "test.github_pulse.accepted_values_fct_repo_lifecycle_lifecycle_action__created__deleted.7a2adcc755"
[0m13:39:07.923661 [debug] [Thread-2 (]: Writing runtime sql for node "test.github_pulse.not_null_fct_pull_requests_event_at.065c1fb74d"
[0m13:39:07.963156 [debug] [Thread-3 (]: Writing runtime sql for node "test.github_pulse.not_null_fct_pull_requests_event_id.1964011314"
[0m13:39:07.964191 [debug] [Thread-4 (]: Writing runtime sql for node "test.github_pulse.not_null_fct_pull_requests_pr_action.af0f98cf30"
[0m13:39:07.964609 [debug] [Thread-1 (]: On test.github_pulse.accepted_values_fct_repo_lifecycle_lifecycle_action__created__deleted.7a2adcc755: /* {"app": "dbt", "dbt_version": "1.11.11", "profile_name": "github_pulse", "target_name": "dev", "node_id": "test.github_pulse.accepted_values_fct_repo_lifecycle_lifecycle_action__created__deleted.7a2adcc755"} */

    
    select
      count(*) as failures,
      count(*) != 0 as should_warn,
      count(*) != 0 as should_error
    from (
      
    
  
    
    

with all_values as (

    select
        lifecycle_action as value_field,
        count(*) as n_records

    from `github-pulse-jumpy`.`github_pulse_analytics_dev_marts`.`fct_repo_lifecycle`
    group by lifecycle_action

)

select *
from all_values
where value_field not in (
    'created','deleted'
)



  
  
      
    ) dbt_internal_test
[0m13:39:07.964812 [debug] [Thread-2 (]: On test.github_pulse.not_null_fct_pull_requests_event_at.065c1fb74d: /* {"app": "dbt", "dbt_version": "1.11.11", "profile_name": "github_pulse", "target_name": "dev", "node_id": "test.github_pulse.not_null_fct_pull_requests_event_at.065c1fb74d"} */

    
    select
      count(*) as failures,
      count(*) != 0 as should_warn,
      count(*) != 0 as should_error
    from (
      
    
  
    
    



select event_at
from `github-pulse-jumpy`.`github_pulse_analytics_dev_marts`.`fct_pull_requests`
where event_at is null



  
  
      
    ) dbt_internal_test
[0m13:39:07.964996 [debug] [Thread-1 (]: Opening a new connection, currently in state closed
[0m13:39:07.965184 [debug] [Thread-2 (]: Opening a new connection, currently in state closed
[0m13:39:07.965341 [debug] [Thread-3 (]: On test.github_pulse.not_null_fct_pull_requests_event_id.1964011314: /* {"app": "dbt", "dbt_version": "1.11.11", "profile_name": "github_pulse", "target_name": "dev", "node_id": "test.github_pulse.not_null_fct_pull_requests_event_id.1964011314"} */

    
    select
      count(*) as failures,
      count(*) != 0 as should_warn,
      count(*) != 0 as should_error
    from (
      
    
  
    
    



select event_id
from `github-pulse-jumpy`.`github_pulse_analytics_dev_marts`.`fct_pull_requests`
where event_id is null



  
  
      
    ) dbt_internal_test
[0m13:39:07.965536 [debug] [Thread-4 (]: On test.github_pulse.not_null_fct_pull_requests_pr_action.af0f98cf30: /* {"app": "dbt", "dbt_version": "1.11.11", "profile_name": "github_pulse", "target_name": "dev", "node_id": "test.github_pulse.not_null_fct_pull_requests_pr_action.af0f98cf30"} */

    
    select
      count(*) as failures,
      count(*) != 0 as should_warn,
      count(*) != 0 as should_error
    from (
      
    
  
    
    



select pr_action
from `github-pulse-jumpy`.`github_pulse_analytics_dev_marts`.`fct_pull_requests`
where pr_action is null



  
  
      
    ) dbt_internal_test
[0m13:39:08.016044 [debug] [Thread-3 (]: Opening a new connection, currently in state closed
[0m13:39:08.016213 [debug] [Thread-4 (]: Opening a new connection, currently in state closed
[0m13:39:08.852563 [debug] [Thread-2 (]: BigQuery adapter: https://console.cloud.google.com/bigquery?project=github-pulse-jumpy&j=bq:US:40b754c1-5df0-4612-b209-ab9fdf1e2c3e&page=queryresults
[0m13:39:08.878529 [debug] [Thread-3 (]: BigQuery adapter: https://console.cloud.google.com/bigquery?project=github-pulse-jumpy&j=bq:US:de7e9df8-c4c6-4150-901f-9745ce5e8655&page=queryresults
[0m13:39:08.886291 [debug] [Thread-1 (]: BigQuery adapter: https://console.cloud.google.com/bigquery?project=github-pulse-jumpy&j=bq:US:46487e2c-73a3-43b9-85d2-f620a4b8d19f&page=queryresults
[0m13:39:08.947127 [debug] [Thread-4 (]: BigQuery adapter: https://console.cloud.google.com/bigquery?project=github-pulse-jumpy&j=bq:US:eabfcc12-8df7-4958-95d1-cc04055433ba&page=queryresults
[0m13:39:09.044171 [debug] [Thread-2 (]: SQL status: OK in 0.190 seconds
[0m13:39:09.089016 [debug] [Thread-1 (]: SQL status: OK in 0.202 seconds
[0m13:39:09.097164 [debug] [Thread-3 (]: SQL status: OK in 0.218 seconds
[0m13:39:09.160899 [debug] [Thread-4 (]: SQL status: OK in 0.212 seconds
[0m13:39:09.443495 [info ] [Thread-1 (]: 1 of 18 PASS accepted_values_fct_repo_lifecycle_lifecycle_action__created__deleted  [[32mPASS[0m in 1.54s]
[0m13:39:09.444143 [debug] [Thread-1 (]: Finished running node test.github_pulse.accepted_values_fct_repo_lifecycle_lifecycle_action__created__deleted.7a2adcc755
[0m13:39:09.444538 [debug] [Thread-1 (]: Began running node test.github_pulse.not_null_fct_pull_requests_pr_event_sk.e294183460
[0m13:39:09.444989 [info ] [Thread-1 (]: 5 of 18 START test not_null_fct_pull_requests_pr_event_sk ...................... [RUN]
[0m13:39:09.445489 [debug] [Thread-1 (]: Re-using an available connection from the pool (formerly test.github_pulse.accepted_values_fct_repo_lifecycle_lifecycle_action__created__deleted.7a2adcc755, now test.github_pulse.not_null_fct_pull_requests_pr_event_sk.e294183460)
[0m13:39:09.445855 [debug] [Thread-1 (]: Began compiling node test.github_pulse.not_null_fct_pull_requests_pr_event_sk.e294183460
[0m13:39:09.450332 [debug] [Thread-1 (]: Writing injected SQL for node "test.github_pulse.not_null_fct_pull_requests_pr_event_sk.e294183460"
[0m13:39:09.451034 [debug] [Thread-1 (]: Began executing node test.github_pulse.not_null_fct_pull_requests_pr_event_sk.e294183460
[0m13:39:09.453093 [debug] [Thread-1 (]: Writing runtime sql for node "test.github_pulse.not_null_fct_pull_requests_pr_event_sk.e294183460"
[0m13:39:09.453616 [debug] [Thread-1 (]: On test.github_pulse.not_null_fct_pull_requests_pr_event_sk.e294183460: /* {"app": "dbt", "dbt_version": "1.11.11", "profile_name": "github_pulse", "target_name": "dev", "node_id": "test.github_pulse.not_null_fct_pull_requests_pr_event_sk.e294183460"} */

    
    select
      count(*) as failures,
      count(*) != 0 as should_warn,
      count(*) != 0 as should_error
    from (
      
    
  
    
    



select pr_event_sk
from `github-pulse-jumpy`.`github_pulse_analytics_dev_marts`.`fct_pull_requests`
where pr_event_sk is null



  
  
      
    ) dbt_internal_test
[0m13:39:09.453929 [debug] [Thread-1 (]: Opening a new connection, currently in state closed
[0m13:39:09.520528 [info ] [Thread-2 (]: 2 of 18 PASS not_null_fct_pull_requests_event_at ............................... [[32mPASS[0m in 1.62s]
[0m13:39:09.520765 [debug] [Thread-2 (]: Finished running node test.github_pulse.not_null_fct_pull_requests_event_at.065c1fb74d
[0m13:39:09.520908 [debug] [Thread-2 (]: Began running node test.github_pulse.not_null_fct_repo_engagement_engagement_sk.172aa38104
[0m13:39:09.521081 [info ] [Thread-2 (]: 6 of 18 START test not_null_fct_repo_engagement_engagement_sk .................. [RUN]
[0m13:39:09.521260 [debug] [Thread-2 (]: Re-using an available connection from the pool (formerly test.github_pulse.not_null_fct_pull_requests_event_at.065c1fb74d, now test.github_pulse.not_null_fct_repo_engagement_engagement_sk.172aa38104)
[0m13:39:09.521589 [debug] [Thread-2 (]: Began compiling node test.github_pulse.not_null_fct_repo_engagement_engagement_sk.172aa38104
[0m13:39:09.523280 [debug] [Thread-2 (]: Writing injected SQL for node "test.github_pulse.not_null_fct_repo_engagement_engagement_sk.172aa38104"
[0m13:39:09.523735 [debug] [Thread-2 (]: Began executing node test.github_pulse.not_null_fct_repo_engagement_engagement_sk.172aa38104
[0m13:39:09.525271 [debug] [Thread-2 (]: Writing runtime sql for node "test.github_pulse.not_null_fct_repo_engagement_engagement_sk.172aa38104"
[0m13:39:09.525595 [debug] [Thread-2 (]: On test.github_pulse.not_null_fct_repo_engagement_engagement_sk.172aa38104: /* {"app": "dbt", "dbt_version": "1.11.11", "profile_name": "github_pulse", "target_name": "dev", "node_id": "test.github_pulse.not_null_fct_repo_engagement_engagement_sk.172aa38104"} */

    
    select
      count(*) as failures,
      count(*) != 0 as should_warn,
      count(*) != 0 as should_error
    from (
      
    
  
    
    



select engagement_sk
from `github-pulse-jumpy`.`github_pulse_analytics_dev_marts`.`fct_repo_engagement`
where engagement_sk is null



  
  
      
    ) dbt_internal_test
[0m13:39:09.525747 [debug] [Thread-2 (]: Opening a new connection, currently in state closed
[0m13:39:09.576618 [info ] [Thread-3 (]: 3 of 18 PASS not_null_fct_pull_requests_event_id ............................... [[32mPASS[0m in 1.68s]
[0m13:39:09.576841 [debug] [Thread-3 (]: Finished running node test.github_pulse.not_null_fct_pull_requests_event_id.1964011314
[0m13:39:09.576985 [debug] [Thread-3 (]: Began running node test.github_pulse.not_null_fct_repo_engagement_event_at.7abf87d5b2
[0m13:39:09.577426 [info ] [Thread-3 (]: 7 of 18 START test not_null_fct_repo_engagement_event_at ....................... [RUN]
[0m13:39:09.577934 [info ] [Thread-4 (]: 4 of 18 PASS not_null_fct_pull_requests_pr_action .............................. [[32mPASS[0m in 1.68s]
[0m13:39:09.578214 [debug] [Thread-3 (]: Re-using an available connection from the pool (formerly test.github_pulse.not_null_fct_pull_requests_event_id.1964011314, now test.github_pulse.not_null_fct_repo_engagement_event_at.7abf87d5b2)
[0m13:39:09.578482 [debug] [Thread-4 (]: Finished running node test.github_pulse.not_null_fct_pull_requests_pr_action.af0f98cf30
[0m13:39:09.578687 [debug] [Thread-3 (]: Began compiling node test.github_pulse.not_null_fct_repo_engagement_event_at.7abf87d5b2
[0m13:39:09.578879 [debug] [Thread-4 (]: Began running node test.github_pulse.not_null_fct_repo_engagement_event_id.2b7e450940
[0m13:39:09.580454 [debug] [Thread-3 (]: Writing injected SQL for node "test.github_pulse.not_null_fct_repo_engagement_event_at.7abf87d5b2"
[0m13:39:09.580630 [info ] [Thread-4 (]: 8 of 18 START test not_null_fct_repo_engagement_event_id ....................... [RUN]
[0m13:39:09.580840 [debug] [Thread-4 (]: Re-using an available connection from the pool (formerly test.github_pulse.not_null_fct_pull_requests_pr_action.af0f98cf30, now test.github_pulse.not_null_fct_repo_engagement_event_id.2b7e450940)
[0m13:39:09.580988 [debug] [Thread-4 (]: Began compiling node test.github_pulse.not_null_fct_repo_engagement_event_id.2b7e450940
[0m13:39:09.582501 [debug] [Thread-4 (]: Writing injected SQL for node "test.github_pulse.not_null_fct_repo_engagement_event_id.2b7e450940"
[0m13:39:09.582742 [debug] [Thread-3 (]: Began executing node test.github_pulse.not_null_fct_repo_engagement_event_at.7abf87d5b2
[0m13:39:09.582868 [debug] [Thread-4 (]: Began executing node test.github_pulse.not_null_fct_repo_engagement_event_id.2b7e450940
[0m13:39:09.583808 [debug] [Thread-3 (]: Writing runtime sql for node "test.github_pulse.not_null_fct_repo_engagement_event_at.7abf87d5b2"
[0m13:39:09.584677 [debug] [Thread-4 (]: Writing runtime sql for node "test.github_pulse.not_null_fct_repo_engagement_event_id.2b7e450940"
[0m13:39:09.584944 [debug] [Thread-3 (]: On test.github_pulse.not_null_fct_repo_engagement_event_at.7abf87d5b2: /* {"app": "dbt", "dbt_version": "1.11.11", "profile_name": "github_pulse", "target_name": "dev", "node_id": "test.github_pulse.not_null_fct_repo_engagement_event_at.7abf87d5b2"} */

    
    select
      count(*) as failures,
      count(*) != 0 as should_warn,
      count(*) != 0 as should_error
    from (
      
    
  
    
    



select event_at
from `github-pulse-jumpy`.`github_pulse_analytics_dev_marts`.`fct_repo_engagement`
where event_at is null



  
  
      
    ) dbt_internal_test
[0m13:39:09.585096 [debug] [Thread-3 (]: Opening a new connection, currently in state closed
[0m13:39:09.585245 [debug] [Thread-4 (]: On test.github_pulse.not_null_fct_repo_engagement_event_id.2b7e450940: /* {"app": "dbt", "dbt_version": "1.11.11", "profile_name": "github_pulse", "target_name": "dev", "node_id": "test.github_pulse.not_null_fct_repo_engagement_event_id.2b7e450940"} */

    
    select
      count(*) as failures,
      count(*) != 0 as should_warn,
      count(*) != 0 as should_error
    from (
      
    
  
    
    



select event_id
from `github-pulse-jumpy`.`github_pulse_analytics_dev_marts`.`fct_repo_engagement`
where event_id is null



  
  
      
    ) dbt_internal_test
[0m13:39:09.585389 [debug] [Thread-4 (]: Opening a new connection, currently in state closed
[0m13:39:10.324290 [debug] [Thread-2 (]: BigQuery adapter: https://console.cloud.google.com/bigquery?project=github-pulse-jumpy&j=bq:US:0c59186f-dba0-4e52-9973-aa04ad757ab9&page=queryresults
[0m13:39:10.325561 [debug] [Thread-1 (]: BigQuery adapter: https://console.cloud.google.com/bigquery?project=github-pulse-jumpy&j=bq:US:6207ed06-294d-40a2-ad7c-25787bc3e591&page=queryresults
[0m13:39:10.326892 [debug] [Thread-4 (]: BigQuery adapter: https://console.cloud.google.com/bigquery?project=github-pulse-jumpy&j=bq:US:5ebd3f67-d391-4242-bda6-d88fb4cd59e8&page=queryresults
[0m13:39:10.399979 [debug] [Thread-3 (]: BigQuery adapter: https://console.cloud.google.com/bigquery?project=github-pulse-jumpy&j=bq:US:5619e1ed-938c-4b00-9b0d-5fd3d47c838c&page=queryresults
[0m13:39:10.514411 [debug] [Thread-2 (]: SQL status: OK in 0.187 seconds
[0m13:39:10.515348 [debug] [Thread-1 (]: SQL status: OK in 0.187 seconds
[0m13:39:10.632992 [debug] [Thread-3 (]: SQL status: OK in 0.232 seconds
[0m13:39:10.633840 [debug] [Thread-4 (]: SQL status: OK in 0.304 seconds
[0m13:39:10.919507 [info ] [Thread-1 (]: 5 of 18 PASS not_null_fct_pull_requests_pr_event_sk ............................ [[32mPASS[0m in 1.47s]
[0m13:39:10.920584 [debug] [Thread-1 (]: Finished running node test.github_pulse.not_null_fct_pull_requests_pr_event_sk.e294183460
[0m13:39:10.921164 [debug] [Thread-1 (]: Began running node test.github_pulse.not_null_fct_repo_lifecycle_event_at.7cd818e0f9
[0m13:39:10.921787 [info ] [Thread-1 (]: 9 of 18 START test not_null_fct_repo_lifecycle_event_at ........................ [RUN]
[0m13:39:10.922407 [debug] [Thread-1 (]: Re-using an available connection from the pool (formerly test.github_pulse.not_null_fct_pull_requests_pr_event_sk.e294183460, now test.github_pulse.not_null_fct_repo_lifecycle_event_at.7cd818e0f9)
[0m13:39:10.922872 [debug] [Thread-1 (]: Began compiling node test.github_pulse.not_null_fct_repo_lifecycle_event_at.7cd818e0f9
[0m13:39:10.929133 [debug] [Thread-1 (]: Writing injected SQL for node "test.github_pulse.not_null_fct_repo_lifecycle_event_at.7cd818e0f9"
[0m13:39:10.933049 [info ] [Thread-2 (]: 6 of 18 PASS not_null_fct_repo_engagement_engagement_sk ........................ [[32mPASS[0m in 1.41s]
[0m13:39:10.933715 [debug] [Thread-2 (]: Finished running node test.github_pulse.not_null_fct_repo_engagement_engagement_sk.172aa38104
[0m13:39:10.934058 [debug] [Thread-1 (]: Began executing node test.github_pulse.not_null_fct_repo_lifecycle_event_at.7cd818e0f9
[0m13:39:10.934463 [debug] [Thread-2 (]: Began running node test.github_pulse.not_null_fct_repo_lifecycle_event_id.7885dfbd0e
[0m13:39:10.937236 [debug] [Thread-1 (]: Writing runtime sql for node "test.github_pulse.not_null_fct_repo_lifecycle_event_at.7cd818e0f9"
[0m13:39:10.937565 [info ] [Thread-2 (]: 10 of 18 START test not_null_fct_repo_lifecycle_event_id ....................... [RUN]
[0m13:39:10.938005 [debug] [Thread-2 (]: Re-using an available connection from the pool (formerly test.github_pulse.not_null_fct_repo_engagement_engagement_sk.172aa38104, now test.github_pulse.not_null_fct_repo_lifecycle_event_id.7885dfbd0e)
[0m13:39:10.938326 [debug] [Thread-2 (]: Began compiling node test.github_pulse.not_null_fct_repo_lifecycle_event_id.7885dfbd0e
[0m13:39:10.943190 [debug] [Thread-2 (]: Writing injected SQL for node "test.github_pulse.not_null_fct_repo_lifecycle_event_id.7885dfbd0e"
[0m13:39:10.943490 [debug] [Thread-1 (]: On test.github_pulse.not_null_fct_repo_lifecycle_event_at.7cd818e0f9: /* {"app": "dbt", "dbt_version": "1.11.11", "profile_name": "github_pulse", "target_name": "dev", "node_id": "test.github_pulse.not_null_fct_repo_lifecycle_event_at.7cd818e0f9"} */

    
    select
      count(*) as failures,
      count(*) != 0 as should_warn,
      count(*) != 0 as should_error
    from (
      
    
  
    
    



select event_at
from `github-pulse-jumpy`.`github_pulse_analytics_dev_marts`.`fct_repo_lifecycle`
where event_at is null



  
  
      
    ) dbt_internal_test
[0m13:39:10.943903 [debug] [Thread-1 (]: Opening a new connection, currently in state closed
[0m13:39:11.008987 [debug] [Thread-2 (]: Began executing node test.github_pulse.not_null_fct_repo_lifecycle_event_id.7885dfbd0e
[0m13:39:11.010181 [debug] [Thread-2 (]: Writing runtime sql for node "test.github_pulse.not_null_fct_repo_lifecycle_event_id.7885dfbd0e"
[0m13:39:11.010432 [debug] [Thread-2 (]: On test.github_pulse.not_null_fct_repo_lifecycle_event_id.7885dfbd0e: /* {"app": "dbt", "dbt_version": "1.11.11", "profile_name": "github_pulse", "target_name": "dev", "node_id": "test.github_pulse.not_null_fct_repo_lifecycle_event_id.7885dfbd0e"} */

    
    select
      count(*) as failures,
      count(*) != 0 as should_warn,
      count(*) != 0 as should_error
    from (
      
    
  
    
    



select event_id
from `github-pulse-jumpy`.`github_pulse_analytics_dev_marts`.`fct_repo_lifecycle`
where event_id is null



  
  
      
    ) dbt_internal_test
[0m13:39:11.010575 [debug] [Thread-2 (]: Opening a new connection, currently in state closed
[0m13:39:11.061710 [info ] [Thread-4 (]: 8 of 18 PASS not_null_fct_repo_engagement_event_id ............................. [[32mPASS[0m in 1.48s]
[0m13:39:11.062746 [info ] [Thread-3 (]: 7 of 18 PASS not_null_fct_repo_engagement_event_at ............................. [[32mPASS[0m in 1.48s]
[0m13:39:11.062926 [debug] [Thread-4 (]: Finished running node test.github_pulse.not_null_fct_repo_engagement_event_id.2b7e450940
[0m13:39:11.063315 [debug] [Thread-3 (]: Finished running node test.github_pulse.not_null_fct_repo_engagement_event_at.7abf87d5b2
[0m13:39:11.063456 [debug] [Thread-4 (]: Began running node test.github_pulse.not_null_fct_repo_lifecycle_lifecycle_action.4f422707da
[0m13:39:11.063616 [debug] [Thread-3 (]: Began running node test.github_pulse.not_null_fct_repo_lifecycle_lifecycle_sk.dbcd1592a8
[0m13:39:11.063767 [info ] [Thread-4 (]: 11 of 18 START test not_null_fct_repo_lifecycle_lifecycle_action ............... [RUN]
[0m13:39:11.063904 [info ] [Thread-3 (]: 12 of 18 START test not_null_fct_repo_lifecycle_lifecycle_sk ................... [RUN]
[0m13:39:11.064047 [debug] [Thread-4 (]: Re-using an available connection from the pool (formerly test.github_pulse.not_null_fct_repo_engagement_event_id.2b7e450940, now test.github_pulse.not_null_fct_repo_lifecycle_lifecycle_action.4f422707da)
[0m13:39:11.064165 [debug] [Thread-3 (]: Re-using an available connection from the pool (formerly test.github_pulse.not_null_fct_repo_engagement_event_at.7abf87d5b2, now test.github_pulse.not_null_fct_repo_lifecycle_lifecycle_sk.dbcd1592a8)
[0m13:39:11.064275 [debug] [Thread-4 (]: Began compiling node test.github_pulse.not_null_fct_repo_lifecycle_lifecycle_action.4f422707da
[0m13:39:11.064407 [debug] [Thread-3 (]: Began compiling node test.github_pulse.not_null_fct_repo_lifecycle_lifecycle_sk.dbcd1592a8
[0m13:39:11.066095 [debug] [Thread-4 (]: Writing injected SQL for node "test.github_pulse.not_null_fct_repo_lifecycle_lifecycle_action.4f422707da"
[0m13:39:11.067499 [debug] [Thread-3 (]: Writing injected SQL for node "test.github_pulse.not_null_fct_repo_lifecycle_lifecycle_sk.dbcd1592a8"
[0m13:39:11.067772 [debug] [Thread-4 (]: Began executing node test.github_pulse.not_null_fct_repo_lifecycle_lifecycle_action.4f422707da
[0m13:39:11.067884 [debug] [Thread-3 (]: Began executing node test.github_pulse.not_null_fct_repo_lifecycle_lifecycle_sk.dbcd1592a8
[0m13:39:11.068759 [debug] [Thread-4 (]: Writing runtime sql for node "test.github_pulse.not_null_fct_repo_lifecycle_lifecycle_action.4f422707da"
[0m13:39:11.069640 [debug] [Thread-3 (]: Writing runtime sql for node "test.github_pulse.not_null_fct_repo_lifecycle_lifecycle_sk.dbcd1592a8"
[0m13:39:11.069882 [debug] [Thread-4 (]: On test.github_pulse.not_null_fct_repo_lifecycle_lifecycle_action.4f422707da: /* {"app": "dbt", "dbt_version": "1.11.11", "profile_name": "github_pulse", "target_name": "dev", "node_id": "test.github_pulse.not_null_fct_repo_lifecycle_lifecycle_action.4f422707da"} */

    
    select
      count(*) as failures,
      count(*) != 0 as should_warn,
      count(*) != 0 as should_error
    from (
      
    
  
    
    



select lifecycle_action
from `github-pulse-jumpy`.`github_pulse_analytics_dev_marts`.`fct_repo_lifecycle`
where lifecycle_action is null



  
  
      
    ) dbt_internal_test
[0m13:39:11.070030 [debug] [Thread-3 (]: On test.github_pulse.not_null_fct_repo_lifecycle_lifecycle_sk.dbcd1592a8: /* {"app": "dbt", "dbt_version": "1.11.11", "profile_name": "github_pulse", "target_name": "dev", "node_id": "test.github_pulse.not_null_fct_repo_lifecycle_lifecycle_sk.dbcd1592a8"} */

    
    select
      count(*) as failures,
      count(*) != 0 as should_warn,
      count(*) != 0 as should_error
    from (
      
    
  
    
    



select lifecycle_sk
from `github-pulse-jumpy`.`github_pulse_analytics_dev_marts`.`fct_repo_lifecycle`
where lifecycle_sk is null



  
  
      
    ) dbt_internal_test
[0m13:39:11.070185 [debug] [Thread-4 (]: Opening a new connection, currently in state closed
[0m13:39:11.070317 [debug] [Thread-3 (]: Opening a new connection, currently in state closed
[0m13:39:11.812314 [debug] [Thread-2 (]: BigQuery adapter: https://console.cloud.google.com/bigquery?project=github-pulse-jumpy&j=bq:US:5a537b3d-1f7c-4cbc-958b-6449b0648321&page=queryresults
[0m13:39:11.855470 [debug] [Thread-1 (]: BigQuery adapter: https://console.cloud.google.com/bigquery?project=github-pulse-jumpy&j=bq:US:694b7d2a-c184-4d77-afef-c5da18650c31&page=queryresults
[0m13:39:11.864882 [debug] [Thread-4 (]: BigQuery adapter: https://console.cloud.google.com/bigquery?project=github-pulse-jumpy&j=bq:US:f4c923fe-032e-4dba-90e7-b2a45fbce59c&page=queryresults
[0m13:39:11.904919 [debug] [Thread-3 (]: BigQuery adapter: https://console.cloud.google.com/bigquery?project=github-pulse-jumpy&j=bq:US:17770dc7-3808-4fac-8421-b28515ec6e0f&page=queryresults
[0m13:39:11.992243 [debug] [Thread-2 (]: SQL status: OK in 0.179 seconds
[0m13:39:12.076150 [debug] [Thread-1 (]: SQL status: OK in 0.219 seconds
[0m13:39:12.130280 [debug] [Thread-3 (]: SQL status: OK in 0.224 seconds
[0m13:39:12.309105 [debug] [Thread-4 (]: SQL status: OK in 0.443 seconds
[0m13:39:12.440943 [info ] [Thread-2 (]: 10 of 18 PASS not_null_fct_repo_lifecycle_event_id ............................. [[32mPASS[0m in 1.50s]
[0m13:39:12.442118 [debug] [Thread-2 (]: Finished running node test.github_pulse.not_null_fct_repo_lifecycle_event_id.7885dfbd0e
[0m13:39:12.442731 [debug] [Thread-2 (]: Began running node test.github_pulse.unique_fct_pull_requests_event_id.ccd2c98422
[0m13:39:12.443385 [info ] [Thread-2 (]: 13 of 18 START test unique_fct_pull_requests_event_id .......................... [RUN]
[0m13:39:12.444030 [debug] [Thread-2 (]: Re-using an available connection from the pool (formerly test.github_pulse.not_null_fct_repo_lifecycle_event_id.7885dfbd0e, now test.github_pulse.unique_fct_pull_requests_event_id.ccd2c98422)
[0m13:39:12.444501 [debug] [Thread-2 (]: Began compiling node test.github_pulse.unique_fct_pull_requests_event_id.ccd2c98422
[0m13:39:12.454675 [debug] [Thread-2 (]: Writing injected SQL for node "test.github_pulse.unique_fct_pull_requests_event_id.ccd2c98422"
[0m13:39:12.455549 [debug] [Thread-2 (]: Began executing node test.github_pulse.unique_fct_pull_requests_event_id.ccd2c98422
[0m13:39:12.458249 [debug] [Thread-2 (]: Writing runtime sql for node "test.github_pulse.unique_fct_pull_requests_event_id.ccd2c98422"
[0m13:39:12.458849 [debug] [Thread-2 (]: On test.github_pulse.unique_fct_pull_requests_event_id.ccd2c98422: /* {"app": "dbt", "dbt_version": "1.11.11", "profile_name": "github_pulse", "target_name": "dev", "node_id": "test.github_pulse.unique_fct_pull_requests_event_id.ccd2c98422"} */

    
    select
      count(*) as failures,
      count(*) != 0 as should_warn,
      count(*) != 0 as should_error
    from (
      
    
  
    
    

with dbt_test__target as (

  select event_id as unique_field
  from `github-pulse-jumpy`.`github_pulse_analytics_dev_marts`.`fct_pull_requests`
  where event_id is not null

)

select
    unique_field,
    count(*) as n_records

from dbt_test__target
group by unique_field
having count(*) > 1



  
  
      
    ) dbt_internal_test
[0m13:39:12.459213 [debug] [Thread-2 (]: Opening a new connection, currently in state closed
[0m13:39:12.730307 [info ] [Thread-1 (]: 9 of 18 PASS not_null_fct_repo_lifecycle_event_at .............................. [[32mPASS[0m in 1.81s]
[0m13:39:12.731254 [debug] [Thread-1 (]: Finished running node test.github_pulse.not_null_fct_repo_lifecycle_event_at.7cd818e0f9
[0m13:39:12.731741 [debug] [Thread-1 (]: Began running node test.github_pulse.unique_fct_pull_requests_pr_event_sk.7c40bd2b8c
[0m13:39:12.732244 [info ] [Thread-1 (]: 14 of 18 START test unique_fct_pull_requests_pr_event_sk ....................... [RUN]
[0m13:39:12.732751 [debug] [Thread-1 (]: Re-using an available connection from the pool (formerly test.github_pulse.not_null_fct_repo_lifecycle_event_at.7cd818e0f9, now test.github_pulse.unique_fct_pull_requests_pr_event_sk.7c40bd2b8c)
[0m13:39:12.733134 [debug] [Thread-1 (]: Began compiling node test.github_pulse.unique_fct_pull_requests_pr_event_sk.7c40bd2b8c
[0m13:39:12.741488 [debug] [Thread-1 (]: Writing injected SQL for node "test.github_pulse.unique_fct_pull_requests_pr_event_sk.7c40bd2b8c"
[0m13:39:12.742204 [debug] [Thread-1 (]: Began executing node test.github_pulse.unique_fct_pull_requests_pr_event_sk.7c40bd2b8c
[0m13:39:12.744691 [debug] [Thread-1 (]: Writing runtime sql for node "test.github_pulse.unique_fct_pull_requests_pr_event_sk.7c40bd2b8c"
[0m13:39:12.747139 [info ] [Thread-4 (]: 11 of 18 PASS not_null_fct_repo_lifecycle_lifecycle_action ..................... [[32mPASS[0m in 1.68s]
[0m13:39:12.747541 [debug] [Thread-1 (]: On test.github_pulse.unique_fct_pull_requests_pr_event_sk.7c40bd2b8c: /* {"app": "dbt", "dbt_version": "1.11.11", "profile_name": "github_pulse", "target_name": "dev", "node_id": "test.github_pulse.unique_fct_pull_requests_pr_event_sk.7c40bd2b8c"} */

    
    select
      count(*) as failures,
      count(*) != 0 as should_warn,
      count(*) != 0 as should_error
    from (
      
    
  
    
    

with dbt_test__target as (

  select pr_event_sk as unique_field
  from `github-pulse-jumpy`.`github_pulse_analytics_dev_marts`.`fct_pull_requests`
  where pr_event_sk is not null

)

select
    unique_field,
    count(*) as n_records

from dbt_test__target
group by unique_field
having count(*) > 1



  
  
      
    ) dbt_internal_test
[0m13:39:12.747926 [debug] [Thread-4 (]: Finished running node test.github_pulse.not_null_fct_repo_lifecycle_lifecycle_action.4f422707da
[0m13:39:12.748228 [debug] [Thread-1 (]: Opening a new connection, currently in state closed
[0m13:39:12.748500 [debug] [Thread-4 (]: Began running node test.github_pulse.unique_fct_repo_engagement_engagement_sk.6da8627b9b
[0m13:39:12.748876 [info ] [Thread-4 (]: 15 of 18 START test unique_fct_repo_engagement_engagement_sk ................... [RUN]
[0m13:39:12.749167 [debug] [Thread-4 (]: Re-using an available connection from the pool (formerly test.github_pulse.not_null_fct_repo_lifecycle_lifecycle_action.4f422707da, now test.github_pulse.unique_fct_repo_engagement_engagement_sk.6da8627b9b)
[0m13:39:12.814992 [debug] [Thread-4 (]: Began compiling node test.github_pulse.unique_fct_repo_engagement_engagement_sk.6da8627b9b
[0m13:39:12.815506 [info ] [Thread-3 (]: 12 of 18 PASS not_null_fct_repo_lifecycle_lifecycle_sk ......................... [[32mPASS[0m in 1.75s]
[0m13:39:12.817263 [debug] [Thread-4 (]: Writing injected SQL for node "test.github_pulse.unique_fct_repo_engagement_engagement_sk.6da8627b9b"
[0m13:39:12.817663 [debug] [Thread-3 (]: Finished running node test.github_pulse.not_null_fct_repo_lifecycle_lifecycle_sk.dbcd1592a8
[0m13:39:12.818003 [debug] [Thread-3 (]: Began running node test.github_pulse.unique_fct_repo_engagement_event_id.bfb43b4093
[0m13:39:12.818222 [info ] [Thread-3 (]: 16 of 18 START test unique_fct_repo_engagement_event_id ........................ [RUN]
[0m13:39:12.818369 [debug] [Thread-3 (]: Re-using an available connection from the pool (formerly test.github_pulse.not_null_fct_repo_lifecycle_lifecycle_sk.dbcd1592a8, now test.github_pulse.unique_fct_repo_engagement_event_id.bfb43b4093)
[0m13:39:12.818492 [debug] [Thread-3 (]: Began compiling node test.github_pulse.unique_fct_repo_engagement_event_id.bfb43b4093
[0m13:39:12.819994 [debug] [Thread-3 (]: Writing injected SQL for node "test.github_pulse.unique_fct_repo_engagement_event_id.bfb43b4093"
[0m13:39:12.820179 [debug] [Thread-4 (]: Began executing node test.github_pulse.unique_fct_repo_engagement_engagement_sk.6da8627b9b
[0m13:39:12.821195 [debug] [Thread-4 (]: Writing runtime sql for node "test.github_pulse.unique_fct_repo_engagement_engagement_sk.6da8627b9b"
[0m13:39:12.821411 [debug] [Thread-3 (]: Began executing node test.github_pulse.unique_fct_repo_engagement_event_id.bfb43b4093
[0m13:39:12.822382 [debug] [Thread-3 (]: Writing runtime sql for node "test.github_pulse.unique_fct_repo_engagement_event_id.bfb43b4093"
[0m13:39:12.822598 [debug] [Thread-4 (]: On test.github_pulse.unique_fct_repo_engagement_engagement_sk.6da8627b9b: /* {"app": "dbt", "dbt_version": "1.11.11", "profile_name": "github_pulse", "target_name": "dev", "node_id": "test.github_pulse.unique_fct_repo_engagement_engagement_sk.6da8627b9b"} */

    
    select
      count(*) as failures,
      count(*) != 0 as should_warn,
      count(*) != 0 as should_error
    from (
      
    
  
    
    

with dbt_test__target as (

  select engagement_sk as unique_field
  from `github-pulse-jumpy`.`github_pulse_analytics_dev_marts`.`fct_repo_engagement`
  where engagement_sk is not null

)

select
    unique_field,
    count(*) as n_records

from dbt_test__target
group by unique_field
having count(*) > 1



  
  
      
    ) dbt_internal_test
[0m13:39:12.822782 [debug] [Thread-4 (]: Opening a new connection, currently in state closed
[0m13:39:12.822960 [debug] [Thread-3 (]: On test.github_pulse.unique_fct_repo_engagement_event_id.bfb43b4093: /* {"app": "dbt", "dbt_version": "1.11.11", "profile_name": "github_pulse", "target_name": "dev", "node_id": "test.github_pulse.unique_fct_repo_engagement_event_id.bfb43b4093"} */

    
    select
      count(*) as failures,
      count(*) != 0 as should_warn,
      count(*) != 0 as should_error
    from (
      
    
  
    
    

with dbt_test__target as (

  select event_id as unique_field
  from `github-pulse-jumpy`.`github_pulse_analytics_dev_marts`.`fct_repo_engagement`
  where event_id is not null

)

select
    unique_field,
    count(*) as n_records

from dbt_test__target
group by unique_field
having count(*) > 1



  
  
      
    ) dbt_internal_test
[0m13:39:12.872485 [debug] [Thread-3 (]: Opening a new connection, currently in state closed
[0m13:39:13.360301 [debug] [Thread-2 (]: BigQuery adapter: https://console.cloud.google.com/bigquery?project=github-pulse-jumpy&j=bq:US:3b920fb5-0aa0-4871-a103-2c001abebca2&page=queryresults
[0m13:39:13.563829 [debug] [Thread-3 (]: BigQuery adapter: https://console.cloud.google.com/bigquery?project=github-pulse-jumpy&j=bq:US:bf357f65-680a-4a34-9af3-36b05c3e1ff6&page=queryresults
[0m13:39:13.576995 [debug] [Thread-2 (]: SQL status: OK in 0.216 seconds
[0m13:39:13.705337 [debug] [Thread-1 (]: BigQuery adapter: https://console.cloud.google.com/bigquery?project=github-pulse-jumpy&j=bq:US:b836c678-39b7-488f-b5a5-1ceb20b5208e&page=queryresults
[0m13:39:13.760659 [debug] [Thread-3 (]: SQL status: OK in 0.195 seconds
[0m13:39:13.846277 [debug] [Thread-4 (]: BigQuery adapter: https://console.cloud.google.com/bigquery?project=github-pulse-jumpy&j=bq:US:9106cb98-af11-46e3-9c06-f26bcfa983d7&page=queryresults
[0m13:39:13.909336 [debug] [Thread-1 (]: SQL status: OK in 0.203 seconds
[0m13:39:13.988826 [error] [Thread-2 (]: 13 of 18 FAIL 273 unique_fct_pull_requests_event_id ............................ [[31mFAIL 273[0m in 1.54s]
[0m13:39:13.990787 [debug] [Thread-2 (]: Finished running node test.github_pulse.unique_fct_pull_requests_event_id.ccd2c98422
[0m13:39:13.991601 [debug] [Thread-2 (]: Began running node test.github_pulse.unique_fct_repo_lifecycle_event_id.1b85b8280b
[0m13:39:13.992604 [info ] [Thread-2 (]: 17 of 18 START test unique_fct_repo_lifecycle_event_id ......................... [RUN]
[0m13:39:13.993333 [debug] [Thread-2 (]: Re-using an available connection from the pool (formerly test.github_pulse.unique_fct_pull_requests_event_id.ccd2c98422, now test.github_pulse.unique_fct_repo_lifecycle_event_id.1b85b8280b)
[0m13:39:13.993662 [debug] [Thread-2 (]: Began compiling node test.github_pulse.unique_fct_repo_lifecycle_event_id.1b85b8280b
[0m13:39:14.003124 [debug] [Thread-2 (]: Writing injected SQL for node "test.github_pulse.unique_fct_repo_lifecycle_event_id.1b85b8280b"
[0m13:39:14.004216 [debug] [Thread-2 (]: Began executing node test.github_pulse.unique_fct_repo_lifecycle_event_id.1b85b8280b
[0m13:39:14.006406 [debug] [Thread-2 (]: Writing runtime sql for node "test.github_pulse.unique_fct_repo_lifecycle_event_id.1b85b8280b"
[0m13:39:14.007177 [debug] [Thread-2 (]: On test.github_pulse.unique_fct_repo_lifecycle_event_id.1b85b8280b: /* {"app": "dbt", "dbt_version": "1.11.11", "profile_name": "github_pulse", "target_name": "dev", "node_id": "test.github_pulse.unique_fct_repo_lifecycle_event_id.1b85b8280b"} */

    
    select
      count(*) as failures,
      count(*) != 0 as should_warn,
      count(*) != 0 as should_error
    from (
      
    
  
    
    

with dbt_test__target as (

  select event_id as unique_field
  from `github-pulse-jumpy`.`github_pulse_analytics_dev_marts`.`fct_repo_lifecycle`
  where event_id is not null

)

select
    unique_field,
    count(*) as n_records

from dbt_test__target
group by unique_field
having count(*) > 1



  
  
      
    ) dbt_internal_test
[0m13:39:14.007692 [debug] [Thread-2 (]: Opening a new connection, currently in state closed
[0m13:39:14.075028 [debug] [Thread-4 (]: SQL status: OK in 0.228 seconds
[0m13:39:14.326324 [error] [Thread-3 (]: 16 of 18 FAIL 17 unique_fct_repo_engagement_event_id ........................... [[31mFAIL 17[0m in 1.51s]
[0m13:39:14.331516 [debug] [Thread-3 (]: Finished running node test.github_pulse.unique_fct_repo_engagement_event_id.bfb43b4093
[0m13:39:14.333921 [debug] [Thread-3 (]: Began running node test.github_pulse.unique_fct_repo_lifecycle_lifecycle_sk.db238593cd
[0m13:39:14.333154 [error] [Thread-1 (]: 14 of 18 FAIL 273 unique_fct_pull_requests_pr_event_sk ......................... [[31mFAIL 273[0m in 1.60s]
[0m13:39:14.335363 [info ] [Thread-3 (]: 18 of 18 START test unique_fct_repo_lifecycle_lifecycle_sk ..................... [RUN]
[0m13:39:14.336711 [debug] [Thread-1 (]: Finished running node test.github_pulse.unique_fct_pull_requests_pr_event_sk.7c40bd2b8c
[0m13:39:14.337295 [debug] [Thread-3 (]: Re-using an available connection from the pool (formerly test.github_pulse.unique_fct_repo_engagement_event_id.bfb43b4093, now test.github_pulse.unique_fct_repo_lifecycle_lifecycle_sk.db238593cd)
[0m13:39:14.337764 [debug] [Thread-3 (]: Began compiling node test.github_pulse.unique_fct_repo_lifecycle_lifecycle_sk.db238593cd
[0m13:39:14.343703 [debug] [Thread-3 (]: Writing injected SQL for node "test.github_pulse.unique_fct_repo_lifecycle_lifecycle_sk.db238593cd"
[0m13:39:14.344303 [debug] [Thread-3 (]: Began executing node test.github_pulse.unique_fct_repo_lifecycle_lifecycle_sk.db238593cd
[0m13:39:14.346272 [debug] [Thread-3 (]: Writing runtime sql for node "test.github_pulse.unique_fct_repo_lifecycle_lifecycle_sk.db238593cd"
[0m13:39:14.346782 [debug] [Thread-3 (]: On test.github_pulse.unique_fct_repo_lifecycle_lifecycle_sk.db238593cd: /* {"app": "dbt", "dbt_version": "1.11.11", "profile_name": "github_pulse", "target_name": "dev", "node_id": "test.github_pulse.unique_fct_repo_lifecycle_lifecycle_sk.db238593cd"} */

    
    select
      count(*) as failures,
      count(*) != 0 as should_warn,
      count(*) != 0 as should_error
    from (
      
    
  
    
    

with dbt_test__target as (

  select lifecycle_sk as unique_field
  from `github-pulse-jumpy`.`github_pulse_analytics_dev_marts`.`fct_repo_lifecycle`
  where lifecycle_sk is not null

)

select
    unique_field,
    count(*) as n_records

from dbt_test__target
group by unique_field
having count(*) > 1



  
  
      
    ) dbt_internal_test
[0m13:39:14.347036 [debug] [Thread-3 (]: Opening a new connection, currently in state closed
[0m13:39:14.541287 [error] [Thread-4 (]: 15 of 18 FAIL 17 unique_fct_repo_engagement_engagement_sk ...................... [[31mFAIL 17[0m in 1.79s]
[0m13:39:14.541788 [debug] [Thread-4 (]: Finished running node test.github_pulse.unique_fct_repo_engagement_engagement_sk.6da8627b9b
[0m13:39:15.113282 [debug] [Thread-2 (]: BigQuery adapter: https://console.cloud.google.com/bigquery?project=github-pulse-jumpy&j=bq:US:297571bf-3f0d-482d-ba3d-b2f258529f14&page=queryresults
[0m13:39:15.338298 [debug] [Thread-2 (]: SQL status: OK in 0.223 seconds
[0m13:39:15.382756 [debug] [Thread-3 (]: BigQuery adapter: https://console.cloud.google.com/bigquery?project=github-pulse-jumpy&j=bq:US:4771c7c0-7848-4acc-8602-cebc0aad717e&page=queryresults
[0m13:39:15.578306 [debug] [Thread-3 (]: SQL status: OK in 0.194 seconds
[0m13:39:15.671636 [error] [Thread-2 (]: 17 of 18 FAIL 5628 unique_fct_repo_lifecycle_event_id .......................... [[31mFAIL 5628[0m in 1.68s]
[0m13:39:15.673364 [debug] [Thread-2 (]: Finished running node test.github_pulse.unique_fct_repo_lifecycle_event_id.1b85b8280b
[0m13:39:16.014518 [error] [Thread-3 (]: 18 of 18 FAIL 5628 unique_fct_repo_lifecycle_lifecycle_sk ...................... [[31mFAIL 5628[0m in 1.68s]
[0m13:39:16.016211 [debug] [Thread-3 (]: Finished running node test.github_pulse.unique_fct_repo_lifecycle_lifecycle_sk.db238593cd
[0m13:39:16.019573 [debug] [MainThread]: Opening a new connection, currently in state closed
[0m13:39:16.103970 [debug] [MainThread]: Connection 'master' was properly closed.
[0m13:39:16.104253 [debug] [MainThread]: Connection 'test.github_pulse.unique_fct_pull_requests_pr_event_sk.7c40bd2b8c' was properly closed.
[0m13:39:16.104361 [debug] [MainThread]: Connection 'test.github_pulse.unique_fct_repo_lifecycle_event_id.1b85b8280b' was properly closed.
[0m13:39:16.104455 [debug] [MainThread]: Connection 'test.github_pulse.unique_fct_repo_lifecycle_lifecycle_sk.db238593cd' was properly closed.
[0m13:39:16.104543 [debug] [MainThread]: Connection 'test.github_pulse.unique_fct_repo_engagement_engagement_sk.6da8627b9b' was properly closed.
[0m13:39:16.104724 [info ] [MainThread]: 
[0m13:39:16.104866 [info ] [MainThread]: Finished running 18 data tests in 0 hours 0 minutes and 8.93 seconds (8.93s).
[0m13:39:16.105860 [debug] [MainThread]: Command end result
[0m13:39:16.124913 [debug] [MainThread]: Wrote artifact WritableManifest to /Users/perrikwong/Desktop/github_pulse/target/manifest.json
[0m13:39:16.126070 [debug] [MainThread]: Wrote artifact SemanticManifest to /Users/perrikwong/Desktop/github_pulse/target/semantic_manifest.json
[0m13:39:16.129053 [debug] [MainThread]: Wrote artifact RunExecutionResult to /Users/perrikwong/Desktop/github_pulse/target/run_results.json
[0m13:39:16.129163 [info ] [MainThread]: 
[0m13:39:16.129301 [info ] [MainThread]: [31mCompleted with 6 errors, 0 partial successes, and 0 warnings:[0m
[0m13:39:16.129407 [info ] [MainThread]: 
[0m13:39:16.129538 [error] [MainThread]: [31mFailure in test unique_fct_pull_requests_event_id (models/marts/pull_requests/_models.yml)[0m
[0m13:39:16.129656 [error] [MainThread]:   Got 273 results, configured to fail if != 0
[0m13:39:16.129743 [info ] [MainThread]: 
[0m13:39:16.129851 [info ] [MainThread]:   compiled code at target/compiled/github_pulse/models/marts/pull_requests/_models.yml/unique_fct_pull_requests_event_id.sql
[0m13:39:16.129943 [info ] [MainThread]: 
[0m13:39:16.130052 [error] [MainThread]: [31mFailure in test unique_fct_repo_engagement_event_id (models/marts/engagement/_models.yml)[0m
[0m13:39:16.130161 [error] [MainThread]:   Got 17 results, configured to fail if != 0
[0m13:39:16.130247 [info ] [MainThread]: 
[0m13:39:16.130351 [info ] [MainThread]:   compiled code at target/compiled/github_pulse/models/marts/engagement/_models.yml/unique_fct_repo_engagement_event_id.sql
[0m13:39:16.130437 [info ] [MainThread]: 
[0m13:39:16.130547 [error] [MainThread]: [31mFailure in test unique_fct_pull_requests_pr_event_sk (models/marts/pull_requests/_models.yml)[0m
[0m13:39:16.130653 [error] [MainThread]:   Got 273 results, configured to fail if != 0
[0m13:39:16.130733 [info ] [MainThread]: 
[0m13:39:16.130837 [info ] [MainThread]:   compiled code at target/compiled/github_pulse/models/marts/pull_requests/_models.yml/unique_fct_pull_requests_pr_event_sk.sql
[0m13:39:16.130922 [info ] [MainThread]: 
[0m13:39:16.131029 [error] [MainThread]: [31mFailure in test unique_fct_repo_engagement_engagement_sk (models/marts/engagement/_models.yml)[0m
[0m13:39:16.131135 [error] [MainThread]:   Got 17 results, configured to fail if != 0
[0m13:39:16.131216 [info ] [MainThread]: 
[0m13:39:16.131317 [info ] [MainThread]:   compiled code at target/compiled/github_pulse/models/marts/engagement/_models.yml/unique_fct_repo_engagement_engagement_sk.sql
[0m13:39:16.131404 [info ] [MainThread]: 
[0m13:39:16.131510 [error] [MainThread]: [31mFailure in test unique_fct_repo_lifecycle_event_id (models/marts/lifecycle/_models.yml)[0m
[0m13:39:16.131614 [error] [MainThread]:   Got 5628 results, configured to fail if != 0
[0m13:39:16.131699 [info ] [MainThread]: 
[0m13:39:16.131802 [info ] [MainThread]:   compiled code at target/compiled/github_pulse/models/marts/lifecycle/_models.yml/unique_fct_repo_lifecycle_event_id.sql
[0m13:39:16.131888 [info ] [MainThread]: 
[0m13:39:16.131993 [error] [MainThread]: [31mFailure in test unique_fct_repo_lifecycle_lifecycle_sk (models/marts/lifecycle/_models.yml)[0m
[0m13:39:16.132096 [error] [MainThread]:   Got 5628 results, configured to fail if != 0
[0m13:39:16.132178 [info ] [MainThread]: 
[0m13:39:16.132280 [info ] [MainThread]:   compiled code at target/compiled/github_pulse/models/marts/lifecycle/_models.yml/unique_fct_repo_lifecycle_lifecycle_sk.sql
[0m13:39:16.132378 [info ] [MainThread]: 
[0m13:39:16.132487 [info ] [MainThread]: Done. PASS=12 WARN=0 ERROR=6 SKIP=0 NO-OP=0 TOTAL=18
[0m13:39:16.132794 [debug] [MainThread]: Resource report: {"command_name": "test", "command_success": false, "command_wall_clock_time": 9.675753, "process_in_blocks": "0", "process_kernel_time": 0.303025, "process_mem_max_rss": "240910336", "process_out_blocks": "0", "process_user_time": 3.11303}
[0m13:39:16.132970 [debug] [MainThread]: Command `dbt test` failed at 13:39:16.132941 after 9.68 seconds
[0m13:39:16.133167 [debug] [MainThread]: Sending event: {'category': 'dbt', 'action': 'invocation', 'label': 'end', 'context': [<snowplow_tracker.self_describing_json.SelfDescribingJson object at 0x105100290>, <snowplow_tracker.self_describing_json.SelfDescribingJson object at 0x105290290>, <snowplow_tracker.self_describing_json.SelfDescribingJson object at 0x105247a10>]}
[0m13:39:16.133303 [debug] [MainThread]: Flushing usage events
[0m13:39:16.466147 [debug] [MainThread]: An error was encountered while trying to flush usage events
[0m13:39:19.788173 [debug] [MainThread]: Sending event: {'category': 'dbt', 'action': 'invocation', 'label': 'start', 'context': [<snowplow_tracker.self_describing_json.SelfDescribingJson object at 0x105474610>, <snowplow_tracker.self_describing_json.SelfDescribingJson object at 0x105547710>, <snowplow_tracker.self_describing_json.SelfDescribingJson object at 0x105547a50>]}


============================== 13:39:19.790156 | 69b58d75-bd90-4f88-99fe-1b03c44c81a1 ==============================
[0m13:39:19.790156 [info ] [MainThread]: Running with dbt=1.11.11
[0m13:39:19.790399 [debug] [MainThread]: running dbt with arguments {'log_cache_events': 'False', 'printer_width': '80', 'empty': 'False', 'use_colors': 'True', 'version_check': 'True', 'use_experimental_parser': 'False', 'indirect_selection': 'eager', 'static_parser': 'True', 'invocation_command': 'dbt run', 'fail_fast': 'False', 'introspect': 'True', 'cache_selected_only': 'False', 'log_path': '/Users/perrikwong/Desktop/github_pulse/logs', 'profiles_dir': '/Users/perrikwong/.dbt', 'warn_error': 'None', 'write_json': 'True', 'send_anonymous_usage_stats': 'True', 'no_print': 'None', 'target_path': 'None', 'debug': 'False', 'warn_error_options': 'WarnErrorOptionsV2(error=[], warn=[], silence=[])', 'log_format': 'default', 'partial_parse': 'True', 'quiet': 'False'}
[0m13:39:20.225677 [debug] [MainThread]: Sending event: {'category': 'dbt', 'action': 'project_id', 'label': '69b58d75-bd90-4f88-99fe-1b03c44c81a1', 'context': [<snowplow_tracker.self_describing_json.SelfDescribingJson object at 0x10ded4f90>]}
[0m13:39:20.247590 [debug] [MainThread]: Sending event: {'category': 'dbt', 'action': 'adapter_info', 'label': '69b58d75-bd90-4f88-99fe-1b03c44c81a1', 'context': [<snowplow_tracker.self_describing_json.SelfDescribingJson object at 0x102ad24d0>]}
[0m13:39:20.247832 [info ] [MainThread]: Registered adapter: bigquery=1.11.1
[0m13:39:20.317090 [debug] [MainThread]: checksum: 30a8cc8fdcbf66701b0944d4ccce3fa46dd04b61e5df68b9f16d57b2e0e3f0be, vars: {}, profile: , target: , version: 1.11.11
[0m13:39:20.395768 [debug] [MainThread]: Partial parsing enabled: 0 files deleted, 0 files added, 0 files changed.
[0m13:39:20.395948 [debug] [MainThread]: Nothing changed, skipping partial parsing.
[0m13:39:20.396042 [debug] [MainThread]: Partial parsing enabled, no changes found, skipping parsing
[0m13:39:20.398507 [warn ] [MainThread]: [[33mWARNING[0m]: Configuration paths exist in your dbt_project.yml file which do not apply to any resources.
There are 1 unused configuration paths:
- models.github_pulse.intermediate
[0m13:39:20.419365 [debug] [MainThread]: Sending event: {'category': 'dbt', 'action': 'load_project', 'label': '69b58d75-bd90-4f88-99fe-1b03c44c81a1', 'context': [<snowplow_tracker.self_describing_json.SelfDescribingJson object at 0x1090be790>]}
[0m13:39:20.467699 [debug] [MainThread]: Wrote artifact WritableManifest to /Users/perrikwong/Desktop/github_pulse/target/manifest.json
[0m13:39:20.468746 [debug] [MainThread]: Wrote artifact SemanticManifest to /Users/perrikwong/Desktop/github_pulse/target/semantic_manifest.json
[0m13:39:20.473415 [debug] [MainThread]: Sending event: {'category': 'dbt', 'action': 'resource_counts', 'label': '69b58d75-bd90-4f88-99fe-1b03c44c81a1', 'context': [<snowplow_tracker.self_describing_json.SelfDescribingJson object at 0x10fb37d50>]}
[0m13:39:20.473609 [info ] [MainThread]: Found 10 models, 1 snapshot, 54 data tests, 1 source, 665 macros
[0m13:39:20.473735 [debug] [MainThread]: Sending event: {'category': 'dbt', 'action': 'runnable_timing', 'label': '69b58d75-bd90-4f88-99fe-1b03c44c81a1', 'context': [<snowplow_tracker.self_describing_json.SelfDescribingJson object at 0x10f7dd6d0>]}
[0m13:39:20.474806 [info ] [MainThread]: 
[0m13:39:20.474931 [info ] [MainThread]: Concurrency: 4 threads (target='dev')
[0m13:39:20.475027 [info ] [MainThread]: 
[0m13:39:20.475211 [debug] [MainThread]: Acquiring new bigquery connection 'master'
[0m13:39:20.476931 [debug] [ThreadPool]: Acquiring new bigquery connection 'list_github-pulse-jumpy'
[0m13:39:20.477129 [debug] [ThreadPool]: Acquiring new bigquery connection 'list_github-pulse-jumpy'
[0m13:39:20.477320 [debug] [ThreadPool]: Opening a new connection, currently in state init
[0m13:39:20.477485 [debug] [ThreadPool]: Acquiring new bigquery connection 'list_github-pulse-jumpy'
[0m13:39:20.477619 [debug] [ThreadPool]: Opening a new connection, currently in state init
[0m13:39:20.477791 [debug] [ThreadPool]: Opening a new connection, currently in state init
[0m13:39:21.248584 [debug] [ThreadPool]: Re-using an available connection from the pool (formerly list_github-pulse-jumpy, now list_github-pulse-jumpy_github_pulse_analytics_dev_core)
[0m13:39:21.249632 [debug] [ThreadPool]: Re-using an available connection from the pool (formerly list_github-pulse-jumpy, now list_github-pulse-jumpy_github_pulse_analytics_dev_marts)
[0m13:39:21.250539 [debug] [ThreadPool]: Re-using an available connection from the pool (formerly list_github-pulse-jumpy, now list_github-pulse-jumpy_github_pulse_analytics_dev_staging)
[0m13:39:21.251003 [debug] [ThreadPool]: Opening a new connection, currently in state closed
[0m13:39:21.252094 [debug] [ThreadPool]: Acquiring new bigquery connection 'list_github-pulse-jumpy_snapshots'
[0m13:39:21.252623 [debug] [ThreadPool]: Opening a new connection, currently in state closed
[0m13:39:21.253178 [debug] [ThreadPool]: Opening a new connection, currently in state closed
[0m13:39:21.253885 [debug] [ThreadPool]: Opening a new connection, currently in state init
[0m13:39:21.972401 [debug] [MainThread]: Sending event: {'category': 'dbt', 'action': 'runnable_timing', 'label': '69b58d75-bd90-4f88-99fe-1b03c44c81a1', 'context': [<snowplow_tracker.self_describing_json.SelfDescribingJson object at 0x10dd34f10>]}
[0m13:39:21.973464 [debug] [MainThread]: Opening a new connection, currently in state init
[0m13:39:22.053296 [debug] [Thread-1 (]: Began running node model.github_pulse.dim_date
[0m13:39:22.053515 [debug] [Thread-2 (]: Began running node model.github_pulse.stg_github__create_events
[0m13:39:22.053684 [debug] [Thread-3 (]: Began running node model.github_pulse.stg_github__delete_events
[0m13:39:22.053803 [debug] [Thread-4 (]: Began running node model.github_pulse.stg_github__pull_request_events
[0m13:39:22.054007 [info ] [Thread-1 (]: 1 of 10 START sql table model github_pulse_analytics_dev_core.dim_date ......... [RUN]
[0m13:39:22.054195 [info ] [Thread-2 (]: 2 of 10 START sql view model github_pulse_analytics_dev_staging.stg_github__create_events  [RUN]
[0m13:39:22.054355 [info ] [Thread-3 (]: 3 of 10 START sql view model github_pulse_analytics_dev_staging.stg_github__delete_events  [RUN]
[0m13:39:22.054541 [info ] [Thread-4 (]: 4 of 10 START sql view model github_pulse_analytics_dev_staging.stg_github__pull_request_events  [RUN]
[0m13:39:22.054744 [debug] [Thread-1 (]: Re-using an available connection from the pool (formerly list_github-pulse-jumpy_github_pulse_analytics_dev_core, now model.github_pulse.dim_date)
[0m13:39:22.054881 [debug] [Thread-2 (]: Re-using an available connection from the pool (formerly list_github-pulse-jumpy_github_pulse_analytics_dev_marts, now model.github_pulse.stg_github__create_events)
[0m13:39:22.055009 [debug] [Thread-3 (]: Re-using an available connection from the pool (formerly list_github-pulse-jumpy_github_pulse_analytics_dev_staging, now model.github_pulse.stg_github__delete_events)
[0m13:39:22.055125 [debug] [Thread-4 (]: Re-using an available connection from the pool (formerly list_github-pulse-jumpy_snapshots, now model.github_pulse.stg_github__pull_request_events)
[0m13:39:22.055251 [debug] [Thread-1 (]: Began compiling node model.github_pulse.dim_date
[0m13:39:22.055361 [debug] [Thread-2 (]: Began compiling node model.github_pulse.stg_github__create_events
[0m13:39:22.055468 [debug] [Thread-3 (]: Began compiling node model.github_pulse.stg_github__delete_events
[0m13:39:22.055573 [debug] [Thread-4 (]: Began compiling node model.github_pulse.stg_github__pull_request_events
[0m13:39:22.059454 [debug] [Thread-1 (]: Writing injected SQL for node "model.github_pulse.dim_date"
[0m13:39:22.060746 [debug] [Thread-2 (]: Writing injected SQL for node "model.github_pulse.stg_github__create_events"
[0m13:39:22.062453 [debug] [Thread-3 (]: Writing injected SQL for node "model.github_pulse.stg_github__delete_events"
[0m13:39:22.063705 [debug] [Thread-4 (]: Writing injected SQL for node "model.github_pulse.stg_github__pull_request_events"
[0m13:39:22.064100 [debug] [Thread-2 (]: Began executing node model.github_pulse.stg_github__create_events
[0m13:39:22.064250 [debug] [Thread-3 (]: Began executing node model.github_pulse.stg_github__delete_events
[0m13:39:22.064383 [debug] [Thread-1 (]: Began executing node model.github_pulse.dim_date
[0m13:39:22.075102 [debug] [Thread-2 (]: Writing runtime sql for node "model.github_pulse.stg_github__create_events"
[0m13:39:22.075221 [debug] [Thread-4 (]: Began executing node model.github_pulse.stg_github__pull_request_events
[0m13:39:22.076217 [debug] [Thread-3 (]: Writing runtime sql for node "model.github_pulse.stg_github__delete_events"
[0m13:39:22.079789 [debug] [Thread-1 (]: Opening a new connection, currently in state closed
[0m13:39:22.080851 [debug] [Thread-4 (]: Writing runtime sql for node "model.github_pulse.stg_github__pull_request_events"
[0m13:39:22.081127 [debug] [Thread-2 (]: On model.github_pulse.stg_github__create_events: /* {"app": "dbt", "dbt_version": "1.11.11", "profile_name": "github_pulse", "target_name": "dev", "node_id": "model.github_pulse.stg_github__create_events"} */


  create or replace view `github-pulse-jumpy`.`github_pulse_analytics_dev_staging`.`stg_github__create_events`
  OPTIONS()
  as 

with source as (

    select *
    from `githubarchive`.`day`.`20260428`
    where type = 'CreateEvent'

),

deduplicated as (
    select *
    from source
    qualify row_number() over (partition by id order by created_at) = 1
),

renamed as (

    select
        id                                              as event_id,

        actor.id                                        as actor_id,
        actor.login                                     as actor_login,

        repo.id                                         as repo_id,
        repo.name                                       as repo_name,

        org.id                                          as org_id,
        org.login                                       as org_login,

        -- what was created: 'branch', 'tag', or 'repository'
        json_value(payload, '$.ref_type')               as ref_type,
        -- the name of the branch / tag (null for repository creation)
        json_value(payload, '$.ref')                    as ref_name,
        -- description of the repo when ref_type = 'repository'
        json_value(payload, '$.description')            as description,
        -- master_branch — typically only set for repo creation
        json_value(payload, '$.master_branch')          as master_branch,

        created_at                                      as event_at

    from deduplicated

)

select * from renamed;


[0m13:39:22.131260 [debug] [Thread-3 (]: On model.github_pulse.stg_github__delete_events: /* {"app": "dbt", "dbt_version": "1.11.11", "profile_name": "github_pulse", "target_name": "dev", "node_id": "model.github_pulse.stg_github__delete_events"} */


  create or replace view `github-pulse-jumpy`.`github_pulse_analytics_dev_staging`.`stg_github__delete_events`
  OPTIONS()
  as 

with source as (

    select *
    from `githubarchive`.`day`.`20260428`
    where type = 'DeleteEvent'

),

deduplicated as (

    select *
    from source
    qualify row_number() over (
        partition by id
        order by created_at
    ) = 1

),

renamed as (

    select
        id                                              as event_id,

        actor.id                                        as actor_id,
        actor.login                                     as actor_login,

        repo.id                                         as repo_id,
        repo.name                                       as repo_name,

        org.id                                          as org_id,
        org.login                                       as org_login,

        -- what was deleted: 'branch' or 'tag' (repos don't generate DeleteEvent)
        json_value(payload, '$.ref_type')               as ref_type,
        json_value(payload, '$.ref')                    as ref_name,

        created_at                                      as event_at

    from deduplicated

)

select * from renamed;


[0m13:39:22.131685 [debug] [Thread-2 (]: Opening a new connection, currently in state closed
[0m13:39:22.131853 [debug] [Thread-3 (]: Opening a new connection, currently in state closed
[0m13:39:22.132068 [debug] [Thread-4 (]: On model.github_pulse.stg_github__pull_request_events: /* {"app": "dbt", "dbt_version": "1.11.11", "profile_name": "github_pulse", "target_name": "dev", "node_id": "model.github_pulse.stg_github__pull_request_events"} */


  create or replace view `github-pulse-jumpy`.`github_pulse_analytics_dev_staging`.`stg_github__pull_request_events`
  OPTIONS()
  as 

with source as (

    select *
    from `githubarchive`.`day`.`20260428`
    where type = 'PullRequestEvent'

),

deduplicated as (

    select *
    from source
    qualify row_number() over (
        partition by id
        order by created_at
    ) = 1

),

renamed as (

    select
        -- identifiers
        id                                                                  as event_id,
        cast(json_value(payload, '$.pull_request.id') as int64)             as pr_id,
        cast(json_value(payload, '$.number') as int64)                      as pr_number,

        -- actor (the user performing the action)
        actor.id                                                            as actor_id,
        actor.login                                                         as actor_login,

        -- repo
        repo.id                                                             as repo_id,
        repo.name                                                           as repo_name,

        -- org (nullable — only set when repo is in an org)
        org.id                                                              as org_id,
        org.login                                                           as org_login,

        -- action: what happened to the PR
        -- (opened / closed / merged / reopened / labeled / assigned / etc.)
        json_value(payload, '$.action')                                     as pr_action,

        -- convenience flags derived from action
        case when json_value(payload, '$.action') = 'opened'   then true else false end as is_opened,
        case when json_value(payload, '$.action') = 'closed'   then true else false end as is_closed,
        case when json_value(payload, '$.action') = 'merged'   then true else false end as is_merged,
        case when json_value(payload, '$.action') = 'reopened' then true else false end as is_reopened,
        case when json_value(payload, '$.action') = 'labeled'  then true else false end as is_labeled,

        -- timestamp
        created_at                                                          as event_at

    from deduplicated

)

select * from renamed;


[0m13:39:22.233683 [debug] [Thread-4 (]: Opening a new connection, currently in state closed
[0m13:39:22.710284 [debug] [Thread-1 (]: Writing runtime sql for node "model.github_pulse.dim_date"
[0m13:39:22.711116 [debug] [Thread-1 (]: On model.github_pulse.dim_date: /* {"app": "dbt", "dbt_version": "1.11.11", "profile_name": "github_pulse", "target_name": "dev", "node_id": "model.github_pulse.dim_date"} */

  
    

    create or replace table `github-pulse-jumpy`.`github_pulse_analytics_dev_core`.`dim_date`
      
    
    

    
    OPTIONS()
    as (
      

with date_spine as (

    select
        date_add(date('2024-01-01'), interval cast(n as int64) day) as calendar_date
    from unnest(
        generate_array(0, date_diff(date('2027-12-31'), date('2024-01-01'), day))
    ) as n

),

final as (

    select
        cast(format_date('%Y%m%d', calendar_date) as int64)     as date_id,
        calendar_date,
        extract(year  from calendar_date)                        as year,
        extract(month from calendar_date)                        as month,
        extract(day   from calendar_date)                        as day,
        extract(week  from calendar_date)                        as week_of_year,
        extract(dayofweek from calendar_date)                    as day_of_week,
        format_date('%B', calendar_date)                         as month_name,
        format_date('%A', calendar_date)                         as day_name,
        format_date('%Y-%m', calendar_date)                      as year_month,
        format_date('%Y-W%W', calendar_date)                     as year_week,
        extract(dayofweek from calendar_date) in (1, 7)          as is_weekend,
        extract(dayofweek from calendar_date) not in (1, 7)      as is_weekday,
        extract(quarter from calendar_date)                      as quarter,
        concat('Q', cast(extract(quarter from calendar_date) as string)) as quarter_label
    from date_spine

)

select * from final
    );
  
[0m13:39:23.020466 [debug] [Thread-4 (]: BigQuery adapter: https://console.cloud.google.com/bigquery?project=github-pulse-jumpy&j=bq:US:cee2e3ed-3602-404f-8702-4bce0c029c94&page=queryresults
[0m13:39:23.021680 [debug] [Thread-2 (]: BigQuery adapter: https://console.cloud.google.com/bigquery?project=github-pulse-jumpy&j=bq:US:71209b82-271a-4660-88a8-705445168485&page=queryresults
[0m13:39:23.025677 [debug] [Thread-3 (]: BigQuery adapter: https://console.cloud.google.com/bigquery?project=github-pulse-jumpy&j=bq:US:622e9034-dc9c-4fbf-861d-0f73dcfae5cc&page=queryresults
[0m13:39:23.121837 [debug] [Thread-1 (]: BigQuery adapter: https://console.cloud.google.com/bigquery?project=github-pulse-jumpy&j=bq:US:c1b84e07-d3cd-466d-a82e-08653e539ec8&page=queryresults
[0m13:39:23.290176 [debug] [Thread-4 (]: SQL status: OK in 0.267 seconds
[0m13:39:23.359024 [debug] [Thread-2 (]: SQL status: OK in 0.336 seconds
[0m13:39:23.386753 [debug] [Thread-4 (]: Sending event: {'category': 'dbt', 'action': 'run_model', 'label': '69b58d75-bd90-4f88-99fe-1b03c44c81a1', 'context': [<snowplow_tracker.self_describing_json.SelfDescribingJson object at 0x10fffb610>]}
[0m13:39:23.386904 [debug] [Thread-2 (]: Sending event: {'category': 'dbt', 'action': 'run_model', 'label': '69b58d75-bd90-4f88-99fe-1b03c44c81a1', 'context': [<snowplow_tracker.self_describing_json.SelfDescribingJson object at 0x10ecda350>]}
[0m13:39:23.387171 [info ] [Thread-4 (]: 4 of 10 OK created sql view model github_pulse_analytics_dev_staging.stg_github__pull_request_events  [[32mCREATE VIEW (0 processed)[0m in 1.33s]
[0m13:39:23.387448 [info ] [Thread-2 (]: 2 of 10 OK created sql view model github_pulse_analytics_dev_staging.stg_github__create_events  [[32mCREATE VIEW (0 processed)[0m in 1.33s]
[0m13:39:23.387677 [debug] [Thread-4 (]: Finished running node model.github_pulse.stg_github__pull_request_events
[0m13:39:23.387844 [debug] [Thread-2 (]: Finished running node model.github_pulse.stg_github__create_events
[0m13:39:23.387984 [debug] [Thread-4 (]: Began running node model.github_pulse.stg_github__watch_events
[0m13:39:23.388228 [info ] [Thread-4 (]: 5 of 10 START sql view model github_pulse_analytics_dev_staging.stg_github__watch_events  [RUN]
[0m13:39:23.388385 [debug] [Thread-4 (]: Re-using an available connection from the pool (formerly model.github_pulse.stg_github__pull_request_events, now model.github_pulse.stg_github__watch_events)
[0m13:39:23.388502 [debug] [Thread-4 (]: Began compiling node model.github_pulse.stg_github__watch_events
[0m13:39:23.389695 [debug] [Thread-4 (]: Writing injected SQL for node "model.github_pulse.stg_github__watch_events"
[0m13:39:23.389972 [debug] [Thread-4 (]: Began executing node model.github_pulse.stg_github__watch_events
[0m13:39:23.391038 [debug] [Thread-4 (]: Writing runtime sql for node "model.github_pulse.stg_github__watch_events"
[0m13:39:23.391296 [debug] [Thread-4 (]: On model.github_pulse.stg_github__watch_events: /* {"app": "dbt", "dbt_version": "1.11.11", "profile_name": "github_pulse", "target_name": "dev", "node_id": "model.github_pulse.stg_github__watch_events"} */


  create or replace view `github-pulse-jumpy`.`github_pulse_analytics_dev_staging`.`stg_github__watch_events`
  OPTIONS()
  as with source as (
    select *
    from `githubarchive`.`day`.`20260428`
    where type = 'WatchEvent'
),

deduplicated as (

    select *
    from source
    qualify row_number() over (
        partition by id
        order by created_at
    ) = 1

),


renamed as (
    select
        id                  as event_id,
        actor.id            as actor_id,
        actor.login         as actor_login,
        repo.id             as repo_id,
        repo.name           as repo_name,
        org.id              as org_id,
        org.login           as org_login,
        json_value(payload, '$.action')   as engagement_action,
        created_at          as event_at
    from deduplicated  
)

select * from renamed;


[0m13:39:23.391452 [debug] [Thread-4 (]: Opening a new connection, currently in state closed
[0m13:39:23.475447 [debug] [Thread-3 (]: SQL status: OK in 0.449 seconds
[0m13:39:23.477058 [debug] [Thread-3 (]: Sending event: {'category': 'dbt', 'action': 'run_model', 'label': '69b58d75-bd90-4f88-99fe-1b03c44c81a1', 'context': [<snowplow_tracker.self_describing_json.SelfDescribingJson object at 0x1101e2dd0>]}
[0m13:39:23.477305 [info ] [Thread-3 (]: 3 of 10 OK created sql view model github_pulse_analytics_dev_staging.stg_github__delete_events  [[32mCREATE VIEW (0 processed)[0m in 1.42s]
[0m13:39:23.477509 [debug] [Thread-3 (]: Finished running node model.github_pulse.stg_github__delete_events
[0m13:39:24.147756 [debug] [Thread-4 (]: BigQuery adapter: https://console.cloud.google.com/bigquery?project=github-pulse-jumpy&j=bq:US:7d798b2f-084a-4a1d-834a-2ac1c7f5ef79&page=queryresults
[0m13:39:24.462667 [debug] [Thread-4 (]: SQL status: OK in 0.314 seconds
[0m13:39:24.469504 [debug] [Thread-4 (]: Sending event: {'category': 'dbt', 'action': 'run_model', 'label': '69b58d75-bd90-4f88-99fe-1b03c44c81a1', 'context': [<snowplow_tracker.self_describing_json.SelfDescribingJson object at 0x10faf4c50>]}
[0m13:39:24.470393 [info ] [Thread-4 (]: 5 of 10 OK created sql view model github_pulse_analytics_dev_staging.stg_github__watch_events  [[32mCREATE VIEW (0 processed)[0m in 1.08s]
[0m13:39:24.471016 [debug] [Thread-4 (]: Finished running node model.github_pulse.stg_github__watch_events
[0m13:39:24.471756 [debug] [Thread-2 (]: Began running node model.github_pulse.dim_actor
[0m13:39:24.472056 [debug] [Thread-3 (]: Began running node model.github_pulse.dim_repo
[0m13:39:24.472561 [info ] [Thread-2 (]: 6 of 10 START sql table model github_pulse_analytics_dev_core.dim_actor ........ [RUN]
[0m13:39:24.473064 [info ] [Thread-3 (]: 7 of 10 START sql table model github_pulse_analytics_dev_core.dim_repo ......... [RUN]
[0m13:39:24.473574 [debug] [Thread-2 (]: Re-using an available connection from the pool (formerly model.github_pulse.stg_github__create_events, now model.github_pulse.dim_actor)
[0m13:39:24.474099 [debug] [Thread-3 (]: Re-using an available connection from the pool (formerly model.github_pulse.stg_github__delete_events, now model.github_pulse.dim_repo)
[0m13:39:24.474466 [debug] [Thread-2 (]: Began compiling node model.github_pulse.dim_actor
[0m13:39:24.474792 [debug] [Thread-3 (]: Began compiling node model.github_pulse.dim_repo
[0m13:39:24.478677 [debug] [Thread-2 (]: Writing injected SQL for node "model.github_pulse.dim_actor"
[0m13:39:24.481458 [debug] [Thread-3 (]: Writing injected SQL for node "model.github_pulse.dim_repo"
[0m13:39:24.482091 [debug] [Thread-3 (]: Began executing node model.github_pulse.dim_repo
[0m13:39:24.482336 [debug] [Thread-2 (]: Began executing node model.github_pulse.dim_actor
[0m13:39:24.484046 [debug] [Thread-3 (]: Opening a new connection, currently in state closed
[0m13:39:24.487037 [debug] [Thread-2 (]: Opening a new connection, currently in state closed
[0m13:39:24.974567 [debug] [Thread-3 (]: Writing runtime sql for node "model.github_pulse.dim_repo"
[0m13:39:24.976340 [debug] [Thread-3 (]: On model.github_pulse.dim_repo: /* {"app": "dbt", "dbt_version": "1.11.11", "profile_name": "github_pulse", "target_name": "dev", "node_id": "model.github_pulse.dim_repo"} */

  
    

    create or replace table `github-pulse-jumpy`.`github_pulse_analytics_dev_core`.`dim_repo`
      
    
    

    
    OPTIONS()
    as (
      

with snapshot_current as (

    select
        dbt_scd_id                                      as repo_sk,
        repo_id,
        repo_name,
        org_login,
        dbt_valid_from                                  as valid_from,
        dbt_valid_to,
        dbt_valid_to is null                            as is_current,
        split(repo_name, '/')[safe_offset(0)]           as repo_owner,
        split(repo_name, '/')[safe_offset(1)]           as repo_slug,
        concat('https://github.com/', repo_name)        as repo_url
    from `github-pulse-jumpy`.`snapshots`.`snap_repos`

)

select * from snapshot_current
    );
  
[0m13:39:25.000293 [debug] [Thread-2 (]: Writing runtime sql for node "model.github_pulse.dim_actor"
[0m13:39:25.002566 [debug] [Thread-2 (]: On model.github_pulse.dim_actor: /* {"app": "dbt", "dbt_version": "1.11.11", "profile_name": "github_pulse", "target_name": "dev", "node_id": "model.github_pulse.dim_actor"} */

  
    

    create or replace table `github-pulse-jumpy`.`github_pulse_analytics_dev_core`.`dim_actor`
      
    
    

    
    OPTIONS()
    as (
      

with actors_union as (

    select actor_id, actor_login from `github-pulse-jumpy`.`github_pulse_analytics_dev_staging`.`stg_github__pull_request_events`
    union distinct
    select actor_id, actor_login from `github-pulse-jumpy`.`github_pulse_analytics_dev_staging`.`stg_github__watch_events`
    union distinct
    select actor_id, actor_login from `github-pulse-jumpy`.`github_pulse_analytics_dev_staging`.`stg_github__create_events`
    union distinct
    select actor_id, actor_login from `github-pulse-jumpy`.`github_pulse_analytics_dev_staging`.`stg_github__delete_events`

),

deduped as (

    select
        actor_id,
        actor_login,
        row_number() over (
            partition by actor_id
            order by actor_login
        ) as rn
    from actors_union

),

final as (

    select
        actor_id,
        actor_login,
        concat('https://github.com/', actor_login)  as profile_url,
        current_timestamp()                         as dbt_updated_at
    from deduped
    where rn = 1

)

select * from final
    );
  
[0m13:39:25.477401 [debug] [Thread-3 (]: BigQuery adapter: https://console.cloud.google.com/bigquery?project=github-pulse-jumpy&j=bq:US:33d3458e-d8d9-4b2c-befd-16c174de3049&page=queryresults
[0m13:39:25.745268 [debug] [Thread-2 (]: BigQuery adapter: https://console.cloud.google.com/bigquery?project=github-pulse-jumpy&j=bq:US:fc3b27c7-c601-4ebd-b0d6-26484d1a5237&page=queryresults
[0m13:39:25.944067 [debug] [Thread-1 (]: SQL status: OK in 2.821 seconds
[0m13:39:26.140435 [debug] [Thread-1 (]: Sending event: {'category': 'dbt', 'action': 'run_model', 'label': '69b58d75-bd90-4f88-99fe-1b03c44c81a1', 'context': [<snowplow_tracker.self_describing_json.SelfDescribingJson object at 0x10ff2fcd0>]}
[0m13:39:26.141490 [info ] [Thread-1 (]: 1 of 10 OK created sql table model github_pulse_analytics_dev_core.dim_date .... [[32mCREATE TABLE (1.5k rows, 0 processed)[0m in 4.09s]
[0m13:39:26.142192 [debug] [Thread-1 (]: Finished running node model.github_pulse.dim_date
[0m13:39:29.748226 [debug] [Thread-3 (]: SQL status: OK in 4.269 seconds
[0m13:39:29.967238 [debug] [Thread-3 (]: Sending event: {'category': 'dbt', 'action': 'run_model', 'label': '69b58d75-bd90-4f88-99fe-1b03c44c81a1', 'context': [<snowplow_tracker.self_describing_json.SelfDescribingJson object at 0x11021bd50>]}
[0m13:39:29.968376 [info ] [Thread-3 (]: 7 of 10 OK created sql table model github_pulse_analytics_dev_core.dim_repo .... [[32mCREATE TABLE (289.5k rows, 22.6 MiB processed)[0m in 5.49s]
[0m13:39:29.969083 [debug] [Thread-3 (]: Finished running node model.github_pulse.dim_repo
[0m13:39:29.969687 [debug] [Thread-4 (]: Began running node model.github_pulse.fct_repo_lifecycle
[0m13:39:29.970165 [info ] [Thread-4 (]: 8 of 10 START sql table model github_pulse_analytics_dev_marts.fct_repo_lifecycle  [RUN]
[0m13:39:29.970596 [debug] [Thread-4 (]: Re-using an available connection from the pool (formerly model.github_pulse.stg_github__watch_events, now model.github_pulse.fct_repo_lifecycle)
[0m13:39:29.970930 [debug] [Thread-4 (]: Began compiling node model.github_pulse.fct_repo_lifecycle
[0m13:39:29.983935 [debug] [Thread-4 (]: Writing injected SQL for node "model.github_pulse.fct_repo_lifecycle"
[0m13:39:29.984567 [debug] [Thread-4 (]: Began executing node model.github_pulse.fct_repo_lifecycle
[0m13:39:29.986182 [debug] [Thread-4 (]: Opening a new connection, currently in state closed
[0m13:39:30.474294 [debug] [Thread-4 (]: Writing runtime sql for node "model.github_pulse.fct_repo_lifecycle"
[0m13:39:30.476410 [debug] [Thread-4 (]: On model.github_pulse.fct_repo_lifecycle: /* {"app": "dbt", "dbt_version": "1.11.11", "profile_name": "github_pulse", "target_name": "dev", "node_id": "model.github_pulse.fct_repo_lifecycle"} */

  
    

    create or replace table `github-pulse-jumpy`.`github_pulse_analytics_dev_marts`.`fct_repo_lifecycle`
      
    
    

    
    OPTIONS()
    as (
      

with create_events as (

    select
        event_id,
        actor_id,
        actor_login,
        repo_id,
        repo_name,
        org_id,
        org_login,
        ref_type,
        ref_name,
        event_at,
        'created'   as lifecycle_action
    from `github-pulse-jumpy`.`github_pulse_analytics_dev_staging`.`stg_github__create_events`

),

delete_events as (

    select
        event_id,
        actor_id,
        actor_login,
        repo_id,
        repo_name,
        org_id,
        org_login,
        ref_type,
        ref_name,
        event_at,
        'deleted'   as lifecycle_action
    from `github-pulse-jumpy`.`github_pulse_analytics_dev_staging`.`stg_github__delete_events`

),

unioned as (

    select * from create_events
    union all
    select * from delete_events

),

dim_repo as (

    select repo_id, repo_sk, repo_name, repo_owner, repo_slug
    from `github-pulse-jumpy`.`github_pulse_analytics_dev_core`.`dim_repo`
    where is_current

),

dim_date as (

    select date_id, calendar_date
    from `github-pulse-jumpy`.`github_pulse_analytics_dev_core`.`dim_date`

),

final as (

    select
        to_hex(md5(cast(coalesce(cast(u.event_id as string), '_dbt_utils_surrogate_key_null_') as string)))      as lifecycle_sk,

        u.event_id,
        coalesce(r.repo_sk, 'unknown')                              as repo_sk,
        coalesce(
            d.date_id,
            cast(format_date('%Y%m%d', date(u.event_at)) as int64)
        )                                                           as date_id,

        u.actor_id,
        u.actor_login,

        -- repo (denormalized)
        coalesce(r.repo_name, u.repo_name)                          as repo_name,
        r.repo_owner,
        r.repo_slug,

        -- lifecycle details
        u.lifecycle_action,     -- 'created' or 'deleted'
        u.ref_type,             -- 'branch', 'tag', or 'repository'
        u.ref_name,

        -- derived
        u.ref_type = 'branch'   as is_branch_event,
        u.ref_type = 'tag'      as is_tag_event,

        u.event_at

    from unioned u
    left join dim_repo  r on u.repo_id = r.repo_id
    left join dim_date  d on date(u.event_at) = d.calendar_date

)

select * from final
    );
  
[0m13:39:31.211473 [debug] [Thread-4 (]: BigQuery adapter: https://console.cloud.google.com/bigquery?project=github-pulse-jumpy&j=bq:US:9e8f2153-4293-4b3e-8b25-07fe4050352f&page=queryresults
[0m13:39:34.411343 [debug] [Thread-2 (]: SQL status: OK in 8.665 seconds
[0m13:39:34.621090 [debug] [Thread-2 (]: Sending event: {'category': 'dbt', 'action': 'run_model', 'label': '69b58d75-bd90-4f88-99fe-1b03c44c81a1', 'context': [<snowplow_tracker.self_describing_json.SelfDescribingJson object at 0x10ffdda90>]}
[0m13:39:34.622565 [info ] [Thread-2 (]: 6 of 10 OK created sql table model github_pulse_analytics_dev_core.dim_actor ... [[32mCREATE TABLE (230.3k rows, 193.7 MiB processed)[0m in 10.15s]
[0m13:39:34.623431 [debug] [Thread-2 (]: Finished running node model.github_pulse.dim_actor
[0m13:39:34.624321 [debug] [Thread-3 (]: Began running node model.github_pulse.fct_pull_requests
[0m13:39:34.624713 [debug] [Thread-1 (]: Began running node model.github_pulse.fct_repo_engagement
[0m13:39:34.625362 [info ] [Thread-3 (]: 9 of 10 START sql table model github_pulse_analytics_dev_marts.fct_pull_requests  [RUN]
[0m13:39:34.626023 [info ] [Thread-1 (]: 10 of 10 START sql table model github_pulse_analytics_dev_marts.fct_repo_engagement  [RUN]
[0m13:39:34.626648 [debug] [Thread-3 (]: Re-using an available connection from the pool (formerly model.github_pulse.dim_repo, now model.github_pulse.fct_pull_requests)
[0m13:39:34.627173 [debug] [Thread-1 (]: Re-using an available connection from the pool (formerly model.github_pulse.dim_date, now model.github_pulse.fct_repo_engagement)
[0m13:39:34.627629 [debug] [Thread-3 (]: Began compiling node model.github_pulse.fct_pull_requests
[0m13:39:34.628144 [debug] [Thread-1 (]: Began compiling node model.github_pulse.fct_repo_engagement
[0m13:39:34.634483 [debug] [Thread-3 (]: Writing injected SQL for node "model.github_pulse.fct_pull_requests"
[0m13:39:34.638651 [debug] [Thread-1 (]: Writing injected SQL for node "model.github_pulse.fct_repo_engagement"
[0m13:39:34.639442 [debug] [Thread-1 (]: Began executing node model.github_pulse.fct_repo_engagement
[0m13:39:34.639750 [debug] [Thread-3 (]: Began executing node model.github_pulse.fct_pull_requests
[0m13:39:34.641536 [debug] [Thread-1 (]: Opening a new connection, currently in state closed
[0m13:39:34.644881 [debug] [Thread-3 (]: Opening a new connection, currently in state closed
[0m13:39:35.135354 [debug] [Thread-3 (]: Writing runtime sql for node "model.github_pulse.fct_pull_requests"
[0m13:39:35.137385 [debug] [Thread-3 (]: On model.github_pulse.fct_pull_requests: /* {"app": "dbt", "dbt_version": "1.11.11", "profile_name": "github_pulse", "target_name": "dev", "node_id": "model.github_pulse.fct_pull_requests"} */

  
    

    create or replace table `github-pulse-jumpy`.`github_pulse_analytics_dev_marts`.`fct_pull_requests`
      
    
    

    
    OPTIONS()
    as (
      

with pr_events as (

    select * from `github-pulse-jumpy`.`github_pulse_analytics_dev_staging`.`stg_github__pull_request_events`

),

dim_repo as (

    select repo_id, repo_sk, repo_name, repo_owner, repo_slug, repo_url
    from `github-pulse-jumpy`.`github_pulse_analytics_dev_core`.`dim_repo`
    where is_current

),

dim_actor as (

    select actor_id, actor_login, profile_url
    from `github-pulse-jumpy`.`github_pulse_analytics_dev_core`.`dim_actor`

),

dim_date as (

    select date_id, calendar_date
    from `github-pulse-jumpy`.`github_pulse_analytics_dev_core`.`dim_date`

),

final as (

    select
        -- surrogate key
        to_hex(md5(cast(coalesce(cast(pr.event_id as string), '_dbt_utils_surrogate_key_null_') as string)))     as pr_event_sk,

        -- foreign keys
        pr.event_id,
        pr.pr_id,
        pr.pr_number,
        coalesce(r.repo_sk, 'unknown')                              as repo_sk,
        coalesce(
            d.date_id,
            cast(format_date('%Y%m%d', date(pr.event_at)) as int64)
        )                                                           as date_id,

        -- actor info (denormalized for query convenience)
        pr.actor_id,
        coalesce(a.actor_login, pr.actor_login)                     as actor_login,

        -- repo info (denormalized)
        coalesce(r.repo_name, pr.repo_name)                         as repo_name,
        r.repo_owner,
        r.repo_slug,

        -- event details
        pr.pr_action,
        pr.is_opened,
        pr.is_closed,
        pr.is_merged,
        pr.is_reopened,
        pr.is_labeled,

        -- timestamp
        pr.event_at

    from pr_events pr
    left join dim_repo   r on pr.repo_id  = r.repo_id
    left join dim_actor  a on pr.actor_id = a.actor_id
    left join dim_date   d on date(pr.event_at) = d.calendar_date

)

select * from final
    );
  
[0m13:39:35.145400 [debug] [Thread-1 (]: Writing runtime sql for node "model.github_pulse.fct_repo_engagement"
[0m13:39:35.146480 [debug] [Thread-1 (]: On model.github_pulse.fct_repo_engagement: /* {"app": "dbt", "dbt_version": "1.11.11", "profile_name": "github_pulse", "target_name": "dev", "node_id": "model.github_pulse.fct_repo_engagement"} */

  
    

    create or replace table `github-pulse-jumpy`.`github_pulse_analytics_dev_marts`.`fct_repo_engagement`
      
    
    

    
    OPTIONS()
    as (
      

with watch_events as (

    select * from `github-pulse-jumpy`.`github_pulse_analytics_dev_staging`.`stg_github__watch_events`

),

dim_repo as (

    select repo_id, repo_sk, repo_name, repo_owner, repo_slug, repo_url
    from `github-pulse-jumpy`.`github_pulse_analytics_dev_core`.`dim_repo`
    where is_current

),

dim_actor as (

    select actor_id, actor_login
    from `github-pulse-jumpy`.`github_pulse_analytics_dev_core`.`dim_actor`

),

dim_date as (

    select date_id, calendar_date
    from `github-pulse-jumpy`.`github_pulse_analytics_dev_core`.`dim_date`

),

final as (

    select
        -- surrogate key
        to_hex(md5(cast(coalesce(cast(w.event_id as string), '_dbt_utils_surrogate_key_null_') as string)))      as engagement_sk,

        -- foreign keys
        w.event_id,
        coalesce(r.repo_sk, 'unknown')                              as repo_sk,
        coalesce(
            d.date_id,
            cast(format_date('%Y%m%d', date(w.event_at)) as int64)
        )                                                           as date_id,

        -- actor
        w.actor_id,
        coalesce(a.actor_login, w.actor_login)                      as actor_login,

        -- repo (denormalized)
        coalesce(r.repo_name, w.repo_name)                          as repo_name,
        r.repo_owner,
        r.repo_slug,
        r.repo_url,

        -- engagement type (always 'started' = starred for WatchEvent)
        w.engagement_action,

        -- timestamp
        w.event_at

    from watch_events w
    left join dim_repo   r on w.repo_id  = r.repo_id
    left join dim_actor  a on w.actor_id = a.actor_id
    left join dim_date   d on date(w.event_at) = d.calendar_date

)

select * from final
    );
  
[0m13:39:35.820665 [debug] [Thread-1 (]: BigQuery adapter: https://console.cloud.google.com/bigquery?project=github-pulse-jumpy&j=bq:US:49def429-5beb-482a-9b3e-82c680b7e8f4&page=queryresults
[0m13:39:35.820948 [debug] [Thread-3 (]: BigQuery adapter: https://console.cloud.google.com/bigquery?project=github-pulse-jumpy&j=bq:US:0b12f288-6e12-46cb-8fa7-0672ab145071&page=queryresults
[0m13:39:37.801384 [debug] [Thread-4 (]: SQL status: OK in 6.588 seconds
[0m13:39:38.035624 [debug] [Thread-4 (]: Sending event: {'category': 'dbt', 'action': 'run_model', 'label': '69b58d75-bd90-4f88-99fe-1b03c44c81a1', 'context': [<snowplow_tracker.self_describing_json.SelfDescribingJson object at 0x110321590>]}
[0m13:39:38.036924 [info ] [Thread-4 (]: 8 of 10 OK created sql table model github_pulse_analytics_dev_marts.fct_repo_lifecycle  [[32mCREATE TABLE (568.0k rows, 1.9 GiB processed)[0m in 8.06s]
[0m13:39:38.037910 [debug] [Thread-4 (]: Finished running node model.github_pulse.fct_repo_lifecycle
[0m13:39:39.513245 [debug] [Thread-1 (]: SQL status: OK in 3.692 seconds
[0m13:39:39.731659 [debug] [Thread-1 (]: Sending event: {'category': 'dbt', 'action': 'run_model', 'label': '69b58d75-bd90-4f88-99fe-1b03c44c81a1', 'context': [<snowplow_tracker.self_describing_json.SelfDescribingJson object at 0x10ffdd7d0>]}
[0m13:39:39.733301 [info ] [Thread-1 (]: 10 of 10 OK created sql table model github_pulse_analytics_dev_marts.fct_repo_engagement  [[32mCREATE TABLE (27.0k rows, 1.9 GiB processed)[0m in 5.10s]
[0m13:39:39.734601 [debug] [Thread-1 (]: Finished running node model.github_pulse.fct_repo_engagement
[0m13:39:41.809894 [debug] [Thread-3 (]: SQL status: OK in 5.988 seconds
[0m13:39:42.021694 [debug] [Thread-3 (]: Sending event: {'category': 'dbt', 'action': 'run_model', 'label': '69b58d75-bd90-4f88-99fe-1b03c44c81a1', 'context': [<snowplow_tracker.self_describing_json.SelfDescribingJson object at 0x10f914650>]}
[0m13:39:42.023542 [info ] [Thread-3 (]: 9 of 10 OK created sql table model github_pulse_analytics_dev_marts.fct_pull_requests  [[32mCREATE TABLE (98.2k rows, 1.9 GiB processed)[0m in 7.39s]
[0m13:39:42.024842 [debug] [Thread-3 (]: Finished running node model.github_pulse.fct_pull_requests
[0m13:39:42.027624 [debug] [MainThread]: Opening a new connection, currently in state closed
[0m13:39:42.111381 [debug] [MainThread]: Connection 'master' was properly closed.
[0m13:39:42.111629 [debug] [MainThread]: Connection 'model.github_pulse.fct_repo_engagement' was properly closed.
[0m13:39:42.111736 [debug] [MainThread]: Connection 'model.github_pulse.dim_actor' was properly closed.
[0m13:39:42.111830 [debug] [MainThread]: Connection 'model.github_pulse.fct_pull_requests' was properly closed.
[0m13:39:42.111921 [debug] [MainThread]: Connection 'model.github_pulse.fct_repo_lifecycle' was properly closed.
[0m13:39:42.112087 [info ] [MainThread]: 
[0m13:39:42.112224 [info ] [MainThread]: Finished running 6 table models, 4 view models in 0 hours 0 minutes and 21.64 seconds (21.64s).
[0m13:39:42.112877 [debug] [MainThread]: Command end result
[0m13:39:42.132137 [debug] [MainThread]: Wrote artifact WritableManifest to /Users/perrikwong/Desktop/github_pulse/target/manifest.json
[0m13:39:42.133025 [debug] [MainThread]: Wrote artifact SemanticManifest to /Users/perrikwong/Desktop/github_pulse/target/semantic_manifest.json
[0m13:39:42.135506 [debug] [MainThread]: Wrote artifact RunExecutionResult to /Users/perrikwong/Desktop/github_pulse/target/run_results.json
[0m13:39:42.135610 [info ] [MainThread]: 
[0m13:39:42.135748 [info ] [MainThread]: [32mCompleted successfully[0m
[0m13:39:42.135856 [info ] [MainThread]: 
[0m13:39:42.135977 [info ] [MainThread]: Done. PASS=10 WARN=0 ERROR=0 SKIP=0 NO-OP=0 TOTAL=10
[0m13:39:42.136233 [debug] [MainThread]: Resource report: {"command_name": "run", "command_success": true, "command_wall_clock_time": 22.37456, "process_in_blocks": "0", "process_kernel_time": 0.272552, "process_mem_max_rss": "238813184", "process_out_blocks": "0", "process_user_time": 2.751911}
[0m13:39:42.136391 [debug] [MainThread]: Command `dbt run` succeeded at 13:39:42.136364 after 22.37 seconds
[0m13:39:42.136525 [debug] [MainThread]: Sending event: {'category': 'dbt', 'action': 'invocation', 'label': 'end', 'context': [<snowplow_tracker.self_describing_json.SelfDescribingJson object at 0x1053a1350>, <snowplow_tracker.self_describing_json.SelfDescribingJson object at 0x105547b90>, <snowplow_tracker.self_describing_json.SelfDescribingJson object at 0x101c770d0>]}
[0m13:39:42.136644 [debug] [MainThread]: Flushing usage events
[0m13:39:42.718770 [debug] [MainThread]: An error was encountered while trying to flush usage events
[0m13:43:02.181294 [debug] [MainThread]: Sending event: {'category': 'dbt', 'action': 'invocation', 'label': 'start', 'context': [<snowplow_tracker.self_describing_json.SelfDescribingJson object at 0x1070cf6d0>, <snowplow_tracker.self_describing_json.SelfDescribingJson object at 0x1070db450>, <snowplow_tracker.self_describing_json.SelfDescribingJson object at 0x1070db690>]}


============================== 13:43:02.184010 | 438c85c2-2027-48ff-b7ec-64b3132a2631 ==============================
[0m13:43:02.184010 [info ] [MainThread]: Running with dbt=1.11.11
[0m13:43:02.184264 [debug] [MainThread]: running dbt with arguments {'send_anonymous_usage_stats': 'True', 'warn_error': 'None', 'log_cache_events': 'False', 'fail_fast': 'False', 'write_json': 'True', 'cache_selected_only': 'False', 'partial_parse': 'True', 'indirect_selection': 'eager', 'log_format': 'default', 'debug': 'False', 'use_experimental_parser': 'False', 'printer_width': '80', 'version_check': 'True', 'warn_error_options': 'WarnErrorOptionsV2(error=[], warn=[], silence=[])', 'log_path': '/Users/perrikwong/Desktop/github_pulse/logs', 'no_print': 'None', 'invocation_command': 'dbt run --select snap_repos', 'static_parser': 'True', 'target_path': 'None', 'profiles_dir': '/Users/perrikwong/.dbt', 'empty': 'False', 'quiet': 'False', 'use_colors': 'True', 'introspect': 'True'}
[0m13:43:02.786147 [debug] [MainThread]: Sending event: {'category': 'dbt', 'action': 'project_id', 'label': '438c85c2-2027-48ff-b7ec-64b3132a2631', 'context': [<snowplow_tracker.self_describing_json.SelfDescribingJson object at 0x10ff5ce10>]}
[0m13:43:02.807773 [debug] [MainThread]: Sending event: {'category': 'dbt', 'action': 'adapter_info', 'label': '438c85c2-2027-48ff-b7ec-64b3132a2631', 'context': [<snowplow_tracker.self_describing_json.SelfDescribingJson object at 0x1046c5c90>]}
[0m13:43:02.808021 [info ] [MainThread]: Registered adapter: bigquery=1.11.1
[0m13:43:02.877765 [debug] [MainThread]: checksum: 30a8cc8fdcbf66701b0944d4ccce3fa46dd04b61e5df68b9f16d57b2e0e3f0be, vars: {}, profile: , target: , version: 1.11.11
[0m13:43:02.964299 [debug] [MainThread]: Partial parsing enabled: 0 files deleted, 0 files added, 0 files changed.
[0m13:43:02.964478 [debug] [MainThread]: Nothing changed, skipping partial parsing.
[0m13:43:02.964574 [debug] [MainThread]: Partial parsing enabled, no changes found, skipping parsing
[0m13:43:02.966990 [warn ] [MainThread]: [[33mWARNING[0m]: Configuration paths exist in your dbt_project.yml file which do not apply to any resources.
There are 1 unused configuration paths:
- models.github_pulse.intermediate
[0m13:43:02.987624 [debug] [MainThread]: Sending event: {'category': 'dbt', 'action': 'load_project', 'label': '438c85c2-2027-48ff-b7ec-64b3132a2631', 'context': [<snowplow_tracker.self_describing_json.SelfDescribingJson object at 0x11c47e7d0>]}
[0m13:43:03.036091 [debug] [MainThread]: Wrote artifact WritableManifest to /Users/perrikwong/Desktop/github_pulse/target/manifest.json
[0m13:43:03.037351 [debug] [MainThread]: Wrote artifact SemanticManifest to /Users/perrikwong/Desktop/github_pulse/target/semantic_manifest.json
[0m13:43:03.043945 [debug] [MainThread]: Sending event: {'category': 'dbt', 'action': 'resource_counts', 'label': '438c85c2-2027-48ff-b7ec-64b3132a2631', 'context': [<snowplow_tracker.self_describing_json.SelfDescribingJson object at 0x11c2d0690>]}
[0m13:43:03.044122 [info ] [MainThread]: Found 10 models, 1 snapshot, 54 data tests, 1 source, 665 macros
[0m13:43:03.044232 [debug] [MainThread]: Sending event: {'category': 'dbt', 'action': 'runnable_timing', 'label': '438c85c2-2027-48ff-b7ec-64b3132a2631', 'context': [<snowplow_tracker.self_describing_json.SelfDescribingJson object at 0x11c218190>]}
[0m13:43:03.044912 [warn ] [MainThread]: Nothing to do. Try checking your model configs and model specification args
[0m13:43:03.045537 [debug] [MainThread]: Command end result
[0m13:43:03.101305 [debug] [MainThread]: Wrote artifact WritableManifest to /Users/perrikwong/Desktop/github_pulse/target/manifest.json
[0m13:43:03.102477 [debug] [MainThread]: Wrote artifact SemanticManifest to /Users/perrikwong/Desktop/github_pulse/target/semantic_manifest.json
[0m13:43:03.104129 [debug] [MainThread]: Wrote artifact RunExecutionResult to /Users/perrikwong/Desktop/github_pulse/target/run_results.json
[0m13:43:03.104391 [debug] [MainThread]: Resource report: {"command_name": "run", "command_success": true, "command_wall_clock_time": 0.9564861, "process_in_blocks": "0", "process_kernel_time": 0.206825, "process_mem_max_rss": "222642176", "process_out_blocks": "0", "process_user_time": 1.02826}
[0m13:43:03.104583 [debug] [MainThread]: Command `dbt run` succeeded at 13:43:03.104553 after 0.96 seconds
[0m13:43:03.104725 [debug] [MainThread]: Sending event: {'category': 'dbt', 'action': 'invocation', 'label': 'end', 'context': [<snowplow_tracker.self_describing_json.SelfDescribingJson object at 0x103872d50>, <snowplow_tracker.self_describing_json.SelfDescribingJson object at 0x103872cd0>, <snowplow_tracker.self_describing_json.SelfDescribingJson object at 0x10387a090>]}
[0m13:43:03.104850 [debug] [MainThread]: Flushing usage events
[0m13:43:03.488818 [debug] [MainThread]: An error was encountered while trying to flush usage events
[0m13:49:11.851372 [debug] [MainThread]: Sending event: {'category': 'dbt', 'action': 'invocation', 'label': 'start', 'context': [<snowplow_tracker.self_describing_json.SelfDescribingJson object at 0x105058650>, <snowplow_tracker.self_describing_json.SelfDescribingJson object at 0x105123810>, <snowplow_tracker.self_describing_json.SelfDescribingJson object at 0x105123a50>]}


============================== 13:49:11.854109 | 30626025-6f74-4053-bcfc-5a01f006a786 ==============================
[0m13:49:11.854109 [info ] [MainThread]: Running with dbt=1.11.11
[0m13:49:11.854378 [debug] [MainThread]: running dbt with arguments {'empty': 'False', 'cache_selected_only': 'False', 'profiles_dir': '/Users/perrikwong/.dbt', 'invocation_command': 'dbt snapshot', 'indirect_selection': 'eager', 'log_cache_events': 'False', 'write_json': 'True', 'printer_width': '80', 'target_path': 'None', 'send_anonymous_usage_stats': 'True', 'partial_parse': 'True', 'warn_error_options': 'WarnErrorOptionsV2(error=[], warn=[], silence=[])', 'version_check': 'True', 'quiet': 'False', 'no_print': 'None', 'use_colors': 'True', 'static_parser': 'True', 'log_format': 'default', 'introspect': 'True', 'warn_error': 'None', 'log_path': '/Users/perrikwong/Desktop/github_pulse/logs', 'fail_fast': 'False', 'debug': 'False', 'use_experimental_parser': 'False'}
[0m13:49:12.865336 [debug] [MainThread]: Sending event: {'category': 'dbt', 'action': 'project_id', 'label': '30626025-6f74-4053-bcfc-5a01f006a786', 'context': [<snowplow_tracker.self_describing_json.SelfDescribingJson object at 0x109ea8cd0>]}
[0m13:49:12.893907 [debug] [MainThread]: Sending event: {'category': 'dbt', 'action': 'adapter_info', 'label': '30626025-6f74-4053-bcfc-5a01f006a786', 'context': [<snowplow_tracker.self_describing_json.SelfDescribingJson object at 0x1026b2bd0>]}
[0m13:49:12.894372 [info ] [MainThread]: Registered adapter: bigquery=1.11.1
[0m13:49:13.004580 [debug] [MainThread]: checksum: 30a8cc8fdcbf66701b0944d4ccce3fa46dd04b61e5df68b9f16d57b2e0e3f0be, vars: {}, profile: , target: , version: 1.11.11
[0m13:49:13.122091 [debug] [MainThread]: Partial parsing enabled: 0 files deleted, 0 files added, 1 files changed.
[0m13:49:13.122503 [debug] [MainThread]: Partial parsing: updated file: github_pulse://snapshots/snap_repos.sql
[0m13:49:13.228277 [warn ] [MainThread]: [[33mWARNING[0m]: Configuration paths exist in your dbt_project.yml file which do not apply to any resources.
There are 1 unused configuration paths:
- models.github_pulse.intermediate
[0m13:49:13.234273 [debug] [MainThread]: Sending event: {'category': 'dbt', 'action': 'load_project', 'label': '30626025-6f74-4053-bcfc-5a01f006a786', 'context': [<snowplow_tracker.self_describing_json.SelfDescribingJson object at 0x1130c2950>]}
[0m13:49:13.330166 [debug] [MainThread]: Wrote artifact WritableManifest to /Users/perrikwong/Desktop/github_pulse/target/manifest.json
[0m13:49:13.331884 [debug] [MainThread]: Wrote artifact SemanticManifest to /Users/perrikwong/Desktop/github_pulse/target/semantic_manifest.json
[0m13:49:13.340542 [debug] [MainThread]: Sending event: {'category': 'dbt', 'action': 'resource_counts', 'label': '30626025-6f74-4053-bcfc-5a01f006a786', 'context': [<snowplow_tracker.self_describing_json.SelfDescribingJson object at 0x1130c26d0>]}
[0m13:49:13.340813 [info ] [MainThread]: Found 10 models, 54 data tests, 1 snapshot, 1 source, 665 macros
[0m13:49:13.340950 [debug] [MainThread]: Sending event: {'category': 'dbt', 'action': 'runnable_timing', 'label': '30626025-6f74-4053-bcfc-5a01f006a786', 'context': [<snowplow_tracker.self_describing_json.SelfDescribingJson object at 0x1131c9110>]}
[0m13:49:13.342027 [info ] [MainThread]: 
[0m13:49:13.342177 [info ] [MainThread]: Concurrency: 4 threads (target='dev')
[0m13:49:13.342291 [info ] [MainThread]: 
[0m13:49:13.342495 [debug] [MainThread]: Acquiring new bigquery connection 'master'
[0m13:49:13.342857 [debug] [ThreadPool]: Acquiring new bigquery connection 'list_github-pulse-jumpy'
[0m13:49:13.343025 [debug] [ThreadPool]: Opening a new connection, currently in state init
[0m13:49:14.009042 [debug] [ThreadPool]: Re-using an available connection from the pool (formerly list_github-pulse-jumpy, now list_github-pulse-jumpy_github_pulse_analytics_dev_marts)
[0m13:49:14.009755 [debug] [ThreadPool]: Acquiring new bigquery connection 'list_github-pulse-jumpy_github_pulse_analytics_dev_core'
[0m13:49:14.010247 [debug] [ThreadPool]: Acquiring new bigquery connection 'list_github-pulse-jumpy_snapshots'
[0m13:49:14.010752 [debug] [ThreadPool]: Acquiring new bigquery connection 'list_github-pulse-jumpy_github_pulse_analytics_dev_staging'
[0m13:49:14.011024 [debug] [ThreadPool]: Opening a new connection, currently in state closed
[0m13:49:14.011399 [debug] [ThreadPool]: Opening a new connection, currently in state init
[0m13:49:14.011712 [debug] [ThreadPool]: Opening a new connection, currently in state init
[0m13:49:14.012001 [debug] [ThreadPool]: Opening a new connection, currently in state init
[0m13:49:14.755898 [debug] [MainThread]: Sending event: {'category': 'dbt', 'action': 'runnable_timing', 'label': '30626025-6f74-4053-bcfc-5a01f006a786', 'context': [<snowplow_tracker.self_describing_json.SelfDescribingJson object at 0x113386ed0>]}
[0m13:49:14.759220 [debug] [MainThread]: Opening a new connection, currently in state init
[0m13:49:14.839682 [debug] [Thread-1 (]: Began running node snapshot.github_pulse.snap_repos
[0m13:49:14.839997 [info ] [Thread-1 (]: 1 of 1 START snapshot snapshots.snap_repos ..................................... [RUN]
[0m13:49:14.840188 [debug] [Thread-1 (]: Re-using an available connection from the pool (formerly list_github-pulse-jumpy_github_pulse_analytics_dev_marts, now snapshot.github_pulse.snap_repos)
[0m13:49:14.840321 [debug] [Thread-1 (]: Began compiling node snapshot.github_pulse.snap_repos
[0m13:49:14.843756 [debug] [Thread-1 (]: Began executing node snapshot.github_pulse.snap_repos
[0m13:49:14.870420 [debug] [Thread-1 (]: On snapshot.github_pulse.snap_repos: /* {"app": "dbt", "dbt_version": "1.11.11", "profile_name": "github_pulse", "target_name": "dev", "node_id": "snapshot.github_pulse.snap_repos"} */
select * from (
        
    

    select *,
        to_hex(md5(concat(coalesce(cast(repo_id as string), ''), '|',coalesce(cast(dbt_snapshot_at as string), '')))) as dbt_scd_id,
        dbt_snapshot_at as dbt_updated_at,
        dbt_snapshot_at as dbt_valid_from,
        
  
  coalesce(nullif(dbt_snapshot_at, dbt_snapshot_at), null)
  as dbt_valid_to
from (
        



with repos_union as (

    select repo_id, repo_name, org_login, event_at
    from `github-pulse-jumpy`.`github_pulse_analytics_dev_staging`.`stg_github__pull_request_events`
    union distinct
    select repo_id, repo_name, org_login, event_at
    from `github-pulse-jumpy`.`github_pulse_analytics_dev_staging`.`stg_github__watch_events`
    union distinct
    select repo_id, repo_name, org_login, event_at
    from `github-pulse-jumpy`.`github_pulse_analytics_dev_staging`.`stg_github__create_events`
    union distinct
    select repo_id, repo_name, org_login, event_at
    from `github-pulse-jumpy`.`github_pulse_analytics_dev_staging`.`stg_github__delete_events`

),

-- latest_per_repo as (

--     select
--         repo_id,
--         repo_name,
--         org_login,
--         max(event_at) as dbt_snapshot_at

--     from repos_union
--     group by repo_id, repo_name, org_login

-- )

-- 同一个 repo_id 可能在不同 staging model 里有不同的 org_login, group by repo_id, repo_name, org_login 
-- 把这两行当成两个不同的分组 → 产生 2 行输出 → snapshot 建了 2 条记录 → dim_repo join 时 1 变 2。
-- 只按 repo_id 分组后，SQL 要从多行里取一个值给 repo_name 和 org_login。
-- MAX(org_login) → facebook ✅ (NULL 被忽略了) 这正好解决了我们的问题 — 
-- 不同 staging model 里同一个 repo 的 org_login 有的是 NULL 有的有值，MAX() 自动帮我们选有值的那个。

latest_per_repo as (

    select
        repo_id,
        max(repo_name)          as repo_name,
        max(org_login)          as org_login,
        max(event_at)           as dbt_snapshot_at
    from repos_union
    group by repo_id

)

select * from latest_per_repo

    ) sbq



    ) as __dbt_sbq
    where false and current_timestamp() = current_timestamp()
    limit 0

[0m13:49:14.870658 [debug] [Thread-1 (]: Opening a new connection, currently in state closed
[0m13:49:15.923896 [debug] [Thread-1 (]: BigQuery adapter: https://console.cloud.google.com/bigquery?project=github-pulse-jumpy&j=bq:US:34a70652-bf23-4e06-a038-11e16ba78c5a&page=queryresults
[0m13:49:16.231248 [debug] [Thread-1 (]: SQL status: OK in 0.306 seconds
[0m13:49:16.245090 [debug] [Thread-1 (]: On snapshot.github_pulse.snap_repos: /* {"app": "dbt", "dbt_version": "1.11.11", "profile_name": "github_pulse", "target_name": "dev", "node_id": "snapshot.github_pulse.snap_repos"} */
select * from (
        select 
    current_timestamp()
 as dbt_snapshot_time
    ) as __dbt_sbq
    where false and current_timestamp() = current_timestamp()
    limit 0

[0m13:49:16.658686 [debug] [Thread-1 (]: BigQuery adapter: https://console.cloud.google.com/bigquery?project=github-pulse-jumpy&j=bq:US:c99d76aa-3877-455f-a91c-a483fbb4e7c7&page=queryresults
[0m13:49:16.924394 [debug] [Thread-1 (]: SQL status: OK in 0.264 seconds
[0m13:49:16.936668 [debug] [Thread-1 (]: Writing runtime sql for node "snapshot.github_pulse.snap_repos"
[0m13:49:16.939298 [debug] [Thread-1 (]: On snapshot.github_pulse.snap_repos: /* {"app": "dbt", "dbt_version": "1.11.11", "profile_name": "github_pulse", "target_name": "dev", "node_id": "snapshot.github_pulse.snap_repos"} */

      
  
    

    create or replace table `github-pulse-jumpy`.`snapshots`.`snap_repos`
      
    
    

    
    OPTIONS()
    as (
      
    

    select *,
        to_hex(md5(concat(coalesce(cast(repo_id as string), ''), '|',coalesce(cast(dbt_snapshot_at as string), '')))) as dbt_scd_id,
        dbt_snapshot_at as dbt_updated_at,
        dbt_snapshot_at as dbt_valid_from,
        
  
  coalesce(nullif(dbt_snapshot_at, dbt_snapshot_at), null)
  as dbt_valid_to
from (
        



with repos_union as (

    select repo_id, repo_name, org_login, event_at
    from `github-pulse-jumpy`.`github_pulse_analytics_dev_staging`.`stg_github__pull_request_events`
    union distinct
    select repo_id, repo_name, org_login, event_at
    from `github-pulse-jumpy`.`github_pulse_analytics_dev_staging`.`stg_github__watch_events`
    union distinct
    select repo_id, repo_name, org_login, event_at
    from `github-pulse-jumpy`.`github_pulse_analytics_dev_staging`.`stg_github__create_events`
    union distinct
    select repo_id, repo_name, org_login, event_at
    from `github-pulse-jumpy`.`github_pulse_analytics_dev_staging`.`stg_github__delete_events`

),

-- latest_per_repo as (

--     select
--         repo_id,
--         repo_name,
--         org_login,
--         max(event_at) as dbt_snapshot_at

--     from repos_union
--     group by repo_id, repo_name, org_login

-- )

-- 同一个 repo_id 可能在不同 staging model 里有不同的 org_login, group by repo_id, repo_name, org_login 
-- 把这两行当成两个不同的分组 → 产生 2 行输出 → snapshot 建了 2 条记录 → dim_repo join 时 1 变 2。
-- 只按 repo_id 分组后，SQL 要从多行里取一个值给 repo_name 和 org_login。
-- MAX(org_login) → facebook ✅ (NULL 被忽略了) 这正好解决了我们的问题 — 
-- 不同 staging model 里同一个 repo 的 org_login 有的是 NULL 有的有值，MAX() 自动帮我们选有值的那个。

latest_per_repo as (

    select
        repo_id,
        max(repo_name)          as repo_name,
        max(org_login)          as org_login,
        max(event_at)           as dbt_snapshot_at
    from repos_union
    group by repo_id

)

select * from latest_per_repo

    ) sbq



    );
  
  
[0m13:49:17.693357 [debug] [Thread-1 (]: BigQuery adapter: https://console.cloud.google.com/bigquery?project=github-pulse-jumpy&j=bq:US:2c8c505e-1464-4ba5-90fb-0851f8012e46&page=queryresults
[0m13:49:21.454735 [debug] [Thread-1 (]: SQL status: OK in 3.760 seconds
[0m13:49:21.789709 [debug] [Thread-1 (]: Sending event: {'category': 'dbt', 'action': 'run_model', 'label': '30626025-6f74-4053-bcfc-5a01f006a786', 'context': [<snowplow_tracker.self_describing_json.SelfDescribingJson object at 0x1074fba10>]}
[0m13:49:21.790565 [info ] [Thread-1 (]: 1 of 1 OK snapshotted snapshots.snap_repos ..................................... [[32mCREATE TABLE (289.3k rows, 253.4 MiB processed)[0m in 6.95s]
[0m13:49:21.791087 [debug] [Thread-1 (]: Finished running node snapshot.github_pulse.snap_repos
[0m13:49:21.792199 [debug] [MainThread]: Opening a new connection, currently in state closed
[0m13:49:21.860448 [debug] [MainThread]: Connection 'master' was properly closed.
[0m13:49:21.860645 [debug] [MainThread]: Connection 'snapshot.github_pulse.snap_repos' was properly closed.
[0m13:49:21.860742 [debug] [MainThread]: Connection 'list_github-pulse-jumpy_github_pulse_analytics_dev_core' was properly closed.
[0m13:49:21.860828 [debug] [MainThread]: Connection 'list_github-pulse-jumpy_snapshots' was properly closed.
[0m13:49:21.860910 [debug] [MainThread]: Connection 'list_github-pulse-jumpy_github_pulse_analytics_dev_staging' was properly closed.
[0m13:49:21.861025 [info ] [MainThread]: 
[0m13:49:21.861148 [info ] [MainThread]: Finished running 1 snapshot in 0 hours 0 minutes and 8.52 seconds (8.52s).
[0m13:49:21.861446 [debug] [MainThread]: Command end result
[0m13:49:21.881409 [debug] [MainThread]: Wrote artifact WritableManifest to /Users/perrikwong/Desktop/github_pulse/target/manifest.json
[0m13:49:21.882537 [debug] [MainThread]: Wrote artifact SemanticManifest to /Users/perrikwong/Desktop/github_pulse/target/semantic_manifest.json
[0m13:49:21.885210 [debug] [MainThread]: Wrote artifact RunExecutionResult to /Users/perrikwong/Desktop/github_pulse/target/run_results.json
[0m13:49:21.885319 [info ] [MainThread]: 
[0m13:49:21.885472 [info ] [MainThread]: [32mCompleted successfully[0m
[0m13:49:21.885575 [info ] [MainThread]: 
[0m13:49:21.885691 [info ] [MainThread]: Done. PASS=1 WARN=0 ERROR=0 SKIP=0 NO-OP=0 TOTAL=1
[0m13:49:21.885952 [debug] [MainThread]: Resource report: {"command_name": "snapshot", "command_success": true, "command_wall_clock_time": 10.067627, "process_in_blocks": "0", "process_kernel_time": 0.342963, "process_mem_max_rss": "235225088", "process_out_blocks": "0", "process_user_time": 2.003946}
[0m13:49:21.886113 [debug] [MainThread]: Command `dbt snapshot` succeeded at 13:49:21.886081 after 10.07 seconds
[0m13:49:21.886256 [debug] [MainThread]: Sending event: {'category': 'dbt', 'action': 'invocation', 'label': 'end', 'context': [<snowplow_tracker.self_describing_json.SelfDescribingJson object at 0x104f81b10>, <snowplow_tracker.self_describing_json.SelfDescribingJson object at 0x101767090>, <snowplow_tracker.self_describing_json.SelfDescribingJson object at 0x1019dad90>]}
[0m13:49:21.886396 [debug] [MainThread]: Flushing usage events
[0m13:49:22.425962 [debug] [MainThread]: An error was encountered while trying to flush usage events
[0m13:50:26.355391 [debug] [MainThread]: Sending event: {'category': 'dbt', 'action': 'invocation', 'label': 'start', 'context': [<snowplow_tracker.self_describing_json.SelfDescribingJson object at 0x104cc9790>, <snowplow_tracker.self_describing_json.SelfDescribingJson object at 0x104d97310>, <snowplow_tracker.self_describing_json.SelfDescribingJson object at 0x104d97b90>]}


============================== 13:50:26.358072 | fd328379-5157-4be9-b849-f1412cd718d1 ==============================
[0m13:50:26.358072 [info ] [MainThread]: Running with dbt=1.11.11
[0m13:50:26.358352 [debug] [MainThread]: running dbt with arguments {'target_path': 'None', 'use_experimental_parser': 'False', 'log_path': '/Users/perrikwong/Desktop/github_pulse/logs', 'debug': 'False', 'use_colors': 'True', 'empty': 'False', 'cache_selected_only': 'False', 'printer_width': '80', 'indirect_selection': 'eager', 'static_parser': 'True', 'send_anonymous_usage_stats': 'True', 'quiet': 'False', 'invocation_command': 'dbt run --select staging marts.pull_requests marts.engagement marts.lifecycle', 'introspect': 'True', 'warn_error_options': 'WarnErrorOptionsV2(error=[], warn=[], silence=[])', 'fail_fast': 'False', 'warn_error': 'None', 'partial_parse': 'True', 'profiles_dir': '/Users/perrikwong/.dbt', 'version_check': 'True', 'log_format': 'default', 'log_cache_events': 'False', 'write_json': 'True', 'no_print': 'None'}
[0m13:50:27.016183 [debug] [MainThread]: Sending event: {'category': 'dbt', 'action': 'project_id', 'label': 'fd328379-5157-4be9-b849-f1412cd718d1', 'context': [<snowplow_tracker.self_describing_json.SelfDescribingJson object at 0x10f3767d0>]}
[0m13:50:27.037464 [debug] [MainThread]: Sending event: {'category': 'dbt', 'action': 'adapter_info', 'label': 'fd328379-5157-4be9-b849-f1412cd718d1', 'context': [<snowplow_tracker.self_describing_json.SelfDescribingJson object at 0x102382250>]}
[0m13:50:27.037708 [info ] [MainThread]: Registered adapter: bigquery=1.11.1
[0m13:50:27.107358 [debug] [MainThread]: checksum: 30a8cc8fdcbf66701b0944d4ccce3fa46dd04b61e5df68b9f16d57b2e0e3f0be, vars: {}, profile: , target: , version: 1.11.11
[0m13:50:27.192666 [debug] [MainThread]: Partial parsing enabled: 0 files deleted, 0 files added, 0 files changed.
[0m13:50:27.192864 [debug] [MainThread]: Nothing changed, skipping partial parsing.
[0m13:50:27.192962 [debug] [MainThread]: Partial parsing enabled, no changes found, skipping parsing
[0m13:50:27.195320 [warn ] [MainThread]: [[33mWARNING[0m]: Configuration paths exist in your dbt_project.yml file which do not apply to any resources.
There are 1 unused configuration paths:
- models.github_pulse.intermediate
[0m13:50:27.216130 [debug] [MainThread]: Sending event: {'category': 'dbt', 'action': 'load_project', 'label': 'fd328379-5157-4be9-b849-f1412cd718d1', 'context': [<snowplow_tracker.self_describing_json.SelfDescribingJson object at 0x10f97f350>]}
[0m13:50:27.265500 [debug] [MainThread]: Wrote artifact WritableManifest to /Users/perrikwong/Desktop/github_pulse/target/manifest.json
[0m13:50:27.267639 [debug] [MainThread]: Wrote artifact SemanticManifest to /Users/perrikwong/Desktop/github_pulse/target/semantic_manifest.json
[0m13:50:27.274752 [debug] [MainThread]: Sending event: {'category': 'dbt', 'action': 'resource_counts', 'label': 'fd328379-5157-4be9-b849-f1412cd718d1', 'context': [<snowplow_tracker.self_describing_json.SelfDescribingJson object at 0x10f9602d0>]}
[0m13:50:27.274948 [info ] [MainThread]: Found 10 models, 54 data tests, 1 snapshot, 1 source, 665 macros
[0m13:50:27.275071 [debug] [MainThread]: Sending event: {'category': 'dbt', 'action': 'runnable_timing', 'label': 'fd328379-5157-4be9-b849-f1412cd718d1', 'context': [<snowplow_tracker.self_describing_json.SelfDescribingJson object at 0x10f709490>]}
[0m13:50:27.276345 [info ] [MainThread]: 
[0m13:50:27.276467 [info ] [MainThread]: Concurrency: 4 threads (target='dev')
[0m13:50:27.276565 [info ] [MainThread]: 
[0m13:50:27.276749 [debug] [MainThread]: Acquiring new bigquery connection 'master'
[0m13:50:27.278355 [debug] [ThreadPool]: Acquiring new bigquery connection 'list_github-pulse-jumpy'
[0m13:50:27.278536 [debug] [ThreadPool]: Acquiring new bigquery connection 'list_github-pulse-jumpy'
[0m13:50:27.278676 [debug] [ThreadPool]: Opening a new connection, currently in state init
[0m13:50:27.278787 [debug] [ThreadPool]: Opening a new connection, currently in state init
[0m13:50:28.534038 [debug] [ThreadPool]: Re-using an available connection from the pool (formerly list_github-pulse-jumpy, now list_github-pulse-jumpy_github_pulse_analytics_dev_marts)
[0m13:50:28.534641 [debug] [ThreadPool]: Re-using an available connection from the pool (formerly list_github-pulse-jumpy, now list_github-pulse-jumpy_snapshots)
[0m13:50:28.535059 [debug] [ThreadPool]: Opening a new connection, currently in state closed
[0m13:50:28.535497 [debug] [ThreadPool]: Acquiring new bigquery connection 'list_github-pulse-jumpy_github_pulse_analytics_dev_core'
[0m13:50:28.535944 [debug] [ThreadPool]: Acquiring new bigquery connection 'list_github-pulse-jumpy_github_pulse_analytics_dev_staging'
[0m13:50:28.536276 [debug] [ThreadPool]: Opening a new connection, currently in state closed
[0m13:50:28.536651 [debug] [ThreadPool]: Opening a new connection, currently in state init
[0m13:50:28.606026 [debug] [ThreadPool]: Opening a new connection, currently in state init
[0m13:50:29.230592 [debug] [MainThread]: Sending event: {'category': 'dbt', 'action': 'runnable_timing', 'label': 'fd328379-5157-4be9-b849-f1412cd718d1', 'context': [<snowplow_tracker.self_describing_json.SelfDescribingJson object at 0x102267850>]}
[0m13:50:29.231812 [debug] [MainThread]: Opening a new connection, currently in state init
[0m13:50:29.311672 [debug] [Thread-1 (]: Began running node model.github_pulse.stg_github__create_events
[0m13:50:29.311913 [debug] [Thread-2 (]: Began running node model.github_pulse.stg_github__delete_events
[0m13:50:29.312037 [debug] [Thread-3 (]: Began running node model.github_pulse.stg_github__pull_request_events
[0m13:50:29.312360 [debug] [Thread-4 (]: Began running node model.github_pulse.stg_github__watch_events
[0m13:50:29.312227 [info ] [Thread-1 (]: 1 of 7 START sql view model github_pulse_analytics_dev_staging.stg_github__create_events  [RUN]
[0m13:50:29.312607 [info ] [Thread-2 (]: 2 of 7 START sql view model github_pulse_analytics_dev_staging.stg_github__delete_events  [RUN]
[0m13:50:29.312799 [info ] [Thread-3 (]: 3 of 7 START sql view model github_pulse_analytics_dev_staging.stg_github__pull_request_events  [RUN]
[0m13:50:29.312964 [info ] [Thread-4 (]: 4 of 7 START sql view model github_pulse_analytics_dev_staging.stg_github__watch_events  [RUN]
[0m13:50:29.313139 [debug] [Thread-1 (]: Re-using an available connection from the pool (formerly list_github-pulse-jumpy_github_pulse_analytics_dev_marts, now model.github_pulse.stg_github__create_events)
[0m13:50:29.313265 [debug] [Thread-2 (]: Re-using an available connection from the pool (formerly list_github-pulse-jumpy_snapshots, now model.github_pulse.stg_github__delete_events)
[0m13:50:29.313381 [debug] [Thread-3 (]: Re-using an available connection from the pool (formerly list_github-pulse-jumpy_github_pulse_analytics_dev_core, now model.github_pulse.stg_github__pull_request_events)
[0m13:50:29.313496 [debug] [Thread-4 (]: Re-using an available connection from the pool (formerly list_github-pulse-jumpy_github_pulse_analytics_dev_staging, now model.github_pulse.stg_github__watch_events)
[0m13:50:29.313619 [debug] [Thread-1 (]: Began compiling node model.github_pulse.stg_github__create_events
[0m13:50:29.313736 [debug] [Thread-2 (]: Began compiling node model.github_pulse.stg_github__delete_events
[0m13:50:29.313844 [debug] [Thread-3 (]: Began compiling node model.github_pulse.stg_github__pull_request_events
[0m13:50:29.313951 [debug] [Thread-4 (]: Began compiling node model.github_pulse.stg_github__watch_events
[0m13:50:29.318501 [debug] [Thread-1 (]: Writing injected SQL for node "model.github_pulse.stg_github__create_events"
[0m13:50:29.319721 [debug] [Thread-2 (]: Writing injected SQL for node "model.github_pulse.stg_github__delete_events"
[0m13:50:29.321509 [debug] [Thread-3 (]: Writing injected SQL for node "model.github_pulse.stg_github__pull_request_events"
[0m13:50:29.322528 [debug] [Thread-4 (]: Writing injected SQL for node "model.github_pulse.stg_github__watch_events"
[0m13:50:29.323105 [debug] [Thread-1 (]: Began executing node model.github_pulse.stg_github__create_events
[0m13:50:29.323233 [debug] [Thread-4 (]: Began executing node model.github_pulse.stg_github__watch_events
[0m13:50:29.323381 [debug] [Thread-3 (]: Began executing node model.github_pulse.stg_github__pull_request_events
[0m13:50:29.323520 [debug] [Thread-2 (]: Began executing node model.github_pulse.stg_github__delete_events
[0m13:50:29.333962 [debug] [Thread-1 (]: Writing runtime sql for node "model.github_pulse.stg_github__create_events"
[0m13:50:29.334959 [debug] [Thread-4 (]: Writing runtime sql for node "model.github_pulse.stg_github__watch_events"
[0m13:50:29.335946 [debug] [Thread-3 (]: Writing runtime sql for node "model.github_pulse.stg_github__pull_request_events"
[0m13:50:29.336843 [debug] [Thread-2 (]: Writing runtime sql for node "model.github_pulse.stg_github__delete_events"
[0m13:50:29.337520 [debug] [Thread-1 (]: On model.github_pulse.stg_github__create_events: /* {"app": "dbt", "dbt_version": "1.11.11", "profile_name": "github_pulse", "target_name": "dev", "node_id": "model.github_pulse.stg_github__create_events"} */


  create or replace view `github-pulse-jumpy`.`github_pulse_analytics_dev_staging`.`stg_github__create_events`
  OPTIONS()
  as 

with source as (

    select *
    from `githubarchive`.`day`.`20260428`
    where type = 'CreateEvent'

),

deduplicated as (
    select *
    from source
    qualify row_number() over (partition by id order by created_at) = 1
),

renamed as (

    select
        id                                              as event_id,

        actor.id                                        as actor_id,
        actor.login                                     as actor_login,

        repo.id                                         as repo_id,
        repo.name                                       as repo_name,

        org.id                                          as org_id,
        org.login                                       as org_login,

        -- what was created: 'branch', 'tag', or 'repository'
        json_value(payload, '$.ref_type')               as ref_type,
        -- the name of the branch / tag (null for repository creation)
        json_value(payload, '$.ref')                    as ref_name,
        -- description of the repo when ref_type = 'repository'
        json_value(payload, '$.description')            as description,
        -- master_branch — typically only set for repo creation
        json_value(payload, '$.master_branch')          as master_branch,

        created_at                                      as event_at

    from deduplicated

)

select * from renamed;


[0m13:50:29.337728 [debug] [Thread-1 (]: Opening a new connection, currently in state closed
[0m13:50:29.337901 [debug] [Thread-2 (]: On model.github_pulse.stg_github__delete_events: /* {"app": "dbt", "dbt_version": "1.11.11", "profile_name": "github_pulse", "target_name": "dev", "node_id": "model.github_pulse.stg_github__delete_events"} */


  create or replace view `github-pulse-jumpy`.`github_pulse_analytics_dev_staging`.`stg_github__delete_events`
  OPTIONS()
  as 

with source as (

    select *
    from `githubarchive`.`day`.`20260428`
    where type = 'DeleteEvent'

),

deduplicated as (

    select *
    from source
    qualify row_number() over (
        partition by id
        order by created_at
    ) = 1

),

renamed as (

    select
        id                                              as event_id,

        actor.id                                        as actor_id,
        actor.login                                     as actor_login,

        repo.id                                         as repo_id,
        repo.name                                       as repo_name,

        org.id                                          as org_id,
        org.login                                       as org_login,

        -- what was deleted: 'branch' or 'tag' (repos don't generate DeleteEvent)
        json_value(payload, '$.ref_type')               as ref_type,
        json_value(payload, '$.ref')                    as ref_name,

        created_at                                      as event_at

    from deduplicated

)

select * from renamed;


[0m13:50:29.338097 [debug] [Thread-4 (]: On model.github_pulse.stg_github__watch_events: /* {"app": "dbt", "dbt_version": "1.11.11", "profile_name": "github_pulse", "target_name": "dev", "node_id": "model.github_pulse.stg_github__watch_events"} */


  create or replace view `github-pulse-jumpy`.`github_pulse_analytics_dev_staging`.`stg_github__watch_events`
  OPTIONS()
  as with source as (
    select *
    from `githubarchive`.`day`.`20260428`
    where type = 'WatchEvent'
),

deduplicated as (

    select *
    from source
    qualify row_number() over (
        partition by id
        order by created_at
    ) = 1

),


renamed as (
    select
        id                  as event_id,
        actor.id            as actor_id,
        actor.login         as actor_login,
        repo.id             as repo_id,
        repo.name           as repo_name,
        org.id              as org_id,
        org.login           as org_login,
        json_value(payload, '$.action')   as engagement_action,
        created_at          as event_at
    from deduplicated  
)

select * from renamed;


[0m13:50:29.389637 [debug] [Thread-2 (]: Opening a new connection, currently in state closed
[0m13:50:29.390368 [debug] [Thread-4 (]: Opening a new connection, currently in state closed
[0m13:50:29.390594 [debug] [Thread-3 (]: On model.github_pulse.stg_github__pull_request_events: /* {"app": "dbt", "dbt_version": "1.11.11", "profile_name": "github_pulse", "target_name": "dev", "node_id": "model.github_pulse.stg_github__pull_request_events"} */


  create or replace view `github-pulse-jumpy`.`github_pulse_analytics_dev_staging`.`stg_github__pull_request_events`
  OPTIONS()
  as 

with source as (

    select *
    from `githubarchive`.`day`.`20260428`
    where type = 'PullRequestEvent'

),

deduplicated as (

    select *
    from source
    qualify row_number() over (
        partition by id
        order by created_at
    ) = 1

),

renamed as (

    select
        -- identifiers
        id                                                                  as event_id,
        cast(json_value(payload, '$.pull_request.id') as int64)             as pr_id,
        cast(json_value(payload, '$.number') as int64)                      as pr_number,

        -- actor (the user performing the action)
        actor.id                                                            as actor_id,
        actor.login                                                         as actor_login,

        -- repo
        repo.id                                                             as repo_id,
        repo.name                                                           as repo_name,

        -- org (nullable — only set when repo is in an org)
        org.id                                                              as org_id,
        org.login                                                           as org_login,

        -- action: what happened to the PR
        -- (opened / closed / merged / reopened / labeled / assigned / etc.)
        json_value(payload, '$.action')                                     as pr_action,

        -- convenience flags derived from action
        case when json_value(payload, '$.action') = 'opened'   then true else false end as is_opened,
        case when json_value(payload, '$.action') = 'closed'   then true else false end as is_closed,
        case when json_value(payload, '$.action') = 'merged'   then true else false end as is_merged,
        case when json_value(payload, '$.action') = 'reopened' then true else false end as is_reopened,
        case when json_value(payload, '$.action') = 'labeled'  then true else false end as is_labeled,

        -- timestamp
        created_at                                                          as event_at

    from deduplicated

)

select * from renamed;


[0m13:50:29.491736 [debug] [Thread-3 (]: Opening a new connection, currently in state closed
[0m13:50:30.178034 [debug] [Thread-2 (]: BigQuery adapter: https://console.cloud.google.com/bigquery?project=github-pulse-jumpy&j=bq:US:5d824066-2520-4b66-9ef2-c1827bbcd223&page=queryresults
[0m13:50:30.371387 [debug] [Thread-1 (]: BigQuery adapter: https://console.cloud.google.com/bigquery?project=github-pulse-jumpy&j=bq:US:cd0e9670-54f0-4f60-a290-e4124f607c16&page=queryresults
[0m13:50:30.431635 [debug] [Thread-4 (]: BigQuery adapter: https://console.cloud.google.com/bigquery?project=github-pulse-jumpy&j=bq:US:f20df01b-11d7-4384-a4d4-4e8b2d4afbc4&page=queryresults
[0m13:50:30.520399 [debug] [Thread-3 (]: BigQuery adapter: https://console.cloud.google.com/bigquery?project=github-pulse-jumpy&j=bq:US:2536baa3-76db-49e1-8b75-ed6e022d7ae0&page=queryresults
[0m13:50:30.616764 [debug] [Thread-2 (]: SQL status: OK in 0.438 seconds
[0m13:50:30.743907 [debug] [Thread-1 (]: SQL status: OK in 0.372 seconds
[0m13:50:30.763582 [debug] [Thread-2 (]: Sending event: {'category': 'dbt', 'action': 'run_model', 'label': 'fd328379-5157-4be9-b849-f1412cd718d1', 'context': [<snowplow_tracker.self_describing_json.SelfDescribingJson object at 0x10f97f010>]}
[0m13:50:30.763709 [debug] [Thread-1 (]: Sending event: {'category': 'dbt', 'action': 'run_model', 'label': 'fd328379-5157-4be9-b849-f1412cd718d1', 'context': [<snowplow_tracker.self_describing_json.SelfDescribingJson object at 0x112dbac10>]}
[0m13:50:30.764017 [info ] [Thread-2 (]: 2 of 7 OK created sql view model github_pulse_analytics_dev_staging.stg_github__delete_events  [[32mCREATE VIEW (0 processed)[0m in 1.45s]
[0m13:50:30.764305 [info ] [Thread-1 (]: 1 of 7 OK created sql view model github_pulse_analytics_dev_staging.stg_github__create_events  [[32mCREATE VIEW (0 processed)[0m in 1.45s]
[0m13:50:30.764563 [debug] [Thread-2 (]: Finished running node model.github_pulse.stg_github__delete_events
[0m13:50:30.764767 [debug] [Thread-1 (]: Finished running node model.github_pulse.stg_github__create_events
[0m13:50:30.792236 [debug] [Thread-4 (]: SQL status: OK in 0.360 seconds
[0m13:50:30.793780 [debug] [Thread-4 (]: Sending event: {'category': 'dbt', 'action': 'run_model', 'label': 'fd328379-5157-4be9-b849-f1412cd718d1', 'context': [<snowplow_tracker.self_describing_json.SelfDescribingJson object at 0x112ef8890>]}
[0m13:50:30.793998 [info ] [Thread-4 (]: 4 of 7 OK created sql view model github_pulse_analytics_dev_staging.stg_github__watch_events  [[32mCREATE VIEW (0 processed)[0m in 1.48s]
[0m13:50:30.794187 [debug] [Thread-4 (]: Finished running node model.github_pulse.stg_github__watch_events
[0m13:50:30.982764 [debug] [Thread-3 (]: SQL status: OK in 0.462 seconds
[0m13:50:30.990045 [debug] [Thread-3 (]: Sending event: {'category': 'dbt', 'action': 'run_model', 'label': 'fd328379-5157-4be9-b849-f1412cd718d1', 'context': [<snowplow_tracker.self_describing_json.SelfDescribingJson object at 0x10fc28990>]}
[0m13:50:30.991701 [info ] [Thread-3 (]: 3 of 7 OK created sql view model github_pulse_analytics_dev_staging.stg_github__pull_request_events  [[32mCREATE VIEW (0 processed)[0m in 1.68s]
[0m13:50:30.993030 [debug] [Thread-3 (]: Finished running node model.github_pulse.stg_github__pull_request_events
[0m13:50:30.994642 [debug] [Thread-2 (]: Began running node model.github_pulse.fct_pull_requests
[0m13:50:30.995107 [debug] [Thread-1 (]: Began running node model.github_pulse.fct_repo_engagement
[0m13:50:30.995595 [debug] [Thread-4 (]: Began running node model.github_pulse.fct_repo_lifecycle
[0m13:50:30.996707 [info ] [Thread-2 (]: 5 of 7 START sql table model github_pulse_analytics_dev_marts.fct_pull_requests  [RUN]
[0m13:50:30.997656 [info ] [Thread-1 (]: 6 of 7 START sql table model github_pulse_analytics_dev_marts.fct_repo_engagement  [RUN]
[0m13:50:30.998297 [info ] [Thread-4 (]: 7 of 7 START sql table model github_pulse_analytics_dev_marts.fct_repo_lifecycle  [RUN]
[0m13:50:30.998848 [debug] [Thread-2 (]: Re-using an available connection from the pool (formerly model.github_pulse.stg_github__delete_events, now model.github_pulse.fct_pull_requests)
[0m13:50:30.999367 [debug] [Thread-1 (]: Re-using an available connection from the pool (formerly model.github_pulse.stg_github__create_events, now model.github_pulse.fct_repo_engagement)
[0m13:50:30.999985 [debug] [Thread-4 (]: Re-using an available connection from the pool (formerly model.github_pulse.stg_github__watch_events, now model.github_pulse.fct_repo_lifecycle)
[0m13:50:31.001145 [debug] [Thread-2 (]: Began compiling node model.github_pulse.fct_pull_requests
[0m13:50:31.001665 [debug] [Thread-1 (]: Began compiling node model.github_pulse.fct_repo_engagement
[0m13:50:31.002097 [debug] [Thread-4 (]: Began compiling node model.github_pulse.fct_repo_lifecycle
[0m13:50:31.022345 [debug] [Thread-2 (]: Writing injected SQL for node "model.github_pulse.fct_pull_requests"
[0m13:50:31.026625 [debug] [Thread-1 (]: Writing injected SQL for node "model.github_pulse.fct_repo_engagement"
[0m13:50:31.030240 [debug] [Thread-4 (]: Writing injected SQL for node "model.github_pulse.fct_repo_lifecycle"
[0m13:50:31.031891 [debug] [Thread-2 (]: Began executing node model.github_pulse.fct_pull_requests
[0m13:50:31.032161 [debug] [Thread-1 (]: Began executing node model.github_pulse.fct_repo_engagement
[0m13:50:31.039402 [debug] [Thread-2 (]: Opening a new connection, currently in state closed
[0m13:50:31.040896 [debug] [Thread-1 (]: Opening a new connection, currently in state closed
[0m13:50:31.041128 [debug] [Thread-4 (]: Began executing node model.github_pulse.fct_repo_lifecycle
[0m13:50:31.151972 [debug] [Thread-4 (]: Opening a new connection, currently in state closed
[0m13:50:31.747046 [debug] [Thread-1 (]: Writing runtime sql for node "model.github_pulse.fct_repo_engagement"
[0m13:50:31.749792 [debug] [Thread-2 (]: Writing runtime sql for node "model.github_pulse.fct_pull_requests"
[0m13:50:31.750340 [debug] [Thread-4 (]: Writing runtime sql for node "model.github_pulse.fct_repo_lifecycle"
[0m13:50:31.751704 [debug] [Thread-1 (]: On model.github_pulse.fct_repo_engagement: /* {"app": "dbt", "dbt_version": "1.11.11", "profile_name": "github_pulse", "target_name": "dev", "node_id": "model.github_pulse.fct_repo_engagement"} */

  
    

    create or replace table `github-pulse-jumpy`.`github_pulse_analytics_dev_marts`.`fct_repo_engagement`
      
    
    

    
    OPTIONS()
    as (
      

with watch_events as (

    select * from `github-pulse-jumpy`.`github_pulse_analytics_dev_staging`.`stg_github__watch_events`

),

dim_repo as (

    select repo_id, repo_sk, repo_name, repo_owner, repo_slug, repo_url
    from `github-pulse-jumpy`.`github_pulse_analytics_dev_core`.`dim_repo`
    where is_current

),

dim_actor as (

    select actor_id, actor_login
    from `github-pulse-jumpy`.`github_pulse_analytics_dev_core`.`dim_actor`

),

dim_date as (

    select date_id, calendar_date
    from `github-pulse-jumpy`.`github_pulse_analytics_dev_core`.`dim_date`

),

final as (

    select
        -- surrogate key
        to_hex(md5(cast(coalesce(cast(w.event_id as string), '_dbt_utils_surrogate_key_null_') as string)))      as engagement_sk,

        -- foreign keys
        w.event_id,
        coalesce(r.repo_sk, 'unknown')                              as repo_sk,
        coalesce(
            d.date_id,
            cast(format_date('%Y%m%d', date(w.event_at)) as int64)
        )                                                           as date_id,

        -- actor
        w.actor_id,
        coalesce(a.actor_login, w.actor_login)                      as actor_login,

        -- repo (denormalized)
        coalesce(r.repo_name, w.repo_name)                          as repo_name,
        r.repo_owner,
        r.repo_slug,
        r.repo_url,

        -- engagement type (always 'started' = starred for WatchEvent)
        w.engagement_action,

        -- timestamp
        w.event_at

    from watch_events w
    left join dim_repo   r on w.repo_id  = r.repo_id
    left join dim_actor  a on w.actor_id = a.actor_id
    left join dim_date   d on date(w.event_at) = d.calendar_date

)

select * from final
    );
  
[0m13:50:31.752101 [debug] [Thread-2 (]: On model.github_pulse.fct_pull_requests: /* {"app": "dbt", "dbt_version": "1.11.11", "profile_name": "github_pulse", "target_name": "dev", "node_id": "model.github_pulse.fct_pull_requests"} */

  
    

    create or replace table `github-pulse-jumpy`.`github_pulse_analytics_dev_marts`.`fct_pull_requests`
      
    
    

    
    OPTIONS()
    as (
      

with pr_events as (

    select * from `github-pulse-jumpy`.`github_pulse_analytics_dev_staging`.`stg_github__pull_request_events`

),

dim_repo as (

    select repo_id, repo_sk, repo_name, repo_owner, repo_slug, repo_url
    from `github-pulse-jumpy`.`github_pulse_analytics_dev_core`.`dim_repo`
    where is_current

),

dim_actor as (

    select actor_id, actor_login, profile_url
    from `github-pulse-jumpy`.`github_pulse_analytics_dev_core`.`dim_actor`

),

dim_date as (

    select date_id, calendar_date
    from `github-pulse-jumpy`.`github_pulse_analytics_dev_core`.`dim_date`

),

final as (

    select
        -- surrogate key
        to_hex(md5(cast(coalesce(cast(pr.event_id as string), '_dbt_utils_surrogate_key_null_') as string)))     as pr_event_sk,

        -- foreign keys
        pr.event_id,
        pr.pr_id,
        pr.pr_number,
        coalesce(r.repo_sk, 'unknown')                              as repo_sk,
        coalesce(
            d.date_id,
            cast(format_date('%Y%m%d', date(pr.event_at)) as int64)
        )                                                           as date_id,

        -- actor info (denormalized for query convenience)
        pr.actor_id,
        coalesce(a.actor_login, pr.actor_login)                     as actor_login,

        -- repo info (denormalized)
        coalesce(r.repo_name, pr.repo_name)                         as repo_name,
        r.repo_owner,
        r.repo_slug,

        -- event details
        pr.pr_action,
        pr.is_opened,
        pr.is_closed,
        pr.is_merged,
        pr.is_reopened,
        pr.is_labeled,

        -- timestamp
        pr.event_at

    from pr_events pr
    left join dim_repo   r on pr.repo_id  = r.repo_id
    left join dim_actor  a on pr.actor_id = a.actor_id
    left join dim_date   d on date(pr.event_at) = d.calendar_date

)

select * from final
    );
  
[0m13:50:31.752543 [debug] [Thread-4 (]: On model.github_pulse.fct_repo_lifecycle: /* {"app": "dbt", "dbt_version": "1.11.11", "profile_name": "github_pulse", "target_name": "dev", "node_id": "model.github_pulse.fct_repo_lifecycle"} */

  
    

    create or replace table `github-pulse-jumpy`.`github_pulse_analytics_dev_marts`.`fct_repo_lifecycle`
      
    
    

    
    OPTIONS()
    as (
      

with create_events as (

    select
        event_id,
        actor_id,
        actor_login,
        repo_id,
        repo_name,
        org_id,
        org_login,
        ref_type,
        ref_name,
        event_at,
        'created'   as lifecycle_action
    from `github-pulse-jumpy`.`github_pulse_analytics_dev_staging`.`stg_github__create_events`

),

delete_events as (

    select
        event_id,
        actor_id,
        actor_login,
        repo_id,
        repo_name,
        org_id,
        org_login,
        ref_type,
        ref_name,
        event_at,
        'deleted'   as lifecycle_action
    from `github-pulse-jumpy`.`github_pulse_analytics_dev_staging`.`stg_github__delete_events`

),

unioned as (

    select * from create_events
    union all
    select * from delete_events

),

dim_repo as (

    select repo_id, repo_sk, repo_name, repo_owner, repo_slug
    from `github-pulse-jumpy`.`github_pulse_analytics_dev_core`.`dim_repo`
    where is_current

),

dim_date as (

    select date_id, calendar_date
    from `github-pulse-jumpy`.`github_pulse_analytics_dev_core`.`dim_date`

),

final as (

    select
        to_hex(md5(cast(coalesce(cast(u.event_id as string), '_dbt_utils_surrogate_key_null_') as string)))      as lifecycle_sk,

        u.event_id,
        coalesce(r.repo_sk, 'unknown')                              as repo_sk,
        coalesce(
            d.date_id,
            cast(format_date('%Y%m%d', date(u.event_at)) as int64)
        )                                                           as date_id,

        u.actor_id,
        u.actor_login,

        -- repo (denormalized)
        coalesce(r.repo_name, u.repo_name)                          as repo_name,
        r.repo_owner,
        r.repo_slug,

        -- lifecycle details
        u.lifecycle_action,     -- 'created' or 'deleted'
        u.ref_type,             -- 'branch', 'tag', or 'repository'
        u.ref_name,

        -- derived
        u.ref_type = 'branch'   as is_branch_event,
        u.ref_type = 'tag'      as is_tag_event,

        u.event_at

    from unioned u
    left join dim_repo  r on u.repo_id = r.repo_id
    left join dim_date  d on date(u.event_at) = d.calendar_date

)

select * from final
    );
  
[0m13:50:32.520503 [debug] [Thread-4 (]: BigQuery adapter: https://console.cloud.google.com/bigquery?project=github-pulse-jumpy&j=bq:US:77b797e0-5731-43fb-955b-fbe376932d4d&page=queryresults
[0m13:50:32.523055 [debug] [Thread-2 (]: BigQuery adapter: https://console.cloud.google.com/bigquery?project=github-pulse-jumpy&j=bq:US:d3e44426-f663-4d4b-b04a-f0562ee5b350&page=queryresults
[0m13:50:32.625021 [debug] [Thread-1 (]: BigQuery adapter: https://console.cloud.google.com/bigquery?project=github-pulse-jumpy&j=bq:US:64bb9c59-1d59-47c3-88b6-f02769f6d4a4&page=queryresults
[0m13:50:36.674377 [debug] [Thread-1 (]: SQL status: OK in 4.048 seconds
[0m13:50:36.897168 [debug] [Thread-1 (]: Sending event: {'category': 'dbt', 'action': 'run_model', 'label': 'fd328379-5157-4be9-b849-f1412cd718d1', 'context': [<snowplow_tracker.self_describing_json.SelfDescribingJson object at 0x112e29c10>]}
[0m13:50:36.898373 [info ] [Thread-1 (]: 6 of 7 OK created sql table model github_pulse_analytics_dev_marts.fct_repo_engagement  [[32mCREATE TABLE (27.0k rows, 1.9 GiB processed)[0m in 5.90s]
[0m13:50:36.899264 [debug] [Thread-1 (]: Finished running node model.github_pulse.fct_repo_engagement
[0m13:50:37.844496 [debug] [Thread-2 (]: SQL status: OK in 5.319 seconds
[0m13:50:38.149451 [debug] [Thread-2 (]: Sending event: {'category': 'dbt', 'action': 'run_model', 'label': 'fd328379-5157-4be9-b849-f1412cd718d1', 'context': [<snowplow_tracker.self_describing_json.SelfDescribingJson object at 0x10f77b310>]}
[0m13:50:38.150685 [info ] [Thread-2 (]: 5 of 7 OK created sql table model github_pulse_analytics_dev_marts.fct_pull_requests  [[32mCREATE TABLE (98.2k rows, 1.9 GiB processed)[0m in 7.15s]
[0m13:50:38.151518 [debug] [Thread-2 (]: Finished running node model.github_pulse.fct_pull_requests
[0m13:50:40.064643 [debug] [Thread-4 (]: SQL status: OK in 7.540 seconds
[0m13:50:40.301742 [debug] [Thread-4 (]: Sending event: {'category': 'dbt', 'action': 'run_model', 'label': 'fd328379-5157-4be9-b849-f1412cd718d1', 'context': [<snowplow_tracker.self_describing_json.SelfDescribingJson object at 0x10f961a90>]}
[0m13:50:40.303246 [info ] [Thread-4 (]: 7 of 7 OK created sql table model github_pulse_analytics_dev_marts.fct_repo_lifecycle  [[32mCREATE TABLE (568.0k rows, 1.9 GiB processed)[0m in 9.30s]
[0m13:50:40.304765 [debug] [Thread-4 (]: Finished running node model.github_pulse.fct_repo_lifecycle
[0m13:50:40.306956 [debug] [MainThread]: Opening a new connection, currently in state closed
[0m13:50:40.379355 [debug] [MainThread]: Connection 'master' was properly closed.
[0m13:50:40.379541 [debug] [MainThread]: Connection 'model.github_pulse.fct_repo_engagement' was properly closed.
[0m13:50:40.379641 [debug] [MainThread]: Connection 'model.github_pulse.fct_pull_requests' was properly closed.
[0m13:50:40.379729 [debug] [MainThread]: Connection 'model.github_pulse.stg_github__pull_request_events' was properly closed.
[0m13:50:40.379815 [debug] [MainThread]: Connection 'model.github_pulse.fct_repo_lifecycle' was properly closed.
[0m13:50:40.379970 [info ] [MainThread]: 
[0m13:50:40.380092 [info ] [MainThread]: Finished running 3 table models, 4 view models in 0 hours 0 minutes and 13.10 seconds (13.10s).
[0m13:50:40.380590 [debug] [MainThread]: Command end result
[0m13:50:40.399342 [debug] [MainThread]: Wrote artifact WritableManifest to /Users/perrikwong/Desktop/github_pulse/target/manifest.json
[0m13:50:40.400117 [debug] [MainThread]: Wrote artifact SemanticManifest to /Users/perrikwong/Desktop/github_pulse/target/semantic_manifest.json
[0m13:50:40.402597 [debug] [MainThread]: Wrote artifact RunExecutionResult to /Users/perrikwong/Desktop/github_pulse/target/run_results.json
[0m13:50:40.402728 [info ] [MainThread]: 
[0m13:50:40.402869 [info ] [MainThread]: [32mCompleted successfully[0m
[0m13:50:40.402977 [info ] [MainThread]: 
[0m13:50:40.403097 [info ] [MainThread]: Done. PASS=7 WARN=0 ERROR=0 SKIP=0 NO-OP=0 TOTAL=7
[0m13:50:40.403331 [debug] [MainThread]: Resource report: {"command_name": "run", "command_success": true, "command_wall_clock_time": 14.081394, "process_in_blocks": "0", "process_kernel_time": 0.320254, "process_mem_max_rss": "234848256", "process_out_blocks": "0", "process_user_time": 2.359481}
[0m13:50:40.403492 [debug] [MainThread]: Command `dbt run` succeeded at 13:50:40.403461 after 14.08 seconds
[0m13:50:40.403638 [debug] [MainThread]: Sending event: {'category': 'dbt', 'action': 'invocation', 'label': 'end', 'context': [<snowplow_tracker.self_describing_json.SelfDescribingJson object at 0x104d5b950>, <snowplow_tracker.self_describing_json.SelfDescribingJson object at 0x1014d3190>, <snowplow_tracker.self_describing_json.SelfDescribingJson object at 0x104cc3f50>]}
[0m13:50:40.403762 [debug] [MainThread]: Flushing usage events
[0m13:50:41.017696 [debug] [MainThread]: An error was encountered while trying to flush usage events
[0m13:50:45.769365 [debug] [MainThread]: Sending event: {'category': 'dbt', 'action': 'invocation', 'label': 'start', 'context': [<snowplow_tracker.self_describing_json.SelfDescribingJson object at 0x10596db50>, <snowplow_tracker.self_describing_json.SelfDescribingJson object at 0x105a38050>, <snowplow_tracker.self_describing_json.SelfDescribingJson object at 0x105a3ba10>]}


============================== 13:50:45.771422 | 9163b56b-fe85-4b4b-bf72-1fe6e5c0df8c ==============================
[0m13:50:45.771422 [info ] [MainThread]: Running with dbt=1.11.11
[0m13:50:45.771659 [debug] [MainThread]: running dbt with arguments {'target_path': 'None', 'partial_parse': 'True', 'no_print': 'None', 'warn_error_options': 'WarnErrorOptionsV2(error=[], warn=[], silence=[])', 'introspect': 'True', 'write_json': 'True', 'send_anonymous_usage_stats': 'True', 'fail_fast': 'False', 'indirect_selection': 'eager', 'version_check': 'True', 'quiet': 'False', 'debug': 'False', 'use_experimental_parser': 'False', 'warn_error': 'None', 'static_parser': 'True', 'log_format': 'default', 'printer_width': '80', 'empty': 'False', 'cache_selected_only': 'False', 'log_cache_events': 'False', 'log_path': '/Users/perrikwong/Desktop/github_pulse/logs', 'invocation_command': 'dbt run --select marts.core marts.pull_requests marts.engagement marts.lifecycle', 'use_colors': 'True', 'profiles_dir': '/Users/perrikwong/.dbt'}
[0m13:50:46.206255 [debug] [MainThread]: Sending event: {'category': 'dbt', 'action': 'project_id', 'label': '9163b56b-fe85-4b4b-bf72-1fe6e5c0df8c', 'context': [<snowplow_tracker.self_describing_json.SelfDescribingJson object at 0x1052a2950>]}
[0m13:50:46.227973 [debug] [MainThread]: Sending event: {'category': 'dbt', 'action': 'adapter_info', 'label': '9163b56b-fe85-4b4b-bf72-1fe6e5c0df8c', 'context': [<snowplow_tracker.self_describing_json.SelfDescribingJson object at 0x103026450>]}
[0m13:50:46.228215 [info ] [MainThread]: Registered adapter: bigquery=1.11.1
[0m13:50:46.296421 [debug] [MainThread]: checksum: 30a8cc8fdcbf66701b0944d4ccce3fa46dd04b61e5df68b9f16d57b2e0e3f0be, vars: {}, profile: , target: , version: 1.11.11
[0m13:50:46.378690 [debug] [MainThread]: Partial parsing enabled: 0 files deleted, 0 files added, 0 files changed.
[0m13:50:46.378870 [debug] [MainThread]: Nothing changed, skipping partial parsing.
[0m13:50:46.378963 [debug] [MainThread]: Partial parsing enabled, no changes found, skipping parsing
[0m13:50:46.381335 [warn ] [MainThread]: [[33mWARNING[0m]: Configuration paths exist in your dbt_project.yml file which do not apply to any resources.
There are 1 unused configuration paths:
- models.github_pulse.intermediate
[0m13:50:46.402293 [debug] [MainThread]: Sending event: {'category': 'dbt', 'action': 'load_project', 'label': '9163b56b-fe85-4b4b-bf72-1fe6e5c0df8c', 'context': [<snowplow_tracker.self_describing_json.SelfDescribingJson object at 0x1101028d0>]}
[0m13:50:46.450325 [debug] [MainThread]: Wrote artifact WritableManifest to /Users/perrikwong/Desktop/github_pulse/target/manifest.json
[0m13:50:46.451353 [debug] [MainThread]: Wrote artifact SemanticManifest to /Users/perrikwong/Desktop/github_pulse/target/semantic_manifest.json
[0m13:50:46.457491 [debug] [MainThread]: Sending event: {'category': 'dbt', 'action': 'resource_counts', 'label': '9163b56b-fe85-4b4b-bf72-1fe6e5c0df8c', 'context': [<snowplow_tracker.self_describing_json.SelfDescribingJson object at 0x110102390>]}
[0m13:50:46.457688 [info ] [MainThread]: Found 10 models, 54 data tests, 1 snapshot, 1 source, 665 macros
[0m13:50:46.457812 [debug] [MainThread]: Sending event: {'category': 'dbt', 'action': 'runnable_timing', 'label': '9163b56b-fe85-4b4b-bf72-1fe6e5c0df8c', 'context': [<snowplow_tracker.self_describing_json.SelfDescribingJson object at 0x10fcb68d0>]}
[0m13:50:46.459055 [info ] [MainThread]: 
[0m13:50:46.459182 [info ] [MainThread]: Concurrency: 4 threads (target='dev')
[0m13:50:46.459277 [info ] [MainThread]: 
[0m13:50:46.459459 [debug] [MainThread]: Acquiring new bigquery connection 'master'
[0m13:50:46.461070 [debug] [ThreadPool]: Acquiring new bigquery connection 'list_github-pulse-jumpy'
[0m13:50:46.461267 [debug] [ThreadPool]: Acquiring new bigquery connection 'list_github-pulse-jumpy'
[0m13:50:46.461420 [debug] [ThreadPool]: Opening a new connection, currently in state init
[0m13:50:46.461536 [debug] [ThreadPool]: Opening a new connection, currently in state init
[0m13:50:47.106177 [debug] [ThreadPool]: Re-using an available connection from the pool (formerly list_github-pulse-jumpy, now list_github-pulse-jumpy_github_pulse_analytics_dev_marts)
[0m13:50:47.108507 [debug] [ThreadPool]: Re-using an available connection from the pool (formerly list_github-pulse-jumpy, now list_github-pulse-jumpy_github_pulse_analytics_dev_staging)
[0m13:50:47.109248 [debug] [ThreadPool]: Acquiring new bigquery connection 'list_github-pulse-jumpy_github_pulse_analytics_dev_core'
[0m13:50:47.109674 [debug] [ThreadPool]: Opening a new connection, currently in state closed
[0m13:50:47.110344 [debug] [ThreadPool]: Acquiring new bigquery connection 'list_github-pulse-jumpy_snapshots'
[0m13:50:47.110906 [debug] [ThreadPool]: Opening a new connection, currently in state closed
[0m13:50:47.111354 [debug] [ThreadPool]: Opening a new connection, currently in state init
[0m13:50:47.111880 [debug] [ThreadPool]: Opening a new connection, currently in state init
[0m13:50:47.818908 [debug] [MainThread]: Sending event: {'category': 'dbt', 'action': 'runnable_timing', 'label': '9163b56b-fe85-4b4b-bf72-1fe6e5c0df8c', 'context': [<snowplow_tracker.self_describing_json.SelfDescribingJson object at 0x1100d1510>]}
[0m13:50:47.820287 [debug] [MainThread]: Opening a new connection, currently in state init
[0m13:50:47.908980 [debug] [Thread-1 (]: Began running node model.github_pulse.dim_actor
[0m13:50:47.909229 [debug] [Thread-2 (]: Began running node model.github_pulse.dim_date
[0m13:50:47.909414 [debug] [Thread-3 (]: Began running node model.github_pulse.dim_repo
[0m13:50:47.909703 [info ] [Thread-1 (]: 1 of 6 START sql table model github_pulse_analytics_dev_core.dim_actor ......... [RUN]
[0m13:50:47.909921 [info ] [Thread-2 (]: 2 of 6 START sql table model github_pulse_analytics_dev_core.dim_date .......... [RUN]
[0m13:50:47.910102 [info ] [Thread-3 (]: 3 of 6 START sql table model github_pulse_analytics_dev_core.dim_repo .......... [RUN]
[0m13:50:47.910310 [debug] [Thread-1 (]: Re-using an available connection from the pool (formerly list_github-pulse-jumpy_github_pulse_analytics_dev_marts, now model.github_pulse.dim_actor)
[0m13:50:47.910442 [debug] [Thread-2 (]: Re-using an available connection from the pool (formerly list_github-pulse-jumpy_github_pulse_analytics_dev_staging, now model.github_pulse.dim_date)
[0m13:50:47.910558 [debug] [Thread-3 (]: Re-using an available connection from the pool (formerly list_github-pulse-jumpy_github_pulse_analytics_dev_core, now model.github_pulse.dim_repo)
[0m13:50:47.910681 [debug] [Thread-1 (]: Began compiling node model.github_pulse.dim_actor
[0m13:50:47.910788 [debug] [Thread-2 (]: Began compiling node model.github_pulse.dim_date
[0m13:50:47.910888 [debug] [Thread-3 (]: Began compiling node model.github_pulse.dim_repo
[0m13:50:47.915165 [debug] [Thread-1 (]: Writing injected SQL for node "model.github_pulse.dim_actor"
[0m13:50:47.916216 [debug] [Thread-2 (]: Writing injected SQL for node "model.github_pulse.dim_date"
[0m13:50:47.917819 [debug] [Thread-3 (]: Writing injected SQL for node "model.github_pulse.dim_repo"
[0m13:50:47.918781 [debug] [Thread-2 (]: Began executing node model.github_pulse.dim_date
[0m13:50:47.918919 [debug] [Thread-3 (]: Began executing node model.github_pulse.dim_repo
[0m13:50:47.919048 [debug] [Thread-1 (]: Began executing node model.github_pulse.dim_actor
[0m13:50:47.924174 [debug] [Thread-2 (]: Opening a new connection, currently in state closed
[0m13:50:47.925056 [debug] [Thread-3 (]: Opening a new connection, currently in state closed
[0m13:50:47.925884 [debug] [Thread-1 (]: Opening a new connection, currently in state closed
[0m13:50:48.517631 [debug] [Thread-2 (]: Writing runtime sql for node "model.github_pulse.dim_date"
[0m13:50:48.518516 [debug] [Thread-1 (]: Writing runtime sql for node "model.github_pulse.dim_actor"
[0m13:50:48.520383 [debug] [Thread-2 (]: On model.github_pulse.dim_date: /* {"app": "dbt", "dbt_version": "1.11.11", "profile_name": "github_pulse", "target_name": "dev", "node_id": "model.github_pulse.dim_date"} */

  
    

    create or replace table `github-pulse-jumpy`.`github_pulse_analytics_dev_core`.`dim_date`
      
    
    

    
    OPTIONS()
    as (
      

with date_spine as (

    select
        date_add(date('2024-01-01'), interval cast(n as int64) day) as calendar_date
    from unnest(
        generate_array(0, date_diff(date('2027-12-31'), date('2024-01-01'), day))
    ) as n

),

final as (

    select
        cast(format_date('%Y%m%d', calendar_date) as int64)     as date_id,
        calendar_date,
        extract(year  from calendar_date)                        as year,
        extract(month from calendar_date)                        as month,
        extract(day   from calendar_date)                        as day,
        extract(week  from calendar_date)                        as week_of_year,
        extract(dayofweek from calendar_date)                    as day_of_week,
        format_date('%B', calendar_date)                         as month_name,
        format_date('%A', calendar_date)                         as day_name,
        format_date('%Y-%m', calendar_date)                      as year_month,
        format_date('%Y-W%W', calendar_date)                     as year_week,
        extract(dayofweek from calendar_date) in (1, 7)          as is_weekend,
        extract(dayofweek from calendar_date) not in (1, 7)      as is_weekday,
        extract(quarter from calendar_date)                      as quarter,
        concat('Q', cast(extract(quarter from calendar_date) as string)) as quarter_label
    from date_spine

)

select * from final
    );
  
[0m13:50:48.520822 [debug] [Thread-1 (]: On model.github_pulse.dim_actor: /* {"app": "dbt", "dbt_version": "1.11.11", "profile_name": "github_pulse", "target_name": "dev", "node_id": "model.github_pulse.dim_actor"} */

  
    

    create or replace table `github-pulse-jumpy`.`github_pulse_analytics_dev_core`.`dim_actor`
      
    
    

    
    OPTIONS()
    as (
      

with actors_union as (

    select actor_id, actor_login from `github-pulse-jumpy`.`github_pulse_analytics_dev_staging`.`stg_github__pull_request_events`
    union distinct
    select actor_id, actor_login from `github-pulse-jumpy`.`github_pulse_analytics_dev_staging`.`stg_github__watch_events`
    union distinct
    select actor_id, actor_login from `github-pulse-jumpy`.`github_pulse_analytics_dev_staging`.`stg_github__create_events`
    union distinct
    select actor_id, actor_login from `github-pulse-jumpy`.`github_pulse_analytics_dev_staging`.`stg_github__delete_events`

),

deduped as (

    select
        actor_id,
        actor_login,
        row_number() over (
            partition by actor_id
            order by actor_login
        ) as rn
    from actors_union

),

final as (

    select
        actor_id,
        actor_login,
        concat('https://github.com/', actor_login)  as profile_url,
        current_timestamp()                         as dbt_updated_at
    from deduped
    where rn = 1

)

select * from final
    );
  
[0m13:50:48.673080 [debug] [Thread-3 (]: Writing runtime sql for node "model.github_pulse.dim_repo"
[0m13:50:48.676489 [debug] [Thread-3 (]: On model.github_pulse.dim_repo: /* {"app": "dbt", "dbt_version": "1.11.11", "profile_name": "github_pulse", "target_name": "dev", "node_id": "model.github_pulse.dim_repo"} */

  
    

    create or replace table `github-pulse-jumpy`.`github_pulse_analytics_dev_core`.`dim_repo`
      
    
    

    
    OPTIONS()
    as (
      

with snapshot_current as (

    select
        dbt_scd_id                                      as repo_sk,
        repo_id,
        repo_name,
        org_login,
        dbt_valid_from                                  as valid_from,
        dbt_valid_to,
        dbt_valid_to is null                            as is_current,
        split(repo_name, '/')[safe_offset(0)]           as repo_owner,
        split(repo_name, '/')[safe_offset(1)]           as repo_slug,
        concat('https://github.com/', repo_name)        as repo_url
    from `github-pulse-jumpy`.`snapshots`.`snap_repos`

)

select * from snapshot_current
    );
  
[0m13:50:48.906286 [debug] [Thread-2 (]: BigQuery adapter: https://console.cloud.google.com/bigquery?project=github-pulse-jumpy&j=bq:US:79228baa-8a96-4bb3-9b23-60a869eebd24&page=queryresults
[0m13:50:49.060632 [debug] [Thread-3 (]: BigQuery adapter: https://console.cloud.google.com/bigquery?project=github-pulse-jumpy&j=bq:US:f458c6b1-45a3-4725-9cc8-e6a7f5f078d7&page=queryresults
[0m13:50:49.518149 [debug] [Thread-1 (]: BigQuery adapter: https://console.cloud.google.com/bigquery?project=github-pulse-jumpy&j=bq:US:f44af0ef-865d-45d1-9e14-3dc7cf8d9312&page=queryresults
[0m13:50:50.897629 [debug] [Thread-2 (]: SQL status: OK in 1.990 seconds
[0m13:50:51.249526 [debug] [Thread-2 (]: Sending event: {'category': 'dbt', 'action': 'run_model', 'label': '9163b56b-fe85-4b4b-bf72-1fe6e5c0df8c', 'context': [<snowplow_tracker.self_describing_json.SelfDescribingJson object at 0x10fd08ed0>]}
[0m13:50:51.250433 [info ] [Thread-2 (]: 2 of 6 OK created sql table model github_pulse_analytics_dev_core.dim_date ..... [[32mCREATE TABLE (1.5k rows, 0 processed)[0m in 3.34s]
[0m13:50:51.250958 [debug] [Thread-2 (]: Finished running node model.github_pulse.dim_date
[0m13:50:53.173431 [debug] [Thread-3 (]: SQL status: OK in 4.111 seconds
[0m13:50:53.389309 [debug] [Thread-3 (]: Sending event: {'category': 'dbt', 'action': 'run_model', 'label': '9163b56b-fe85-4b4b-bf72-1fe6e5c0df8c', 'context': [<snowplow_tracker.self_describing_json.SelfDescribingJson object at 0x10ffb42d0>]}
[0m13:50:53.390854 [info ] [Thread-3 (]: 3 of 6 OK created sql table model github_pulse_analytics_dev_core.dim_repo ..... [[32mCREATE TABLE (289.3k rows, 22.6 MiB processed)[0m in 5.48s]
[0m13:50:53.392206 [debug] [Thread-3 (]: Finished running node model.github_pulse.dim_repo
[0m13:50:53.393452 [debug] [Thread-4 (]: Began running node model.github_pulse.fct_repo_lifecycle
[0m13:50:53.394347 [info ] [Thread-4 (]: 4 of 6 START sql table model github_pulse_analytics_dev_marts.fct_repo_lifecycle  [RUN]
[0m13:50:53.395154 [debug] [Thread-4 (]: Re-using an available connection from the pool (formerly list_github-pulse-jumpy_snapshots, now model.github_pulse.fct_repo_lifecycle)
[0m13:50:53.395760 [debug] [Thread-4 (]: Began compiling node model.github_pulse.fct_repo_lifecycle
[0m13:50:53.416689 [debug] [Thread-4 (]: Writing injected SQL for node "model.github_pulse.fct_repo_lifecycle"
[0m13:50:53.417724 [debug] [Thread-4 (]: Began executing node model.github_pulse.fct_repo_lifecycle
[0m13:50:53.420197 [debug] [Thread-4 (]: Opening a new connection, currently in state closed
[0m13:50:53.486906 [debug] [Thread-1 (]: SQL status: OK in 3.968 seconds
[0m13:50:53.727497 [debug] [Thread-1 (]: Sending event: {'category': 'dbt', 'action': 'run_model', 'label': '9163b56b-fe85-4b4b-bf72-1fe6e5c0df8c', 'context': [<snowplow_tracker.self_describing_json.SelfDescribingJson object at 0x10ffa8ed0>]}
[0m13:50:53.728917 [info ] [Thread-1 (]: 1 of 6 OK created sql table model github_pulse_analytics_dev_core.dim_actor .... [[32mCREATE TABLE (230.3k rows, 193.7 MiB processed)[0m in 5.82s]
[0m13:50:53.729962 [debug] [Thread-1 (]: Finished running node model.github_pulse.dim_actor
[0m13:50:53.730927 [debug] [Thread-3 (]: Began running node model.github_pulse.fct_pull_requests
[0m13:50:53.731227 [debug] [Thread-2 (]: Began running node model.github_pulse.fct_repo_engagement
[0m13:50:53.731799 [info ] [Thread-3 (]: 5 of 6 START sql table model github_pulse_analytics_dev_marts.fct_pull_requests  [RUN]
[0m13:50:53.732479 [info ] [Thread-2 (]: 6 of 6 START sql table model github_pulse_analytics_dev_marts.fct_repo_engagement  [RUN]
[0m13:50:53.733137 [debug] [Thread-3 (]: Re-using an available connection from the pool (formerly model.github_pulse.dim_repo, now model.github_pulse.fct_pull_requests)
[0m13:50:53.733617 [debug] [Thread-2 (]: Re-using an available connection from the pool (formerly model.github_pulse.dim_date, now model.github_pulse.fct_repo_engagement)
[0m13:50:53.734083 [debug] [Thread-3 (]: Began compiling node model.github_pulse.fct_pull_requests
[0m13:50:53.734521 [debug] [Thread-2 (]: Began compiling node model.github_pulse.fct_repo_engagement
[0m13:50:53.742660 [debug] [Thread-3 (]: Writing injected SQL for node "model.github_pulse.fct_pull_requests"
[0m13:50:53.749854 [debug] [Thread-2 (]: Writing injected SQL for node "model.github_pulse.fct_repo_engagement"
[0m13:50:53.750900 [debug] [Thread-2 (]: Began executing node model.github_pulse.fct_repo_engagement
[0m13:50:53.751208 [debug] [Thread-3 (]: Began executing node model.github_pulse.fct_pull_requests
[0m13:50:53.753256 [debug] [Thread-2 (]: Opening a new connection, currently in state closed
[0m13:50:53.755214 [debug] [Thread-3 (]: Opening a new connection, currently in state closed
[0m13:50:53.874038 [debug] [Thread-4 (]: Writing runtime sql for node "model.github_pulse.fct_repo_lifecycle"
[0m13:50:53.874706 [debug] [Thread-4 (]: On model.github_pulse.fct_repo_lifecycle: /* {"app": "dbt", "dbt_version": "1.11.11", "profile_name": "github_pulse", "target_name": "dev", "node_id": "model.github_pulse.fct_repo_lifecycle"} */

  
    

    create or replace table `github-pulse-jumpy`.`github_pulse_analytics_dev_marts`.`fct_repo_lifecycle`
      
    
    

    
    OPTIONS()
    as (
      

with create_events as (

    select
        event_id,
        actor_id,
        actor_login,
        repo_id,
        repo_name,
        org_id,
        org_login,
        ref_type,
        ref_name,
        event_at,
        'created'   as lifecycle_action
    from `github-pulse-jumpy`.`github_pulse_analytics_dev_staging`.`stg_github__create_events`

),

delete_events as (

    select
        event_id,
        actor_id,
        actor_login,
        repo_id,
        repo_name,
        org_id,
        org_login,
        ref_type,
        ref_name,
        event_at,
        'deleted'   as lifecycle_action
    from `github-pulse-jumpy`.`github_pulse_analytics_dev_staging`.`stg_github__delete_events`

),

unioned as (

    select * from create_events
    union all
    select * from delete_events

),

dim_repo as (

    select repo_id, repo_sk, repo_name, repo_owner, repo_slug
    from `github-pulse-jumpy`.`github_pulse_analytics_dev_core`.`dim_repo`
    where is_current

),

dim_date as (

    select date_id, calendar_date
    from `github-pulse-jumpy`.`github_pulse_analytics_dev_core`.`dim_date`

),

final as (

    select
        to_hex(md5(cast(coalesce(cast(u.event_id as string), '_dbt_utils_surrogate_key_null_') as string)))      as lifecycle_sk,

        u.event_id,
        coalesce(r.repo_sk, 'unknown')                              as repo_sk,
        coalesce(
            d.date_id,
            cast(format_date('%Y%m%d', date(u.event_at)) as int64)
        )                                                           as date_id,

        u.actor_id,
        u.actor_login,

        -- repo (denormalized)
        coalesce(r.repo_name, u.repo_name)                          as repo_name,
        r.repo_owner,
        r.repo_slug,

        -- lifecycle details
        u.lifecycle_action,     -- 'created' or 'deleted'
        u.ref_type,             -- 'branch', 'tag', or 'repository'
        u.ref_name,

        -- derived
        u.ref_type = 'branch'   as is_branch_event,
        u.ref_type = 'tag'      as is_tag_event,

        u.event_at

    from unioned u
    left join dim_repo  r on u.repo_id = r.repo_id
    left join dim_date  d on date(u.event_at) = d.calendar_date

)

select * from final
    );
  
[0m13:50:54.265951 [debug] [Thread-2 (]: Writing runtime sql for node "model.github_pulse.fct_repo_engagement"
[0m13:50:54.268341 [debug] [Thread-2 (]: On model.github_pulse.fct_repo_engagement: /* {"app": "dbt", "dbt_version": "1.11.11", "profile_name": "github_pulse", "target_name": "dev", "node_id": "model.github_pulse.fct_repo_engagement"} */

  
    

    create or replace table `github-pulse-jumpy`.`github_pulse_analytics_dev_marts`.`fct_repo_engagement`
      
    
    

    
    OPTIONS()
    as (
      

with watch_events as (

    select * from `github-pulse-jumpy`.`github_pulse_analytics_dev_staging`.`stg_github__watch_events`

),

dim_repo as (

    select repo_id, repo_sk, repo_name, repo_owner, repo_slug, repo_url
    from `github-pulse-jumpy`.`github_pulse_analytics_dev_core`.`dim_repo`
    where is_current

),

dim_actor as (

    select actor_id, actor_login
    from `github-pulse-jumpy`.`github_pulse_analytics_dev_core`.`dim_actor`

),

dim_date as (

    select date_id, calendar_date
    from `github-pulse-jumpy`.`github_pulse_analytics_dev_core`.`dim_date`

),

final as (

    select
        -- surrogate key
        to_hex(md5(cast(coalesce(cast(w.event_id as string), '_dbt_utils_surrogate_key_null_') as string)))      as engagement_sk,

        -- foreign keys
        w.event_id,
        coalesce(r.repo_sk, 'unknown')                              as repo_sk,
        coalesce(
            d.date_id,
            cast(format_date('%Y%m%d', date(w.event_at)) as int64)
        )                                                           as date_id,

        -- actor
        w.actor_id,
        coalesce(a.actor_login, w.actor_login)                      as actor_login,

        -- repo (denormalized)
        coalesce(r.repo_name, w.repo_name)                          as repo_name,
        r.repo_owner,
        r.repo_slug,
        r.repo_url,

        -- engagement type (always 'started' = starred for WatchEvent)
        w.engagement_action,

        -- timestamp
        w.event_at

    from watch_events w
    left join dim_repo   r on w.repo_id  = r.repo_id
    left join dim_actor  a on w.actor_id = a.actor_id
    left join dim_date   d on date(w.event_at) = d.calendar_date

)

select * from final
    );
  
[0m13:50:54.313041 [debug] [Thread-3 (]: Writing runtime sql for node "model.github_pulse.fct_pull_requests"
[0m13:50:54.315712 [debug] [Thread-3 (]: On model.github_pulse.fct_pull_requests: /* {"app": "dbt", "dbt_version": "1.11.11", "profile_name": "github_pulse", "target_name": "dev", "node_id": "model.github_pulse.fct_pull_requests"} */

  
    

    create or replace table `github-pulse-jumpy`.`github_pulse_analytics_dev_marts`.`fct_pull_requests`
      
    
    

    
    OPTIONS()
    as (
      

with pr_events as (

    select * from `github-pulse-jumpy`.`github_pulse_analytics_dev_staging`.`stg_github__pull_request_events`

),

dim_repo as (

    select repo_id, repo_sk, repo_name, repo_owner, repo_slug, repo_url
    from `github-pulse-jumpy`.`github_pulse_analytics_dev_core`.`dim_repo`
    where is_current

),

dim_actor as (

    select actor_id, actor_login, profile_url
    from `github-pulse-jumpy`.`github_pulse_analytics_dev_core`.`dim_actor`

),

dim_date as (

    select date_id, calendar_date
    from `github-pulse-jumpy`.`github_pulse_analytics_dev_core`.`dim_date`

),

final as (

    select
        -- surrogate key
        to_hex(md5(cast(coalesce(cast(pr.event_id as string), '_dbt_utils_surrogate_key_null_') as string)))     as pr_event_sk,

        -- foreign keys
        pr.event_id,
        pr.pr_id,
        pr.pr_number,
        coalesce(r.repo_sk, 'unknown')                              as repo_sk,
        coalesce(
            d.date_id,
            cast(format_date('%Y%m%d', date(pr.event_at)) as int64)
        )                                                           as date_id,

        -- actor info (denormalized for query convenience)
        pr.actor_id,
        coalesce(a.actor_login, pr.actor_login)                     as actor_login,

        -- repo info (denormalized)
        coalesce(r.repo_name, pr.repo_name)                         as repo_name,
        r.repo_owner,
        r.repo_slug,

        -- event details
        pr.pr_action,
        pr.is_opened,
        pr.is_closed,
        pr.is_merged,
        pr.is_reopened,
        pr.is_labeled,

        -- timestamp
        pr.event_at

    from pr_events pr
    left join dim_repo   r on pr.repo_id  = r.repo_id
    left join dim_actor  a on pr.actor_id = a.actor_id
    left join dim_date   d on date(pr.event_at) = d.calendar_date

)

select * from final
    );
  
[0m13:50:54.515415 [debug] [Thread-4 (]: BigQuery adapter: https://console.cloud.google.com/bigquery?project=github-pulse-jumpy&j=bq:US:7bdc2116-55d1-4605-a223-21fa3a41e9a9&page=queryresults
[0m13:50:54.902221 [debug] [Thread-2 (]: BigQuery adapter: https://console.cloud.google.com/bigquery?project=github-pulse-jumpy&j=bq:US:a0547d32-aa80-455e-9bfa-86e5f93978fc&page=queryresults
[0m13:50:55.059472 [debug] [Thread-3 (]: BigQuery adapter: https://console.cloud.google.com/bigquery?project=github-pulse-jumpy&j=bq:US:8da6b32c-a022-4059-9473-d75b5a94055f&page=queryresults
[0m13:50:58.614477 [debug] [Thread-2 (]: SQL status: OK in 3.711 seconds
[0m13:50:58.827812 [debug] [Thread-2 (]: Sending event: {'category': 'dbt', 'action': 'run_model', 'label': '9163b56b-fe85-4b4b-bf72-1fe6e5c0df8c', 'context': [<snowplow_tracker.self_describing_json.SelfDescribingJson object at 0x110779bd0>]}
[0m13:50:58.829394 [info ] [Thread-2 (]: 6 of 6 OK created sql table model github_pulse_analytics_dev_marts.fct_repo_engagement  [[32mCREATE TABLE (27.0k rows, 1.9 GiB processed)[0m in 5.09s]
[0m13:50:58.830762 [debug] [Thread-2 (]: Finished running node model.github_pulse.fct_repo_engagement
[0m13:50:59.309440 [debug] [Thread-3 (]: SQL status: OK in 4.249 seconds
[0m13:50:59.531480 [debug] [Thread-3 (]: Sending event: {'category': 'dbt', 'action': 'run_model', 'label': '9163b56b-fe85-4b4b-bf72-1fe6e5c0df8c', 'context': [<snowplow_tracker.self_describing_json.SelfDescribingJson object at 0x1107a2850>]}
[0m13:50:59.533038 [info ] [Thread-3 (]: 5 of 6 OK created sql table model github_pulse_analytics_dev_marts.fct_pull_requests  [[32mCREATE TABLE (97.9k rows, 1.9 GiB processed)[0m in 5.80s]
[0m13:50:59.534043 [debug] [Thread-3 (]: Finished running node model.github_pulse.fct_pull_requests
[0m13:51:01.638043 [debug] [Thread-4 (]: SQL status: OK in 7.121 seconds
[0m13:51:02.018672 [debug] [Thread-4 (]: Sending event: {'category': 'dbt', 'action': 'run_model', 'label': '9163b56b-fe85-4b4b-bf72-1fe6e5c0df8c', 'context': [<snowplow_tracker.self_describing_json.SelfDescribingJson object at 0x1107b6190>]}
[0m13:51:02.020540 [info ] [Thread-4 (]: 4 of 6 OK created sql table model github_pulse_analytics_dev_marts.fct_repo_lifecycle  [[32mCREATE TABLE (562.3k rows, 1.9 GiB processed)[0m in 8.62s]
[0m13:51:02.021882 [debug] [Thread-4 (]: Finished running node model.github_pulse.fct_repo_lifecycle
[0m13:51:02.025077 [debug] [MainThread]: Opening a new connection, currently in state closed
[0m13:51:02.108732 [debug] [MainThread]: Connection 'master' was properly closed.
[0m13:51:02.108971 [debug] [MainThread]: Connection 'model.github_pulse.dim_actor' was properly closed.
[0m13:51:02.109071 [debug] [MainThread]: Connection 'model.github_pulse.fct_repo_engagement' was properly closed.
[0m13:51:02.109155 [debug] [MainThread]: Connection 'model.github_pulse.fct_pull_requests' was properly closed.
[0m13:51:02.109238 [debug] [MainThread]: Connection 'model.github_pulse.fct_repo_lifecycle' was properly closed.
[0m13:51:02.109377 [info ] [MainThread]: 
[0m13:51:02.109500 [info ] [MainThread]: Finished running 6 table models in 0 hours 0 minutes and 15.65 seconds (15.65s).
[0m13:51:02.109956 [debug] [MainThread]: Command end result
[0m13:51:02.128388 [debug] [MainThread]: Wrote artifact WritableManifest to /Users/perrikwong/Desktop/github_pulse/target/manifest.json
[0m13:51:02.129121 [debug] [MainThread]: Wrote artifact SemanticManifest to /Users/perrikwong/Desktop/github_pulse/target/semantic_manifest.json
[0m13:51:02.131353 [debug] [MainThread]: Wrote artifact RunExecutionResult to /Users/perrikwong/Desktop/github_pulse/target/run_results.json
[0m13:51:02.131457 [info ] [MainThread]: 
[0m13:51:02.131585 [info ] [MainThread]: [32mCompleted successfully[0m
[0m13:51:02.131684 [info ] [MainThread]: 
[0m13:51:02.131791 [info ] [MainThread]: Done. PASS=6 WARN=0 ERROR=0 SKIP=0 NO-OP=0 TOTAL=6
[0m13:51:02.132032 [debug] [MainThread]: Resource report: {"command_name": "run", "command_success": true, "command_wall_clock_time": 16.389069, "process_in_blocks": "0", "process_kernel_time": 0.25667, "process_mem_max_rss": "240287744", "process_out_blocks": "0", "process_user_time": 2.449032}
[0m13:51:02.132197 [debug] [MainThread]: Command `dbt run` succeeded at 13:51:02.132166 after 16.39 seconds
[0m13:51:02.132339 [debug] [MainThread]: Sending event: {'category': 'dbt', 'action': 'invocation', 'label': 'end', 'context': [<snowplow_tracker.self_describing_json.SelfDescribingJson object at 0x105a2ec90>, <snowplow_tracker.self_describing_json.SelfDescribingJson object at 0x105a2e550>, <snowplow_tracker.self_describing_json.SelfDescribingJson object at 0x102033190>]}
[0m13:51:02.132459 [debug] [MainThread]: Flushing usage events
[0m13:51:02.532828 [debug] [MainThread]: An error was encountered while trying to flush usage events
[0m13:51:43.059183 [debug] [MainThread]: Sending event: {'category': 'dbt', 'action': 'invocation', 'label': 'start', 'context': [<snowplow_tracker.self_describing_json.SelfDescribingJson object at 0x112daa9d0>, <snowplow_tracker.self_describing_json.SelfDescribingJson object at 0x112d46110>, <snowplow_tracker.self_describing_json.SelfDescribingJson object at 0x112973c10>]}


============================== 13:51:43.061552 | 48f6157e-8799-4bc3-94f7-90cc031f8909 ==============================
[0m13:51:43.061552 [info ] [MainThread]: Running with dbt=1.11.11
[0m13:51:43.061809 [debug] [MainThread]: running dbt with arguments {'write_json': 'True', 'invocation_command': 'dbt test --select marts.pull_requests marts.engagement marts.lifecycle', 'warn_error_options': 'WarnErrorOptionsV2(error=[], warn=[], silence=[])', 'version_check': 'True', 'printer_width': '80', 'profiles_dir': '/Users/perrikwong/.dbt', 'cache_selected_only': 'False', 'no_print': 'None', 'introspect': 'True', 'log_path': '/Users/perrikwong/Desktop/github_pulse/logs', 'send_anonymous_usage_stats': 'True', 'use_experimental_parser': 'False', 'log_cache_events': 'False', 'partial_parse': 'True', 'warn_error': 'None', 'quiet': 'False', 'debug': 'False', 'fail_fast': 'False', 'use_colors': 'True', 'static_parser': 'True', 'empty': 'None', 'log_format': 'default', 'target_path': 'None', 'indirect_selection': 'eager'}
[0m13:51:43.666718 [debug] [MainThread]: Sending event: {'category': 'dbt', 'action': 'project_id', 'label': '48f6157e-8799-4bc3-94f7-90cc031f8909', 'context': [<snowplow_tracker.self_describing_json.SelfDescribingJson object at 0x127b753d0>]}
[0m13:51:43.688786 [debug] [MainThread]: Sending event: {'category': 'dbt', 'action': 'adapter_info', 'label': '48f6157e-8799-4bc3-94f7-90cc031f8909', 'context': [<snowplow_tracker.self_describing_json.SelfDescribingJson object at 0x1066cd650>]}
[0m13:51:43.689037 [info ] [MainThread]: Registered adapter: bigquery=1.11.1
[0m13:51:43.762906 [debug] [MainThread]: checksum: 30a8cc8fdcbf66701b0944d4ccce3fa46dd04b61e5df68b9f16d57b2e0e3f0be, vars: {}, profile: , target: , version: 1.11.11
[0m13:51:43.844666 [debug] [MainThread]: Partial parsing enabled: 0 files deleted, 0 files added, 0 files changed.
[0m13:51:43.844852 [debug] [MainThread]: Nothing changed, skipping partial parsing.
[0m13:51:43.844946 [debug] [MainThread]: Partial parsing enabled, no changes found, skipping parsing
[0m13:51:43.847228 [warn ] [MainThread]: [[33mWARNING[0m]: Configuration paths exist in your dbt_project.yml file which do not apply to any resources.
There are 1 unused configuration paths:
- models.github_pulse.intermediate
[0m13:51:43.867739 [debug] [MainThread]: Sending event: {'category': 'dbt', 'action': 'load_project', 'label': '48f6157e-8799-4bc3-94f7-90cc031f8909', 'context': [<snowplow_tracker.self_describing_json.SelfDescribingJson object at 0x130183d50>]}
[0m13:51:43.915526 [debug] [MainThread]: Wrote artifact WritableManifest to /Users/perrikwong/Desktop/github_pulse/target/manifest.json
[0m13:51:43.916734 [debug] [MainThread]: Wrote artifact SemanticManifest to /Users/perrikwong/Desktop/github_pulse/target/semantic_manifest.json
[0m13:51:43.926381 [debug] [MainThread]: Sending event: {'category': 'dbt', 'action': 'resource_counts', 'label': '48f6157e-8799-4bc3-94f7-90cc031f8909', 'context': [<snowplow_tracker.self_describing_json.SelfDescribingJson object at 0x127cb8510>]}
[0m13:51:43.926585 [info ] [MainThread]: Found 10 models, 54 data tests, 1 snapshot, 1 source, 665 macros
[0m13:51:43.926713 [debug] [MainThread]: Sending event: {'category': 'dbt', 'action': 'runnable_timing', 'label': '48f6157e-8799-4bc3-94f7-90cc031f8909', 'context': [<snowplow_tracker.self_describing_json.SelfDescribingJson object at 0x106bbaf10>]}
[0m13:51:43.928002 [info ] [MainThread]: 
[0m13:51:43.928136 [info ] [MainThread]: Concurrency: 4 threads (target='dev')
[0m13:51:43.928231 [info ] [MainThread]: 
[0m13:51:43.928420 [debug] [MainThread]: Acquiring new bigquery connection 'master'
[0m13:51:43.930127 [debug] [ThreadPool]: Acquiring new bigquery connection 'list_github-pulse-jumpy_github_pulse_analytics_dev_core'
[0m13:51:43.930369 [debug] [ThreadPool]: Acquiring new bigquery connection 'list_github-pulse-jumpy_github_pulse_analytics_dev_staging'
[0m13:51:43.930540 [debug] [ThreadPool]: Acquiring new bigquery connection 'list_github-pulse-jumpy_snapshots'
[0m13:51:43.930691 [debug] [ThreadPool]: Opening a new connection, currently in state init
[0m13:51:43.930849 [debug] [ThreadPool]: Acquiring new bigquery connection 'list_github-pulse-jumpy_github_pulse_analytics_dev_marts'
[0m13:51:43.930969 [debug] [ThreadPool]: Opening a new connection, currently in state init
[0m13:51:43.931083 [debug] [ThreadPool]: Opening a new connection, currently in state init
[0m13:51:43.931223 [debug] [ThreadPool]: Opening a new connection, currently in state init
[0m13:51:44.722599 [debug] [MainThread]: Sending event: {'category': 'dbt', 'action': 'runnable_timing', 'label': '48f6157e-8799-4bc3-94f7-90cc031f8909', 'context': [<snowplow_tracker.self_describing_json.SelfDescribingJson object at 0x127fb7450>]}
[0m13:51:44.723284 [debug] [MainThread]: Opening a new connection, currently in state init
[0m13:51:44.799065 [debug] [Thread-1 (]: Began running node test.github_pulse.accepted_values_fct_repo_lifecycle_lifecycle_action__created__deleted.7a2adcc755
[0m13:51:44.799277 [debug] [Thread-2 (]: Began running node test.github_pulse.not_null_fct_pull_requests_event_at.065c1fb74d
[0m13:51:44.799433 [debug] [Thread-3 (]: Began running node test.github_pulse.not_null_fct_pull_requests_event_id.1964011314
[0m13:51:44.799581 [debug] [Thread-4 (]: Began running node test.github_pulse.not_null_fct_pull_requests_pr_action.af0f98cf30
[0m13:51:44.799731 [info ] [Thread-1 (]: 1 of 18 START test accepted_values_fct_repo_lifecycle_lifecycle_action__created__deleted  [RUN]
[0m13:51:44.799903 [info ] [Thread-2 (]: 2 of 18 START test not_null_fct_pull_requests_event_at ......................... [RUN]
[0m13:51:44.800038 [info ] [Thread-3 (]: 3 of 18 START test not_null_fct_pull_requests_event_id ......................... [RUN]
[0m13:51:44.800169 [info ] [Thread-4 (]: 4 of 18 START test not_null_fct_pull_requests_pr_action ........................ [RUN]
[0m13:51:44.800340 [debug] [Thread-1 (]: Re-using an available connection from the pool (formerly list_github-pulse-jumpy_github_pulse_analytics_dev_core, now test.github_pulse.accepted_values_fct_repo_lifecycle_lifecycle_action__created__deleted.7a2adcc755)
[0m13:51:44.800581 [debug] [Thread-2 (]: Re-using an available connection from the pool (formerly list_github-pulse-jumpy_github_pulse_analytics_dev_staging, now test.github_pulse.not_null_fct_pull_requests_event_at.065c1fb74d)
[0m13:51:44.800716 [debug] [Thread-3 (]: Re-using an available connection from the pool (formerly list_github-pulse-jumpy_snapshots, now test.github_pulse.not_null_fct_pull_requests_event_id.1964011314)
[0m13:51:44.800843 [debug] [Thread-4 (]: Re-using an available connection from the pool (formerly list_github-pulse-jumpy_github_pulse_analytics_dev_marts, now test.github_pulse.not_null_fct_pull_requests_pr_action.af0f98cf30)
[0m13:51:44.800976 [debug] [Thread-1 (]: Began compiling node test.github_pulse.accepted_values_fct_repo_lifecycle_lifecycle_action__created__deleted.7a2adcc755
[0m13:51:44.801088 [debug] [Thread-2 (]: Began compiling node test.github_pulse.not_null_fct_pull_requests_event_at.065c1fb74d
[0m13:51:44.801204 [debug] [Thread-3 (]: Began compiling node test.github_pulse.not_null_fct_pull_requests_event_id.1964011314
[0m13:51:44.801311 [debug] [Thread-4 (]: Began compiling node test.github_pulse.not_null_fct_pull_requests_pr_action.af0f98cf30
[0m13:51:44.808750 [debug] [Thread-1 (]: Writing injected SQL for node "test.github_pulse.accepted_values_fct_repo_lifecycle_lifecycle_action__created__deleted.7a2adcc755"
[0m13:51:44.811763 [debug] [Thread-2 (]: Writing injected SQL for node "test.github_pulse.not_null_fct_pull_requests_event_at.065c1fb74d"
[0m13:51:44.813220 [debug] [Thread-3 (]: Writing injected SQL for node "test.github_pulse.not_null_fct_pull_requests_event_id.1964011314"
[0m13:51:44.814586 [debug] [Thread-4 (]: Writing injected SQL for node "test.github_pulse.not_null_fct_pull_requests_pr_action.af0f98cf30"
[0m13:51:44.815217 [debug] [Thread-2 (]: Began executing node test.github_pulse.not_null_fct_pull_requests_event_at.065c1fb74d
[0m13:51:44.815381 [debug] [Thread-1 (]: Began executing node test.github_pulse.accepted_values_fct_repo_lifecycle_lifecycle_action__created__deleted.7a2adcc755
[0m13:51:44.823596 [debug] [Thread-2 (]: Writing runtime sql for node "test.github_pulse.not_null_fct_pull_requests_event_at.065c1fb74d"
[0m13:51:44.823761 [debug] [Thread-4 (]: Began executing node test.github_pulse.not_null_fct_pull_requests_pr_action.af0f98cf30
[0m13:51:44.823885 [debug] [Thread-3 (]: Began executing node test.github_pulse.not_null_fct_pull_requests_event_id.1964011314
[0m13:51:44.824835 [debug] [Thread-1 (]: Writing runtime sql for node "test.github_pulse.accepted_values_fct_repo_lifecycle_lifecycle_action__created__deleted.7a2adcc755"
[0m13:51:44.872306 [debug] [Thread-4 (]: Writing runtime sql for node "test.github_pulse.not_null_fct_pull_requests_pr_action.af0f98cf30"
[0m13:51:44.873703 [debug] [Thread-3 (]: Writing runtime sql for node "test.github_pulse.not_null_fct_pull_requests_event_id.1964011314"
[0m13:51:44.873930 [debug] [Thread-2 (]: On test.github_pulse.not_null_fct_pull_requests_event_at.065c1fb74d: /* {"app": "dbt", "dbt_version": "1.11.11", "profile_name": "github_pulse", "target_name": "dev", "node_id": "test.github_pulse.not_null_fct_pull_requests_event_at.065c1fb74d"} */

    
    select
      count(*) as failures,
      count(*) != 0 as should_warn,
      count(*) != 0 as should_error
    from (
      
    
  
    
    



select event_at
from `github-pulse-jumpy`.`github_pulse_analytics_dev_marts`.`fct_pull_requests`
where event_at is null



  
  
      
    ) dbt_internal_test
[0m13:51:44.874390 [debug] [Thread-1 (]: On test.github_pulse.accepted_values_fct_repo_lifecycle_lifecycle_action__created__deleted.7a2adcc755: /* {"app": "dbt", "dbt_version": "1.11.11", "profile_name": "github_pulse", "target_name": "dev", "node_id": "test.github_pulse.accepted_values_fct_repo_lifecycle_lifecycle_action__created__deleted.7a2adcc755"} */

    
    select
      count(*) as failures,
      count(*) != 0 as should_warn,
      count(*) != 0 as should_error
    from (
      
    
  
    
    

with all_values as (

    select
        lifecycle_action as value_field,
        count(*) as n_records

    from `github-pulse-jumpy`.`github_pulse_analytics_dev_marts`.`fct_repo_lifecycle`
    group by lifecycle_action

)

select *
from all_values
where value_field not in (
    'created','deleted'
)



  
  
      
    ) dbt_internal_test
[0m13:51:44.874578 [debug] [Thread-4 (]: On test.github_pulse.not_null_fct_pull_requests_pr_action.af0f98cf30: /* {"app": "dbt", "dbt_version": "1.11.11", "profile_name": "github_pulse", "target_name": "dev", "node_id": "test.github_pulse.not_null_fct_pull_requests_pr_action.af0f98cf30"} */

    
    select
      count(*) as failures,
      count(*) != 0 as should_warn,
      count(*) != 0 as should_error
    from (
      
    
  
    
    



select pr_action
from `github-pulse-jumpy`.`github_pulse_analytics_dev_marts`.`fct_pull_requests`
where pr_action is null



  
  
      
    ) dbt_internal_test
[0m13:51:44.874778 [debug] [Thread-2 (]: Opening a new connection, currently in state closed
[0m13:51:44.874921 [debug] [Thread-3 (]: On test.github_pulse.not_null_fct_pull_requests_event_id.1964011314: /* {"app": "dbt", "dbt_version": "1.11.11", "profile_name": "github_pulse", "target_name": "dev", "node_id": "test.github_pulse.not_null_fct_pull_requests_event_id.1964011314"} */

    
    select
      count(*) as failures,
      count(*) != 0 as should_warn,
      count(*) != 0 as should_error
    from (
      
    
  
    
    



select event_id
from `github-pulse-jumpy`.`github_pulse_analytics_dev_marts`.`fct_pull_requests`
where event_id is null



  
  
      
    ) dbt_internal_test
[0m13:51:44.875145 [debug] [Thread-1 (]: Opening a new connection, currently in state closed
[0m13:51:44.875286 [debug] [Thread-4 (]: Opening a new connection, currently in state closed
[0m13:51:44.875491 [debug] [Thread-3 (]: Opening a new connection, currently in state closed
[0m13:51:45.769315 [debug] [Thread-1 (]: BigQuery adapter: https://console.cloud.google.com/bigquery?project=github-pulse-jumpy&j=bq:US:d645b32f-5c03-4112-a79e-0aae3cfa6d52&page=queryresults
[0m13:51:45.781672 [debug] [Thread-2 (]: BigQuery adapter: https://console.cloud.google.com/bigquery?project=github-pulse-jumpy&j=bq:US:a78ffbb8-6e9a-49e6-a0d0-9dc665aa1e6c&page=queryresults
[0m13:51:45.811596 [debug] [Thread-3 (]: BigQuery adapter: https://console.cloud.google.com/bigquery?project=github-pulse-jumpy&j=bq:US:25a2dcd9-69ee-4c4d-b81f-fe320171d215&page=queryresults
[0m13:51:45.854882 [debug] [Thread-4 (]: BigQuery adapter: https://console.cloud.google.com/bigquery?project=github-pulse-jumpy&j=bq:US:d12e557e-bfa9-4654-851c-73f0814bc19c&page=queryresults
[0m13:51:46.006490 [debug] [Thread-3 (]: SQL status: OK in 0.194 seconds
[0m13:51:46.017086 [debug] [Thread-2 (]: SQL status: OK in 0.234 seconds
[0m13:51:46.038479 [debug] [Thread-1 (]: SQL status: OK in 0.268 seconds
[0m13:51:46.041556 [debug] [Thread-4 (]: SQL status: OK in 0.186 seconds
[0m13:51:46.430204 [info ] [Thread-4 (]: 4 of 18 PASS not_null_fct_pull_requests_pr_action .............................. [[32mPASS[0m in 1.63s]
[0m13:51:46.431241 [debug] [Thread-4 (]: Finished running node test.github_pulse.not_null_fct_pull_requests_pr_action.af0f98cf30
[0m13:51:46.431750 [debug] [Thread-4 (]: Began running node test.github_pulse.not_null_fct_pull_requests_pr_event_sk.e294183460
[0m13:51:46.432201 [info ] [Thread-4 (]: 5 of 18 START test not_null_fct_pull_requests_pr_event_sk ...................... [RUN]
[0m13:51:46.432747 [debug] [Thread-4 (]: Re-using an available connection from the pool (formerly test.github_pulse.not_null_fct_pull_requests_pr_action.af0f98cf30, now test.github_pulse.not_null_fct_pull_requests_pr_event_sk.e294183460)
[0m13:51:46.433238 [debug] [Thread-4 (]: Began compiling node test.github_pulse.not_null_fct_pull_requests_pr_event_sk.e294183460
[0m13:51:46.439278 [debug] [Thread-4 (]: Writing injected SQL for node "test.github_pulse.not_null_fct_pull_requests_pr_event_sk.e294183460"
[0m13:51:46.440490 [debug] [Thread-4 (]: Began executing node test.github_pulse.not_null_fct_pull_requests_pr_event_sk.e294183460
[0m13:51:46.444019 [debug] [Thread-4 (]: Writing runtime sql for node "test.github_pulse.not_null_fct_pull_requests_pr_event_sk.e294183460"
[0m13:51:46.445104 [debug] [Thread-4 (]: On test.github_pulse.not_null_fct_pull_requests_pr_event_sk.e294183460: /* {"app": "dbt", "dbt_version": "1.11.11", "profile_name": "github_pulse", "target_name": "dev", "node_id": "test.github_pulse.not_null_fct_pull_requests_pr_event_sk.e294183460"} */

    
    select
      count(*) as failures,
      count(*) != 0 as should_warn,
      count(*) != 0 as should_error
    from (
      
    
  
    
    



select pr_event_sk
from `github-pulse-jumpy`.`github_pulse_analytics_dev_marts`.`fct_pull_requests`
where pr_event_sk is null



  
  
      
    ) dbt_internal_test
[0m13:51:46.445550 [debug] [Thread-4 (]: Opening a new connection, currently in state closed
[0m13:51:46.521852 [info ] [Thread-2 (]: 2 of 18 PASS not_null_fct_pull_requests_event_at ............................... [[32mPASS[0m in 1.72s]
[0m13:51:46.522415 [info ] [Thread-1 (]: 1 of 18 PASS accepted_values_fct_repo_lifecycle_lifecycle_action__created__deleted  [[32mPASS[0m in 1.72s]
[0m13:51:46.522982 [info ] [Thread-3 (]: 3 of 18 PASS not_null_fct_pull_requests_event_id ............................... [[32mPASS[0m in 1.72s]
[0m13:51:46.523573 [debug] [Thread-2 (]: Finished running node test.github_pulse.not_null_fct_pull_requests_event_at.065c1fb74d
[0m13:51:46.523861 [debug] [Thread-1 (]: Finished running node test.github_pulse.accepted_values_fct_repo_lifecycle_lifecycle_action__created__deleted.7a2adcc755
[0m13:51:46.524039 [debug] [Thread-3 (]: Finished running node test.github_pulse.not_null_fct_pull_requests_event_id.1964011314
[0m13:51:46.524271 [debug] [Thread-2 (]: Began running node test.github_pulse.not_null_fct_repo_engagement_engagement_sk.172aa38104
[0m13:51:46.524412 [debug] [Thread-1 (]: Began running node test.github_pulse.not_null_fct_repo_engagement_event_at.7abf87d5b2
[0m13:51:46.524625 [debug] [Thread-3 (]: Began running node test.github_pulse.not_null_fct_repo_engagement_event_id.2b7e450940
[0m13:51:46.524801 [info ] [Thread-2 (]: 6 of 18 START test not_null_fct_repo_engagement_engagement_sk .................. [RUN]
[0m13:51:46.524954 [info ] [Thread-1 (]: 7 of 18 START test not_null_fct_repo_engagement_event_at ....................... [RUN]
[0m13:51:46.525108 [info ] [Thread-3 (]: 8 of 18 START test not_null_fct_repo_engagement_event_id ....................... [RUN]
[0m13:51:46.525274 [debug] [Thread-2 (]: Re-using an available connection from the pool (formerly test.github_pulse.not_null_fct_pull_requests_event_at.065c1fb74d, now test.github_pulse.not_null_fct_repo_engagement_engagement_sk.172aa38104)
[0m13:51:46.525443 [debug] [Thread-1 (]: Re-using an available connection from the pool (formerly test.github_pulse.accepted_values_fct_repo_lifecycle_lifecycle_action__created__deleted.7a2adcc755, now test.github_pulse.not_null_fct_repo_engagement_event_at.7abf87d5b2)
[0m13:51:46.525577 [debug] [Thread-3 (]: Re-using an available connection from the pool (formerly test.github_pulse.not_null_fct_pull_requests_event_id.1964011314, now test.github_pulse.not_null_fct_repo_engagement_event_id.2b7e450940)
[0m13:51:46.525697 [debug] [Thread-2 (]: Began compiling node test.github_pulse.not_null_fct_repo_engagement_engagement_sk.172aa38104
[0m13:51:46.525805 [debug] [Thread-1 (]: Began compiling node test.github_pulse.not_null_fct_repo_engagement_event_at.7abf87d5b2
[0m13:51:46.525911 [debug] [Thread-3 (]: Began compiling node test.github_pulse.not_null_fct_repo_engagement_event_id.2b7e450940
[0m13:51:46.528156 [debug] [Thread-2 (]: Writing injected SQL for node "test.github_pulse.not_null_fct_repo_engagement_engagement_sk.172aa38104"
[0m13:51:46.529524 [debug] [Thread-1 (]: Writing injected SQL for node "test.github_pulse.not_null_fct_repo_engagement_event_at.7abf87d5b2"
[0m13:51:46.530869 [debug] [Thread-3 (]: Writing injected SQL for node "test.github_pulse.not_null_fct_repo_engagement_event_id.2b7e450940"
[0m13:51:46.531465 [debug] [Thread-2 (]: Began executing node test.github_pulse.not_null_fct_repo_engagement_engagement_sk.172aa38104
[0m13:51:46.531591 [debug] [Thread-1 (]: Began executing node test.github_pulse.not_null_fct_repo_engagement_event_at.7abf87d5b2
[0m13:51:46.531689 [debug] [Thread-3 (]: Began executing node test.github_pulse.not_null_fct_repo_engagement_event_id.2b7e450940
[0m13:51:46.532546 [debug] [Thread-2 (]: Writing runtime sql for node "test.github_pulse.not_null_fct_repo_engagement_engagement_sk.172aa38104"
[0m13:51:46.533469 [debug] [Thread-1 (]: Writing runtime sql for node "test.github_pulse.not_null_fct_repo_engagement_event_at.7abf87d5b2"
[0m13:51:46.534336 [debug] [Thread-3 (]: Writing runtime sql for node "test.github_pulse.not_null_fct_repo_engagement_event_id.2b7e450940"
[0m13:51:46.534639 [debug] [Thread-2 (]: On test.github_pulse.not_null_fct_repo_engagement_engagement_sk.172aa38104: /* {"app": "dbt", "dbt_version": "1.11.11", "profile_name": "github_pulse", "target_name": "dev", "node_id": "test.github_pulse.not_null_fct_repo_engagement_engagement_sk.172aa38104"} */

    
    select
      count(*) as failures,
      count(*) != 0 as should_warn,
      count(*) != 0 as should_error
    from (
      
    
  
    
    



select engagement_sk
from `github-pulse-jumpy`.`github_pulse_analytics_dev_marts`.`fct_repo_engagement`
where engagement_sk is null



  
  
      
    ) dbt_internal_test
[0m13:51:46.534793 [debug] [Thread-1 (]: On test.github_pulse.not_null_fct_repo_engagement_event_at.7abf87d5b2: /* {"app": "dbt", "dbt_version": "1.11.11", "profile_name": "github_pulse", "target_name": "dev", "node_id": "test.github_pulse.not_null_fct_repo_engagement_event_at.7abf87d5b2"} */

    
    select
      count(*) as failures,
      count(*) != 0 as should_warn,
      count(*) != 0 as should_error
    from (
      
    
  
    
    



select event_at
from `github-pulse-jumpy`.`github_pulse_analytics_dev_marts`.`fct_repo_engagement`
where event_at is null



  
  
      
    ) dbt_internal_test
[0m13:51:46.535025 [debug] [Thread-3 (]: On test.github_pulse.not_null_fct_repo_engagement_event_id.2b7e450940: /* {"app": "dbt", "dbt_version": "1.11.11", "profile_name": "github_pulse", "target_name": "dev", "node_id": "test.github_pulse.not_null_fct_repo_engagement_event_id.2b7e450940"} */

    
    select
      count(*) as failures,
      count(*) != 0 as should_warn,
      count(*) != 0 as should_error
    from (
      
    
  
    
    



select event_id
from `github-pulse-jumpy`.`github_pulse_analytics_dev_marts`.`fct_repo_engagement`
where event_id is null



  
  
      
    ) dbt_internal_test
[0m13:51:46.535182 [debug] [Thread-2 (]: Opening a new connection, currently in state closed
[0m13:51:46.535318 [debug] [Thread-1 (]: Opening a new connection, currently in state closed
[0m13:51:46.535460 [debug] [Thread-3 (]: Opening a new connection, currently in state closed
[0m13:51:47.344093 [debug] [Thread-4 (]: BigQuery adapter: https://console.cloud.google.com/bigquery?project=github-pulse-jumpy&j=bq:US:4d568d42-f265-4622-8a3c-f869a3429a62&page=queryresults
[0m13:51:47.415909 [debug] [Thread-2 (]: BigQuery adapter: https://console.cloud.google.com/bigquery?project=github-pulse-jumpy&j=bq:US:1492f21f-fdc7-4ae8-bfc3-80ce6ac0dc10&page=queryresults
[0m13:51:47.426961 [debug] [Thread-3 (]: BigQuery adapter: https://console.cloud.google.com/bigquery?project=github-pulse-jumpy&j=bq:US:3c94ee71-74a2-4e71-8bc3-f31b60fdde56&page=queryresults
[0m13:51:47.454110 [debug] [Thread-1 (]: BigQuery adapter: https://console.cloud.google.com/bigquery?project=github-pulse-jumpy&j=bq:US:202d163c-2527-45a6-b1dd-c09c79c95d31&page=queryresults
[0m13:51:47.594908 [debug] [Thread-4 (]: SQL status: OK in 0.250 seconds
[0m13:51:47.638052 [debug] [Thread-3 (]: SQL status: OK in 0.210 seconds
[0m13:51:47.659162 [debug] [Thread-2 (]: SQL status: OK in 0.242 seconds
[0m13:51:47.682400 [debug] [Thread-1 (]: SQL status: OK in 0.227 seconds
[0m13:51:48.029455 [info ] [Thread-4 (]: 5 of 18 PASS not_null_fct_pull_requests_pr_event_sk ............................ [[32mPASS[0m in 1.60s]
[0m13:51:48.030927 [debug] [Thread-4 (]: Finished running node test.github_pulse.not_null_fct_pull_requests_pr_event_sk.e294183460
[0m13:51:48.031755 [debug] [Thread-4 (]: Began running node test.github_pulse.not_null_fct_repo_lifecycle_event_at.7cd818e0f9
[0m13:51:48.032648 [info ] [Thread-4 (]: 9 of 18 START test not_null_fct_repo_lifecycle_event_at ........................ [RUN]
[0m13:51:48.033536 [debug] [Thread-4 (]: Re-using an available connection from the pool (formerly test.github_pulse.not_null_fct_pull_requests_pr_event_sk.e294183460, now test.github_pulse.not_null_fct_repo_lifecycle_event_at.7cd818e0f9)
[0m13:51:48.034246 [debug] [Thread-4 (]: Began compiling node test.github_pulse.not_null_fct_repo_lifecycle_event_at.7cd818e0f9
[0m13:51:48.041578 [debug] [Thread-4 (]: Writing injected SQL for node "test.github_pulse.not_null_fct_repo_lifecycle_event_at.7cd818e0f9"
[0m13:51:48.045610 [info ] [Thread-3 (]: 8 of 18 PASS not_null_fct_repo_engagement_event_id ............................. [[32mPASS[0m in 1.52s]
[0m13:51:48.046504 [debug] [Thread-3 (]: Finished running node test.github_pulse.not_null_fct_repo_engagement_event_id.2b7e450940
[0m13:51:48.046864 [debug] [Thread-4 (]: Began executing node test.github_pulse.not_null_fct_repo_lifecycle_event_at.7cd818e0f9
[0m13:51:48.047329 [debug] [Thread-3 (]: Began running node test.github_pulse.not_null_fct_repo_lifecycle_event_id.7885dfbd0e
[0m13:51:48.050677 [debug] [Thread-4 (]: Writing runtime sql for node "test.github_pulse.not_null_fct_repo_lifecycle_event_at.7cd818e0f9"
[0m13:51:48.051093 [info ] [Thread-3 (]: 10 of 18 START test not_null_fct_repo_lifecycle_event_id ....................... [RUN]
[0m13:51:48.051663 [debug] [Thread-3 (]: Re-using an available connection from the pool (formerly test.github_pulse.not_null_fct_repo_engagement_event_id.2b7e450940, now test.github_pulse.not_null_fct_repo_lifecycle_event_id.7885dfbd0e)
[0m13:51:48.052269 [debug] [Thread-3 (]: Began compiling node test.github_pulse.not_null_fct_repo_lifecycle_event_id.7885dfbd0e
[0m13:51:48.058126 [debug] [Thread-3 (]: Writing injected SQL for node "test.github_pulse.not_null_fct_repo_lifecycle_event_id.7885dfbd0e"
[0m13:51:48.058542 [debug] [Thread-4 (]: On test.github_pulse.not_null_fct_repo_lifecycle_event_at.7cd818e0f9: /* {"app": "dbt", "dbt_version": "1.11.11", "profile_name": "github_pulse", "target_name": "dev", "node_id": "test.github_pulse.not_null_fct_repo_lifecycle_event_at.7cd818e0f9"} */

    
    select
      count(*) as failures,
      count(*) != 0 as should_warn,
      count(*) != 0 as should_error
    from (
      
    
  
    
    



select event_at
from `github-pulse-jumpy`.`github_pulse_analytics_dev_marts`.`fct_repo_lifecycle`
where event_at is null



  
  
      
    ) dbt_internal_test
[0m13:51:48.058959 [debug] [Thread-4 (]: Opening a new connection, currently in state closed
[0m13:51:48.123729 [debug] [Thread-3 (]: Began executing node test.github_pulse.not_null_fct_repo_lifecycle_event_id.7885dfbd0e
[0m13:51:48.128236 [debug] [Thread-3 (]: Writing runtime sql for node "test.github_pulse.not_null_fct_repo_lifecycle_event_id.7885dfbd0e"
[0m13:51:48.126729 [info ] [Thread-2 (]: 6 of 18 PASS not_null_fct_repo_engagement_engagement_sk ........................ [[32mPASS[0m in 1.60s]
[0m13:51:48.128854 [info ] [Thread-1 (]: 7 of 18 PASS not_null_fct_repo_engagement_event_at ............................. [[32mPASS[0m in 1.60s]
[0m13:51:48.129537 [debug] [Thread-2 (]: Finished running node test.github_pulse.not_null_fct_repo_engagement_engagement_sk.172aa38104
[0m13:51:48.129827 [debug] [Thread-1 (]: Finished running node test.github_pulse.not_null_fct_repo_engagement_event_at.7abf87d5b2
[0m13:51:48.129997 [debug] [Thread-3 (]: On test.github_pulse.not_null_fct_repo_lifecycle_event_id.7885dfbd0e: /* {"app": "dbt", "dbt_version": "1.11.11", "profile_name": "github_pulse", "target_name": "dev", "node_id": "test.github_pulse.not_null_fct_repo_lifecycle_event_id.7885dfbd0e"} */

    
    select
      count(*) as failures,
      count(*) != 0 as should_warn,
      count(*) != 0 as should_error
    from (
      
    
  
    
    



select event_id
from `github-pulse-jumpy`.`github_pulse_analytics_dev_marts`.`fct_repo_lifecycle`
where event_id is null



  
  
      
    ) dbt_internal_test
[0m13:51:48.130324 [debug] [Thread-2 (]: Began running node test.github_pulse.not_null_fct_repo_lifecycle_lifecycle_action.4f422707da
[0m13:51:48.130626 [debug] [Thread-1 (]: Began running node test.github_pulse.not_null_fct_repo_lifecycle_lifecycle_sk.dbcd1592a8
[0m13:51:48.130857 [debug] [Thread-3 (]: Opening a new connection, currently in state closed
[0m13:51:48.131029 [info ] [Thread-2 (]: 11 of 18 START test not_null_fct_repo_lifecycle_lifecycle_action ............... [RUN]
[0m13:51:48.131183 [info ] [Thread-1 (]: 12 of 18 START test not_null_fct_repo_lifecycle_lifecycle_sk ................... [RUN]
[0m13:51:48.131424 [debug] [Thread-2 (]: Re-using an available connection from the pool (formerly test.github_pulse.not_null_fct_repo_engagement_engagement_sk.172aa38104, now test.github_pulse.not_null_fct_repo_lifecycle_lifecycle_action.4f422707da)
[0m13:51:48.182801 [debug] [Thread-1 (]: Re-using an available connection from the pool (formerly test.github_pulse.not_null_fct_repo_engagement_event_at.7abf87d5b2, now test.github_pulse.not_null_fct_repo_lifecycle_lifecycle_sk.dbcd1592a8)
[0m13:51:48.183442 [debug] [Thread-2 (]: Began compiling node test.github_pulse.not_null_fct_repo_lifecycle_lifecycle_action.4f422707da
[0m13:51:48.183613 [debug] [Thread-1 (]: Began compiling node test.github_pulse.not_null_fct_repo_lifecycle_lifecycle_sk.dbcd1592a8
[0m13:51:48.185695 [debug] [Thread-2 (]: Writing injected SQL for node "test.github_pulse.not_null_fct_repo_lifecycle_lifecycle_action.4f422707da"
[0m13:51:48.187554 [debug] [Thread-1 (]: Writing injected SQL for node "test.github_pulse.not_null_fct_repo_lifecycle_lifecycle_sk.dbcd1592a8"
[0m13:51:48.188129 [debug] [Thread-2 (]: Began executing node test.github_pulse.not_null_fct_repo_lifecycle_lifecycle_action.4f422707da
[0m13:51:48.189135 [debug] [Thread-2 (]: Writing runtime sql for node "test.github_pulse.not_null_fct_repo_lifecycle_lifecycle_action.4f422707da"
[0m13:51:48.189257 [debug] [Thread-1 (]: Began executing node test.github_pulse.not_null_fct_repo_lifecycle_lifecycle_sk.dbcd1592a8
[0m13:51:48.190186 [debug] [Thread-1 (]: Writing runtime sql for node "test.github_pulse.not_null_fct_repo_lifecycle_lifecycle_sk.dbcd1592a8"
[0m13:51:48.190435 [debug] [Thread-2 (]: On test.github_pulse.not_null_fct_repo_lifecycle_lifecycle_action.4f422707da: /* {"app": "dbt", "dbt_version": "1.11.11", "profile_name": "github_pulse", "target_name": "dev", "node_id": "test.github_pulse.not_null_fct_repo_lifecycle_lifecycle_action.4f422707da"} */

    
    select
      count(*) as failures,
      count(*) != 0 as should_warn,
      count(*) != 0 as should_error
    from (
      
    
  
    
    



select lifecycle_action
from `github-pulse-jumpy`.`github_pulse_analytics_dev_marts`.`fct_repo_lifecycle`
where lifecycle_action is null



  
  
      
    ) dbt_internal_test
[0m13:51:48.190581 [debug] [Thread-1 (]: On test.github_pulse.not_null_fct_repo_lifecycle_lifecycle_sk.dbcd1592a8: /* {"app": "dbt", "dbt_version": "1.11.11", "profile_name": "github_pulse", "target_name": "dev", "node_id": "test.github_pulse.not_null_fct_repo_lifecycle_lifecycle_sk.dbcd1592a8"} */

    
    select
      count(*) as failures,
      count(*) != 0 as should_warn,
      count(*) != 0 as should_error
    from (
      
    
  
    
    



select lifecycle_sk
from `github-pulse-jumpy`.`github_pulse_analytics_dev_marts`.`fct_repo_lifecycle`
where lifecycle_sk is null



  
  
      
    ) dbt_internal_test
[0m13:51:48.190736 [debug] [Thread-2 (]: Opening a new connection, currently in state closed
[0m13:51:48.190861 [debug] [Thread-1 (]: Opening a new connection, currently in state closed
[0m13:51:48.912067 [debug] [Thread-4 (]: BigQuery adapter: https://console.cloud.google.com/bigquery?project=github-pulse-jumpy&j=bq:US:30b67a10-78fd-409a-ba49-5e409f71079f&page=queryresults
[0m13:51:48.917359 [debug] [Thread-1 (]: BigQuery adapter: https://console.cloud.google.com/bigquery?project=github-pulse-jumpy&j=bq:US:1fb9aa98-7ab5-444a-abb1-ada09810992e&page=queryresults
[0m13:51:48.939648 [debug] [Thread-3 (]: BigQuery adapter: https://console.cloud.google.com/bigquery?project=github-pulse-jumpy&j=bq:US:3fcd1bfb-c9bc-486e-83b3-e2a64eb0e05c&page=queryresults
[0m13:51:49.060201 [debug] [Thread-2 (]: BigQuery adapter: https://console.cloud.google.com/bigquery?project=github-pulse-jumpy&j=bq:US:fa7c3c6b-baa8-4107-9ca1-4fc56ebaa85f&page=queryresults
[0m13:51:49.082775 [debug] [Thread-4 (]: SQL status: OK in 0.169 seconds
[0m13:51:49.088380 [debug] [Thread-1 (]: SQL status: OK in 0.170 seconds
[0m13:51:49.164042 [debug] [Thread-3 (]: SQL status: OK in 0.223 seconds
[0m13:51:49.219894 [debug] [Thread-2 (]: SQL status: OK in 0.159 seconds
[0m13:51:49.492693 [info ] [Thread-4 (]: 9 of 18 PASS not_null_fct_repo_lifecycle_event_at .............................. [[32mPASS[0m in 1.46s]
[0m13:51:49.493418 [debug] [Thread-4 (]: Finished running node test.github_pulse.not_null_fct_repo_lifecycle_event_at.7cd818e0f9
[0m13:51:49.494038 [debug] [Thread-4 (]: Began running node test.github_pulse.unique_fct_pull_requests_event_id.ccd2c98422
[0m13:51:49.494978 [info ] [Thread-4 (]: 13 of 18 START test unique_fct_pull_requests_event_id .......................... [RUN]
[0m13:51:49.495840 [debug] [Thread-4 (]: Re-using an available connection from the pool (formerly test.github_pulse.not_null_fct_repo_lifecycle_event_at.7cd818e0f9, now test.github_pulse.unique_fct_pull_requests_event_id.ccd2c98422)
[0m13:51:49.496661 [debug] [Thread-4 (]: Began compiling node test.github_pulse.unique_fct_pull_requests_event_id.ccd2c98422
[0m13:51:49.506514 [debug] [Thread-4 (]: Writing injected SQL for node "test.github_pulse.unique_fct_pull_requests_event_id.ccd2c98422"
[0m13:51:49.507548 [debug] [Thread-4 (]: Began executing node test.github_pulse.unique_fct_pull_requests_event_id.ccd2c98422
[0m13:51:49.513293 [debug] [Thread-4 (]: Writing runtime sql for node "test.github_pulse.unique_fct_pull_requests_event_id.ccd2c98422"
[0m13:51:49.514278 [debug] [Thread-4 (]: On test.github_pulse.unique_fct_pull_requests_event_id.ccd2c98422: /* {"app": "dbt", "dbt_version": "1.11.11", "profile_name": "github_pulse", "target_name": "dev", "node_id": "test.github_pulse.unique_fct_pull_requests_event_id.ccd2c98422"} */

    
    select
      count(*) as failures,
      count(*) != 0 as should_warn,
      count(*) != 0 as should_error
    from (
      
    
  
    
    

with dbt_test__target as (

  select event_id as unique_field
  from `github-pulse-jumpy`.`github_pulse_analytics_dev_marts`.`fct_pull_requests`
  where event_id is not null

)

select
    unique_field,
    count(*) as n_records

from dbt_test__target
group by unique_field
having count(*) > 1



  
  
      
    ) dbt_internal_test
[0m13:51:49.514668 [debug] [Thread-4 (]: Opening a new connection, currently in state closed
[0m13:51:49.582973 [info ] [Thread-3 (]: 10 of 18 PASS not_null_fct_repo_lifecycle_event_id ............................. [[32mPASS[0m in 1.53s]
[0m13:51:49.583365 [debug] [Thread-3 (]: Finished running node test.github_pulse.not_null_fct_repo_lifecycle_event_id.7885dfbd0e
[0m13:51:49.583530 [debug] [Thread-3 (]: Began running node test.github_pulse.unique_fct_pull_requests_pr_event_sk.7c40bd2b8c
[0m13:51:49.583941 [info ] [Thread-3 (]: 14 of 18 START test unique_fct_pull_requests_pr_event_sk ....................... [RUN]
[0m13:51:49.584212 [debug] [Thread-3 (]: Re-using an available connection from the pool (formerly test.github_pulse.not_null_fct_repo_lifecycle_event_id.7885dfbd0e, now test.github_pulse.unique_fct_pull_requests_pr_event_sk.7c40bd2b8c)
[0m13:51:49.584432 [debug] [Thread-3 (]: Began compiling node test.github_pulse.unique_fct_pull_requests_pr_event_sk.7c40bd2b8c
[0m13:51:49.586529 [debug] [Thread-3 (]: Writing injected SQL for node "test.github_pulse.unique_fct_pull_requests_pr_event_sk.7c40bd2b8c"
[0m13:51:49.587702 [debug] [Thread-3 (]: Began executing node test.github_pulse.unique_fct_pull_requests_pr_event_sk.7c40bd2b8c
[0m13:51:49.588750 [debug] [Thread-3 (]: Writing runtime sql for node "test.github_pulse.unique_fct_pull_requests_pr_event_sk.7c40bd2b8c"
[0m13:51:49.589067 [debug] [Thread-3 (]: On test.github_pulse.unique_fct_pull_requests_pr_event_sk.7c40bd2b8c: /* {"app": "dbt", "dbt_version": "1.11.11", "profile_name": "github_pulse", "target_name": "dev", "node_id": "test.github_pulse.unique_fct_pull_requests_pr_event_sk.7c40bd2b8c"} */

    
    select
      count(*) as failures,
      count(*) != 0 as should_warn,
      count(*) != 0 as should_error
    from (
      
    
  
    
    

with dbt_test__target as (

  select pr_event_sk as unique_field
  from `github-pulse-jumpy`.`github_pulse_analytics_dev_marts`.`fct_pull_requests`
  where pr_event_sk is not null

)

select
    unique_field,
    count(*) as n_records

from dbt_test__target
group by unique_field
having count(*) > 1



  
  
      
    ) dbt_internal_test
[0m13:51:49.589227 [debug] [Thread-3 (]: Opening a new connection, currently in state closed
[0m13:51:49.646087 [info ] [Thread-1 (]: 12 of 18 PASS not_null_fct_repo_lifecycle_lifecycle_sk ......................... [[32mPASS[0m in 1.46s]
[0m13:51:49.646462 [debug] [Thread-1 (]: Finished running node test.github_pulse.not_null_fct_repo_lifecycle_lifecycle_sk.dbcd1592a8
[0m13:51:49.646625 [debug] [Thread-1 (]: Began running node test.github_pulse.unique_fct_repo_engagement_engagement_sk.6da8627b9b
[0m13:51:49.646789 [info ] [Thread-1 (]: 15 of 18 START test unique_fct_repo_engagement_engagement_sk ................... [RUN]
[0m13:51:49.646973 [debug] [Thread-1 (]: Re-using an available connection from the pool (formerly test.github_pulse.not_null_fct_repo_lifecycle_lifecycle_sk.dbcd1592a8, now test.github_pulse.unique_fct_repo_engagement_engagement_sk.6da8627b9b)
[0m13:51:49.647096 [debug] [Thread-1 (]: Began compiling node test.github_pulse.unique_fct_repo_engagement_engagement_sk.6da8627b9b
[0m13:51:49.648952 [debug] [Thread-1 (]: Writing injected SQL for node "test.github_pulse.unique_fct_repo_engagement_engagement_sk.6da8627b9b"
[0m13:51:49.649368 [debug] [Thread-1 (]: Began executing node test.github_pulse.unique_fct_repo_engagement_engagement_sk.6da8627b9b
[0m13:51:49.650385 [debug] [Thread-1 (]: Writing runtime sql for node "test.github_pulse.unique_fct_repo_engagement_engagement_sk.6da8627b9b"
[0m13:51:49.650654 [debug] [Thread-1 (]: On test.github_pulse.unique_fct_repo_engagement_engagement_sk.6da8627b9b: /* {"app": "dbt", "dbt_version": "1.11.11", "profile_name": "github_pulse", "target_name": "dev", "node_id": "test.github_pulse.unique_fct_repo_engagement_engagement_sk.6da8627b9b"} */

    
    select
      count(*) as failures,
      count(*) != 0 as should_warn,
      count(*) != 0 as should_error
    from (
      
    
  
    
    

with dbt_test__target as (

  select engagement_sk as unique_field
  from `github-pulse-jumpy`.`github_pulse_analytics_dev_marts`.`fct_repo_engagement`
  where engagement_sk is not null

)

select
    unique_field,
    count(*) as n_records

from dbt_test__target
group by unique_field
having count(*) > 1



  
  
      
    ) dbt_internal_test
[0m13:51:49.650822 [debug] [Thread-1 (]: Opening a new connection, currently in state closed
[0m13:51:49.810117 [info ] [Thread-2 (]: 11 of 18 PASS not_null_fct_repo_lifecycle_lifecycle_action ..................... [[32mPASS[0m in 1.68s]
[0m13:51:49.810724 [debug] [Thread-2 (]: Finished running node test.github_pulse.not_null_fct_repo_lifecycle_lifecycle_action.4f422707da
[0m13:51:49.810879 [debug] [Thread-2 (]: Began running node test.github_pulse.unique_fct_repo_engagement_event_id.bfb43b4093
[0m13:51:49.811058 [info ] [Thread-2 (]: 16 of 18 START test unique_fct_repo_engagement_event_id ........................ [RUN]
[0m13:51:49.811752 [debug] [Thread-2 (]: Re-using an available connection from the pool (formerly test.github_pulse.not_null_fct_repo_lifecycle_lifecycle_action.4f422707da, now test.github_pulse.unique_fct_repo_engagement_event_id.bfb43b4093)
[0m13:51:49.812027 [debug] [Thread-2 (]: Began compiling node test.github_pulse.unique_fct_repo_engagement_event_id.bfb43b4093
[0m13:51:49.814209 [debug] [Thread-2 (]: Writing injected SQL for node "test.github_pulse.unique_fct_repo_engagement_event_id.bfb43b4093"
[0m13:51:49.814712 [debug] [Thread-2 (]: Began executing node test.github_pulse.unique_fct_repo_engagement_event_id.bfb43b4093
[0m13:51:49.815807 [debug] [Thread-2 (]: Writing runtime sql for node "test.github_pulse.unique_fct_repo_engagement_event_id.bfb43b4093"
[0m13:51:49.816184 [debug] [Thread-2 (]: On test.github_pulse.unique_fct_repo_engagement_event_id.bfb43b4093: /* {"app": "dbt", "dbt_version": "1.11.11", "profile_name": "github_pulse", "target_name": "dev", "node_id": "test.github_pulse.unique_fct_repo_engagement_event_id.bfb43b4093"} */

    
    select
      count(*) as failures,
      count(*) != 0 as should_warn,
      count(*) != 0 as should_error
    from (
      
    
  
    
    

with dbt_test__target as (

  select event_id as unique_field
  from `github-pulse-jumpy`.`github_pulse_analytics_dev_marts`.`fct_repo_engagement`
  where event_id is not null

)

select
    unique_field,
    count(*) as n_records

from dbt_test__target
group by unique_field
having count(*) > 1



  
  
      
    ) dbt_internal_test
[0m13:51:49.816389 [debug] [Thread-2 (]: Opening a new connection, currently in state closed
[0m13:51:50.373994 [debug] [Thread-1 (]: BigQuery adapter: https://console.cloud.google.com/bigquery?project=github-pulse-jumpy&j=bq:US:7cdb37cd-d5fc-48c1-ac57-4cb967ca94d3&page=queryresults
[0m13:51:50.449060 [debug] [Thread-3 (]: BigQuery adapter: https://console.cloud.google.com/bigquery?project=github-pulse-jumpy&j=bq:US:5e6d9c87-dad2-4d3b-b48f-9379b1bdc67b&page=queryresults
[0m13:51:50.452579 [debug] [Thread-4 (]: BigQuery adapter: https://console.cloud.google.com/bigquery?project=github-pulse-jumpy&j=bq:US:cb063a0d-da77-477c-900c-f6092a6c8f5f&page=queryresults
[0m13:51:50.550780 [debug] [Thread-2 (]: BigQuery adapter: https://console.cloud.google.com/bigquery?project=github-pulse-jumpy&j=bq:US:05f75b06-6aa2-43ad-91f6-68fd2ffe8703&page=queryresults
[0m13:51:50.552714 [debug] [Thread-1 (]: SQL status: OK in 0.178 seconds
[0m13:51:50.654683 [debug] [Thread-3 (]: SQL status: OK in 0.204 seconds
[0m13:51:50.681468 [debug] [Thread-4 (]: SQL status: OK in 0.228 seconds
[0m13:51:50.736294 [debug] [Thread-2 (]: SQL status: OK in 0.183 seconds
[0m13:51:51.010560 [info ] [Thread-1 (]: 15 of 18 PASS unique_fct_repo_engagement_engagement_sk ......................... [[32mPASS[0m in 1.36s]
[0m13:51:51.011567 [debug] [Thread-1 (]: Finished running node test.github_pulse.unique_fct_repo_engagement_engagement_sk.6da8627b9b
[0m13:51:51.012156 [debug] [Thread-1 (]: Began running node test.github_pulse.unique_fct_repo_lifecycle_event_id.1b85b8280b
[0m13:51:51.012868 [info ] [Thread-1 (]: 17 of 18 START test unique_fct_repo_lifecycle_event_id ......................... [RUN]
[0m13:51:51.013764 [debug] [Thread-1 (]: Re-using an available connection from the pool (formerly test.github_pulse.unique_fct_repo_engagement_engagement_sk.6da8627b9b, now test.github_pulse.unique_fct_repo_lifecycle_event_id.1b85b8280b)
[0m13:51:51.014462 [debug] [Thread-1 (]: Began compiling node test.github_pulse.unique_fct_repo_lifecycle_event_id.1b85b8280b
[0m13:51:51.022068 [debug] [Thread-1 (]: Writing injected SQL for node "test.github_pulse.unique_fct_repo_lifecycle_event_id.1b85b8280b"
[0m13:51:51.023996 [debug] [Thread-1 (]: Began executing node test.github_pulse.unique_fct_repo_lifecycle_event_id.1b85b8280b
[0m13:51:51.030843 [debug] [Thread-1 (]: Writing runtime sql for node "test.github_pulse.unique_fct_repo_lifecycle_event_id.1b85b8280b"
[0m13:51:51.032108 [debug] [Thread-1 (]: On test.github_pulse.unique_fct_repo_lifecycle_event_id.1b85b8280b: /* {"app": "dbt", "dbt_version": "1.11.11", "profile_name": "github_pulse", "target_name": "dev", "node_id": "test.github_pulse.unique_fct_repo_lifecycle_event_id.1b85b8280b"} */

    
    select
      count(*) as failures,
      count(*) != 0 as should_warn,
      count(*) != 0 as should_error
    from (
      
    
  
    
    

with dbt_test__target as (

  select event_id as unique_field
  from `github-pulse-jumpy`.`github_pulse_analytics_dev_marts`.`fct_repo_lifecycle`
  where event_id is not null

)

select
    unique_field,
    count(*) as n_records

from dbt_test__target
group by unique_field
having count(*) > 1



  
  
      
    ) dbt_internal_test
[0m13:51:51.032431 [debug] [Thread-1 (]: Opening a new connection, currently in state closed
[0m13:51:51.118182 [info ] [Thread-3 (]: 14 of 18 PASS unique_fct_pull_requests_pr_event_sk ............................. [[32mPASS[0m in 1.53s]
[0m13:51:51.118737 [debug] [Thread-3 (]: Finished running node test.github_pulse.unique_fct_pull_requests_pr_event_sk.7c40bd2b8c
[0m13:51:51.119555 [debug] [Thread-3 (]: Began running node test.github_pulse.unique_fct_repo_lifecycle_lifecycle_sk.db238593cd
[0m13:51:51.120085 [info ] [Thread-4 (]: 13 of 18 PASS unique_fct_pull_requests_event_id ................................ [[32mPASS[0m in 1.62s]
[0m13:51:51.120294 [info ] [Thread-3 (]: 18 of 18 START test unique_fct_repo_lifecycle_lifecycle_sk ..................... [RUN]
[0m13:51:51.120490 [debug] [Thread-4 (]: Finished running node test.github_pulse.unique_fct_pull_requests_event_id.ccd2c98422
[0m13:51:51.120652 [debug] [Thread-3 (]: Re-using an available connection from the pool (formerly test.github_pulse.unique_fct_pull_requests_pr_event_sk.7c40bd2b8c, now test.github_pulse.unique_fct_repo_lifecycle_lifecycle_sk.db238593cd)
[0m13:51:51.120824 [debug] [Thread-3 (]: Began compiling node test.github_pulse.unique_fct_repo_lifecycle_lifecycle_sk.db238593cd
[0m13:51:51.123223 [debug] [Thread-3 (]: Writing injected SQL for node "test.github_pulse.unique_fct_repo_lifecycle_lifecycle_sk.db238593cd"
[0m13:51:51.124415 [debug] [Thread-3 (]: Began executing node test.github_pulse.unique_fct_repo_lifecycle_lifecycle_sk.db238593cd
[0m13:51:51.125754 [debug] [Thread-3 (]: Writing runtime sql for node "test.github_pulse.unique_fct_repo_lifecycle_lifecycle_sk.db238593cd"
[0m13:51:51.126187 [debug] [Thread-3 (]: On test.github_pulse.unique_fct_repo_lifecycle_lifecycle_sk.db238593cd: /* {"app": "dbt", "dbt_version": "1.11.11", "profile_name": "github_pulse", "target_name": "dev", "node_id": "test.github_pulse.unique_fct_repo_lifecycle_lifecycle_sk.db238593cd"} */

    
    select
      count(*) as failures,
      count(*) != 0 as should_warn,
      count(*) != 0 as should_error
    from (
      
    
  
    
    

with dbt_test__target as (

  select lifecycle_sk as unique_field
  from `github-pulse-jumpy`.`github_pulse_analytics_dev_marts`.`fct_repo_lifecycle`
  where lifecycle_sk is not null

)

select
    unique_field,
    count(*) as n_records

from dbt_test__target
group by unique_field
having count(*) > 1



  
  
      
    ) dbt_internal_test
[0m13:51:51.126376 [debug] [Thread-3 (]: Opening a new connection, currently in state closed
[0m13:51:51.179024 [info ] [Thread-2 (]: 16 of 18 PASS unique_fct_repo_engagement_event_id .............................. [[32mPASS[0m in 1.37s]
[0m13:51:51.179391 [debug] [Thread-2 (]: Finished running node test.github_pulse.unique_fct_repo_engagement_event_id.bfb43b4093
[0m13:51:51.937643 [debug] [Thread-1 (]: BigQuery adapter: https://console.cloud.google.com/bigquery?project=github-pulse-jumpy&j=bq:US:f9568d67-f261-4544-b6f9-2f5f39cb872a&page=queryresults
[0m13:51:52.110227 [debug] [Thread-3 (]: BigQuery adapter: https://console.cloud.google.com/bigquery?project=github-pulse-jumpy&j=bq:US:d9bd3920-a93e-47a7-9e34-d7a8f088bc1a&page=queryresults
[0m13:51:52.137915 [debug] [Thread-1 (]: SQL status: OK in 0.199 seconds
[0m13:51:52.345527 [debug] [Thread-3 (]: SQL status: OK in 0.234 seconds
[0m13:51:52.583165 [info ] [Thread-1 (]: 17 of 18 PASS unique_fct_repo_lifecycle_event_id ............................... [[32mPASS[0m in 1.57s]
[0m13:51:52.584633 [debug] [Thread-1 (]: Finished running node test.github_pulse.unique_fct_repo_lifecycle_event_id.1b85b8280b
[0m13:51:52.801769 [info ] [Thread-3 (]: 18 of 18 PASS unique_fct_repo_lifecycle_lifecycle_sk ........................... [[32mPASS[0m in 1.68s]
[0m13:51:52.802874 [debug] [Thread-3 (]: Finished running node test.github_pulse.unique_fct_repo_lifecycle_lifecycle_sk.db238593cd
[0m13:51:52.804936 [debug] [MainThread]: Opening a new connection, currently in state closed
[0m13:51:52.885862 [debug] [MainThread]: Connection 'master' was properly closed.
[0m13:51:52.886193 [debug] [MainThread]: Connection 'test.github_pulse.unique_fct_repo_lifecycle_event_id.1b85b8280b' was properly closed.
[0m13:51:52.886359 [debug] [MainThread]: Connection 'test.github_pulse.unique_fct_repo_engagement_event_id.bfb43b4093' was properly closed.
[0m13:51:52.886473 [debug] [MainThread]: Connection 'test.github_pulse.unique_fct_repo_lifecycle_lifecycle_sk.db238593cd' was properly closed.
[0m13:51:52.886571 [debug] [MainThread]: Connection 'test.github_pulse.unique_fct_pull_requests_event_id.ccd2c98422' was properly closed.
[0m13:51:52.886724 [info ] [MainThread]: 
[0m13:51:52.886853 [info ] [MainThread]: Finished running 18 data tests in 0 hours 0 minutes and 8.96 seconds (8.96s).
[0m13:51:52.887884 [debug] [MainThread]: Command end result
[0m13:51:52.909360 [debug] [MainThread]: Wrote artifact WritableManifest to /Users/perrikwong/Desktop/github_pulse/target/manifest.json
[0m13:51:52.910634 [debug] [MainThread]: Wrote artifact SemanticManifest to /Users/perrikwong/Desktop/github_pulse/target/semantic_manifest.json
[0m13:51:52.913747 [debug] [MainThread]: Wrote artifact RunExecutionResult to /Users/perrikwong/Desktop/github_pulse/target/run_results.json
[0m13:51:52.913884 [info ] [MainThread]: 
[0m13:51:52.914037 [info ] [MainThread]: [32mCompleted successfully[0m
[0m13:51:52.914153 [info ] [MainThread]: 
[0m13:51:52.914271 [info ] [MainThread]: Done. PASS=18 WARN=0 ERROR=0 SKIP=0 NO-OP=0 TOTAL=18
[0m13:51:52.914555 [debug] [MainThread]: Resource report: {"command_name": "test", "command_success": true, "command_wall_clock_time": 9.886889, "process_in_blocks": "0", "process_kernel_time": 0.339364, "process_mem_max_rss": "234864640", "process_out_blocks": "0", "process_user_time": 3.15369}
[0m13:51:52.914722 [debug] [MainThread]: Command `dbt test` succeeded at 13:51:52.914692 after 9.89 seconds
[0m13:51:52.914868 [debug] [MainThread]: Sending event: {'category': 'dbt', 'action': 'invocation', 'label': 'end', 'context': [<snowplow_tracker.self_describing_json.SelfDescribingJson object at 0x105890590>, <snowplow_tracker.self_describing_json.SelfDescribingJson object at 0x105873150>, <snowplow_tracker.self_describing_json.SelfDescribingJson object at 0x1059f6c90>]}
[0m13:51:52.915001 [debug] [MainThread]: Flushing usage events
[0m13:51:53.255671 [debug] [MainThread]: An error was encountered while trying to flush usage events
